idx,topic,group,perplexity,log_perplexity,token_count,source_file,database_id
1,,Whole Clean Corpus,31.554032779224844,3.4517014026641846,189,procon_corpus.jsonl#L1,24f0865b-9019-431b-ac19-98db9702abd0
2,,Whole Clean Corpus,38.592899318201425,3.6530683040618896,126,procon_corpus.jsonl#L1,c2bd9f86-b40b-45e4-be46-a6aee82118fe
3,,Whole Clean Corpus,18.78230514126392,2.932915210723877,220,procon_corpus.jsonl#L2,a71d44a7-4a99-4838-ac7c-924e9c57ae94
4,,Whole Clean Corpus,37.76096481734551,3.6312758922576904,177,procon_corpus.jsonl#L2,a448a776-1712-4b2b-a68a-6ce5309730dd
5,,Whole Clean Corpus,32.855035050448926,3.492105007171631,91,procon_corpus.jsonl#L3,7044b908-6923-4fb8-b7cf-d064c386fa5d
6,,Whole Clean Corpus,35.3271225257676,3.5646510124206543,164,procon_corpus.jsonl#L4,b9b2bc66-f8c6-4757-ab2f-de2dfd5c12ee
7,,Whole Clean Corpus,38.18620836732017,3.642474412918091,220,procon_corpus.jsonl#L5,3b8a2e0b-9c80-4a77-b81d-27fe38f54477
8,,Whole Clean Corpus,74.19490345864942,4.306695461273193,78,procon_corpus.jsonl#L5,969df02c-e729-45cf-be93-240198327f39
9,,Whole Clean Corpus,22.485817112557886,3.112884759902954,186,procon_corpus.jsonl#L6,2254e698-7f05-428b-ba69-5f99e871d060
10,,Whole Clean Corpus,38.323602145485076,3.6460659503936768,117,procon_corpus.jsonl#L6,616078a7-fb72-4b34-8a77-c5b0410e921e
11,,Whole Clean Corpus,26.95527369717332,3.2941789627075195,223,procon_corpus.jsonl#L7,9523db34-4c73-414b-b845-f54b653287f4
12,,Whole Clean Corpus,78.75814061111048,4.366381645202637,68,procon_corpus.jsonl#L7,1eec93b7-1d51-41b0-9a20-a3f9ceb6a889
13,,Whole Clean Corpus,31.03772232219861,3.4352033138275146,200,procon_corpus.jsonl#L8,23fa6534-0a9c-4137-bf5b-dd4ee5ee9199
14,,Whole Clean Corpus,23.241652280147918,3.1459460258483887,201,procon_corpus.jsonl#L9,adb2450d-60f1-4944-9194-b790643b3727
15,,Whole Clean Corpus,32.18894092030916,3.471622943878174,195,procon_corpus.jsonl#L9,638accf7-e17c-48d7-939b-c63a4f5aca90
16,,Whole Clean Corpus,74.81905035680586,4.315072536468506,51,procon_corpus.jsonl#L9,674311aa-5b6d-452c-90c8-cee94ba84182
17,,Whole Clean Corpus,15.55306813595248,2.744257926940918,177,procon_corpus.jsonl#L10,8126d7e2-953d-4ad2-acaf-011c914de19d
18,,Whole Clean Corpus,36.93334809504029,3.6091148853302,199,procon_corpus.jsonl#L11,b04e04c2-bbe5-4f9c-8034-2609c874ecdd
19,,Whole Clean Corpus,54.2915475717678,3.994368553161621,157,procon_corpus.jsonl#L11,2471044c-3d0e-478c-aa81-d8a0d83cbd08
20,,Whole Clean Corpus,30.56456371951334,3.4198412895202637,209,procon_corpus.jsonl#L12,5e10be9b-e8ca-4356-89a6-80993d66ccf8
21,,Whole Clean Corpus,34.28984227991716,3.534849166870117,211,procon_corpus.jsonl#L12,16a9b29d-3f3c-4b4a-9177-69c2a094be73
22,,Whole Clean Corpus,21.63411442897304,3.0742714405059814,210,procon_corpus.jsonl#L13,6c35246f-0c9b-4982-b510-92d27d60e27d
23,,Whole Clean Corpus,26.299341114379168,3.2695438861846924,201,procon_corpus.jsonl#L14,8bcd025b-5d50-4ad5-bf25-27e1a5df5b47
24,,Whole Clean Corpus,113.20343783573779,4.729186534881592,51,procon_corpus.jsonl#L14,de687881-c834-430f-b22e-357baee084ca
25,,Whole Clean Corpus,21.037481001382737,3.0463056564331055,235,procon_corpus.jsonl#L15,093aee75-c3bd-4c85-acc2-5fe1e9e6dcf3
26,,Whole Clean Corpus,50.03101905636408,3.9126431941986084,93,procon_corpus.jsonl#L15,6a58fb2f-213b-4001-a408-d6f1dad84fd3
27,,Whole Clean Corpus,26.937400718160973,3.293515682220459,206,procon_corpus.jsonl#L16,5d2f3031-e89d-4bbc-b84c-73821287cf27
28,,Whole Clean Corpus,28.685934832273244,3.3564069271087646,172,procon_corpus.jsonl#L16,2f20f878-06b2-4792-93ba-84872b0c801b
29,,Whole Clean Corpus,17.720843653039026,2.874741554260254,140,procon_corpus.jsonl#L17,96d89719-a43f-4e48-a96c-b6d6057ad1fb
30,,Whole Clean Corpus,29.16031457100017,3.3728086948394775,182,procon_corpus.jsonl#L18,ad079cc7-1514-46c9-91de-698049168f52
31,,Whole Clean Corpus,16.921905900628538,2.828608989715576,200,procon_corpus.jsonl#L19,a5be8e78-874b-4afc-8177-2e1073bd3ec3
32,,Whole Clean Corpus,35.20675791718878,3.5612380504608154,92,procon_corpus.jsonl#L19,2aae59df-e9cb-44a3-9b90-aad2431a8e09
33,,Whole Clean Corpus,17.87062327658979,2.8831582069396973,109,procon_corpus.jsonl#L20,6a28575e-445a-4e45-bb99-9e71e19d92f2
34,,Whole Clean Corpus,12.092672924086354,2.4925997257232666,75,procon_corpus.jsonl#L21,b142d037-ed17-420e-935e-3c8956bd60fc
35,,Whole Clean Corpus,23.572851546932796,3.160095691680908,80,procon_corpus.jsonl#L22,8d38800b-46f0-4be9-8e8e-0241d99479ad
36,,Whole Clean Corpus,34.62049172345074,3.544445753097534,105,procon_corpus.jsonl#L23,bf9d7e96-1011-4988-bd99-17b5aba9d5d1
37,,Whole Clean Corpus,160.43164833186262,5.0778679847717285,33,procon_corpus.jsonl#L24,5c4d423c-f6c7-4ff1-9ae2-f4afc57fa255
38,,Whole Clean Corpus,18.009646410050014,2.8909075260162354,92,procon_corpus.jsonl#L25,113504b9-f00a-441c-bdfa-6b8ec9802fad
39,,Whole Clean Corpus,31.64973562440509,3.4547297954559326,24,procon_corpus.jsonl#L26,f9c98677-2e34-4109-8144-ce19fcdcd3bb
40,,Whole Clean Corpus,12.69827599868002,2.541466236114502,79,procon_corpus.jsonl#L27,a4865a4d-fd65-4b9f-b77a-5a5387e427ce
41,,Whole Clean Corpus,27.509694748390668,3.3145384788513184,63,procon_corpus.jsonl#L28,16b209dd-74f1-4279-a827-79670b4eb9b6
42,,Whole Clean Corpus,33.9664401255356,3.5253729820251465,45,procon_corpus.jsonl#L29,6075384e-97f3-4bce-88a8-1e1a2a6327f2
43,,Whole Clean Corpus,45.818326044579514,3.8246841430664062,56,procon_corpus.jsonl#L30,3de1fd5f-bbc3-4896-8b45-e6add5367654
44,,Whole Clean Corpus,138.67230716838142,4.9321136474609375,47,procon_corpus.jsonl#L31,453d0e31-d59d-4c03-b369-5fa069c00df7
45,,Whole Clean Corpus,38.64456216044232,3.6544060707092285,52,procon_corpus.jsonl#L32,98d35a52-6989-45a0-a319-ce50fa21a107
46,,Whole Clean Corpus,40.398732796223,3.698798418045044,47,procon_corpus.jsonl#L33,44268047-8881-4a7d-8fb6-db427eeb799f
47,,Whole Clean Corpus,40.42507474496987,3.6994502544403076,104,procon_corpus.jsonl#L34,4b62535b-01b5-4ab8-8303-94544ca9ca99
48,,Whole Clean Corpus,28.21648031754995,3.3399062156677246,90,procon_corpus.jsonl#L35,ec37bc81-7dbf-423a-b789-342cfbd36a68
49,,Whole Clean Corpus,57.47182361523425,4.051294803619385,84,procon_corpus.jsonl#L36,8a136b78-bb00-47f8-a3f1-e4b2aa7b2fec
50,,Whole Clean Corpus,77.47461339252575,4.349950313568115,34,procon_corpus.jsonl#L37,7e8e1d29-5a96-4c17-a796-b5b8d43a4f79
51,,Whole Clean Corpus,24.2634890340948,3.1889727115631104,50,procon_corpus.jsonl#L38,c6c370b4-7404-4aa0-a037-316a84e6f1e4
52,,Whole Clean Corpus,49.90032441142416,3.910027503967285,64,procon_corpus.jsonl#L39,e5a64c4a-f9f8-4894-8269-af242a22e912
53,,Whole Clean Corpus,44.24091162612447,3.7896499633789062,28,procon_corpus.jsonl#L40,1b70e6c3-a7e0-49b4-9d47-010ab197b287
54,,Whole Clean Corpus,37.89261835179064,3.634756326675415,103,procon_corpus.jsonl#L41,26d94b3a-fc39-4cc5-b6e8-a33c74edf7c3
55,,Whole Clean Corpus,48.57598914416199,3.883129358291626,26,procon_corpus.jsonl#L42,743ee4f4-c764-45de-9241-f779cf8c1ede
56,,Whole Clean Corpus,47.82841846072796,3.8676199913024902,82,procon_corpus.jsonl#L43,c324e76b-80de-4994-8f55-10ad403efeec
57,,Whole Clean Corpus,59.91951945113522,4.0930023193359375,150,procon_corpus.jsonl#L44,7f1b7808-fa05-4d64-9f4a-1bd9f7e7ee2a
58,,Whole Clean Corpus,47.902322516729825,3.869163990020752,86,procon_corpus.jsonl#L45,d711973c-6cac-49e6-9c41-a93fd2b6af4f
59,,Whole Clean Corpus,121.87398188646128,4.802987575531006,37,procon_corpus.jsonl#L46,87da235c-6a54-4677-92be-e43f503103bb
60,,Whole Clean Corpus,30.8695490769574,3.4297702312469482,166,procon_corpus.jsonl#L47,883faa0a-f12e-4c6c-8a28-bf53a3d75778
61,,Whole Clean Corpus,70.14466882189613,4.2505598068237305,67,procon_corpus.jsonl#L48,517a07e9-57cb-4923-8c7d-ad20d173a8f6
62,,Whole Clean Corpus,45.780512052280706,3.8238584995269775,72,procon_corpus.jsonl#L49,4633fe7b-5bce-47b3-b9f1-5a92c8b0ee99
63,,Whole Clean Corpus,22.24813545696334,3.1022582054138184,68,procon_corpus.jsonl#L50,66f6bb35-ec58-4f85-9b52-75573249e462
64,,Whole Clean Corpus,24.41805921789281,3.1953229904174805,52,procon_corpus.jsonl#L51,48794593-a0fe-481d-805d-714942ba3199
65,,Whole Clean Corpus,21.228883876969014,3.0553627014160156,49,procon_corpus.jsonl#L52,71d5cb95-77e8-4e7d-97de-879a655dc9bb
66,,Whole Clean Corpus,38.86063278782226,3.6599817276000977,61,procon_corpus.jsonl#L53,2a3d3198-5a63-46dd-bcf1-1ddf1c79ef08
67,,Whole Clean Corpus,20.997178169243107,3.0443880558013916,57,procon_corpus.jsonl#L54,4ec5e613-0715-430a-b104-e963a5ed258a
68,,Whole Clean Corpus,34.30374316712796,3.53525447845459,77,procon_corpus.jsonl#L55,3759f2fd-fc24-46e7-9613-66ccd6e458a2
69,,Whole Clean Corpus,19.866495164568025,2.989034652709961,76,procon_corpus.jsonl#L56,3d2499d8-67bb-4ecc-ab31-88c994c9b417
70,,Whole Clean Corpus,25.793845026189988,3.250135898590088,27,procon_corpus.jsonl#L57,ab526f05-332f-46fa-b06b-d8fd15e140a5
71,,Whole Clean Corpus,37.773453926127615,3.6316065788269043,174,procon_corpus.jsonl#L58,b7e92c3c-9e90-4e92-bb92-a19054ca9ce8
72,,Whole Clean Corpus,74.30745822754585,4.308211326599121,15,procon_corpus.jsonl#L59,f7033342-cd88-4c8f-99a0-0b6e29b6d8df
73,,Whole Clean Corpus,10.984184659733563,2.396456480026245,56,procon_corpus.jsonl#L60,4292382f-7c0a-43cd-a8d2-1f5b7fa64639
74,,Whole Clean Corpus,32.26407683978034,3.473954439163208,96,procon_corpus.jsonl#L61,b9ea325f-b964-45b6-8246-698b29de24ec
75,,Whole Clean Corpus,42.65441025611194,3.7531306743621826,28,procon_corpus.jsonl#L62,8caff445-aae9-494f-8228-a4e7fde979a2
76,,Whole Clean Corpus,110.7257609668345,4.707056522369385,57,procon_corpus.jsonl#L63,d9750c2e-b079-4a28-94f6-281fcf3bbbfc
77,,Whole Clean Corpus,12.05158637328088,2.489196300506592,131,procon_corpus.jsonl#L64,06d1928c-655d-4a82-9cad-86316a815287
78,,Whole Clean Corpus,20.048448699732017,2.9981517791748047,124,procon_corpus.jsonl#L65,6e8df946-8d7f-4880-8f86-b448499d25d3
79,,Whole Clean Corpus,28.337737933921492,3.3441944122314453,57,procon_corpus.jsonl#L66,f4f178e6-f851-47bc-926c-ae01dc80f06a
80,,Whole Clean Corpus,38.17792435160485,3.6422574520111084,139,procon_corpus.jsonl#L67,2f6cca9e-8cb4-439b-ae47-13c0cc926edd
81,,Whole Clean Corpus,33.7858616105657,3.5200424194335938,87,procon_corpus.jsonl#L68,f896ddd4-0fcc-4021-a5a2-b5882afbba0d
82,,Whole Clean Corpus,15.576019902757025,2.745732545852661,65,procon_corpus.jsonl#L69,5f09068c-51b0-43ce-b216-26c9e9bf6359
83,,Whole Clean Corpus,22.16836847864899,3.0986664295196533,116,procon_corpus.jsonl#L70,dc9d8cce-ebc5-451f-b2a8-13c17f7100e6
84,,Whole Clean Corpus,69.46299618753103,4.2407941818237305,55,procon_corpus.jsonl#L71,8a3f93bd-d1fe-4942-a921-986344e14d61
85,,Whole Clean Corpus,49.632822414379845,3.9046523571014404,74,procon_corpus.jsonl#L72,dabd5ec8-b1ed-4c28-9ce9-1537acf458c3
86,,Whole Clean Corpus,52.88989850557508,3.968212366104126,46,procon_corpus.jsonl#L73,7d6c2bd8-ba84-4229-8688-7d2d31a0ca6b
87,,Whole Clean Corpus,60.16361893168467,4.097067832946777,75,procon_corpus.jsonl#L74,5893053f-8156-4565-bc0f-e5b679928257
88,,Whole Clean Corpus,54.37635885856845,3.995929479598999,47,procon_corpus.jsonl#L75,6246e410-2761-41a0-a5c8-9c47223406e1
89,,Whole Clean Corpus,49.93020713537873,3.910626173019409,120,procon_corpus.jsonl#L76,47a3c00d-e72f-468f-83f3-97a3c6fc786c
90,,Whole Clean Corpus,68.98325752343544,4.233863830566406,33,procon_corpus.jsonl#L77,b3001344-0ad4-4722-bf9c-71074acdf2cf
91,,Whole Clean Corpus,58.09221988822639,4.0620317459106445,67,procon_corpus.jsonl#L78,7e8e4f11-e6db-4ae4-af20-49a908c3cfa4
92,,Whole Clean Corpus,25.09092644867969,3.222506284713745,74,procon_corpus.jsonl#L79,60a3a141-ce4d-4dcf-b495-212e643e2634
93,,Whole Clean Corpus,27.055541758671673,3.297891855239868,41,procon_corpus.jsonl#L80,a4862882-b3c4-4e9b-af9c-f5f001fab09a
94,,Whole Clean Corpus,50.43639047876253,3.920712947845459,88,procon_corpus.jsonl#L81,04f73ac0-04ed-43f7-9f79-b0a8714d85e6
95,,Whole Clean Corpus,29.76275018871766,3.3932576179504395,53,procon_corpus.jsonl#L82,4f64c7a9-ba53-4bd6-ab76-97820e67d4b0
96,,Whole Clean Corpus,37.43140119744753,3.6225099563598633,55,procon_corpus.jsonl#L83,e48cb4b8-281c-4331-9cb8-6cab3de1b122
97,,Whole Clean Corpus,32.18454376565994,3.4714863300323486,83,procon_corpus.jsonl#L84,e4948fc5-5918-48f7-9675-4e2efcf4d2df
98,,Whole Clean Corpus,57.10155081583191,4.044831275939941,83,procon_corpus.jsonl#L85,0304ac8a-3e2f-4348-839c-0fa769f0d1a8
99,,Whole Clean Corpus,60.07137093976806,4.09553337097168,86,procon_corpus.jsonl#L86,39ea1f02-a4a8-499c-8f33-66f0824b8581
100,,Whole Clean Corpus,59.38768579265753,4.084086894989014,31,procon_corpus.jsonl#L87,370dc65d-bc77-4bb3-9330-8db4573e1685
101,,Whole Clean Corpus,58.915637531149464,4.076106548309326,34,procon_corpus.jsonl#L88,e2ee654e-33ed-4d40-8931-fe774ea9484f
102,,Whole Clean Corpus,194.05122996704046,5.26812219619751,42,procon_corpus.jsonl#L89,cc583e4f-a150-4e17-99f3-bfa83cc76f5a
103,,Whole Clean Corpus,115.52609786292888,4.7494964599609375,52,procon_corpus.jsonl#L90,7af63b07-545a-4bbb-afb6-97ec4585b5a8
104,,Whole Clean Corpus,47.30722293812918,3.8566629886627197,65,procon_corpus.jsonl#L91,a8ed1669-5d8e-4aaa-ba6a-166e9add7b11
105,,Whole Clean Corpus,84.61889259793496,4.438157558441162,102,procon_corpus.jsonl#L92,1d6761fe-09a6-4d45-a87b-80964c571b29
106,,Whole Clean Corpus,47.11343177164519,3.852558135986328,83,procon_corpus.jsonl#L93,290f80a7-1c0b-47a8-964b-9fb3d5e64b91
107,,Whole Clean Corpus,40.59853627843091,3.7037320137023926,55,procon_corpus.jsonl#L94,3efe7d08-f658-45da-990d-50b137f1c5a8
108,,Whole Clean Corpus,74.86048224464994,4.31562614440918,56,procon_corpus.jsonl#L95,4df9f061-9597-42a2-bbf9-ff10234caf2a
109,,Whole Clean Corpus,68.41852592385747,4.225643634796143,111,procon_corpus.jsonl#L96,4b6161c6-15de-467d-b6e9-c62e2a353c33
110,,Whole Clean Corpus,47.10534490919511,3.852386474609375,105,procon_corpus.jsonl#L97,6ffd0250-7311-422d-ae68-79cc8d00e5aa
111,,Whole Clean Corpus,51.78624022211876,3.947124481201172,86,procon_corpus.jsonl#L98,647096b2-88b5-4bee-8220-3f892508b03f
112,,Whole Clean Corpus,25.713746398562286,3.247025728225708,61,procon_corpus.jsonl#L99,9863d2bd-b8de-4b02-bd93-435bd68fed9f
113,,Whole Clean Corpus,54.705282531738234,4.001960277557373,57,procon_corpus.jsonl#L100,95df7f7b-3981-454e-a204-96392477326b
114,,Whole Clean Corpus,54.37870545369334,3.9959726333618164,64,procon_corpus.jsonl#L101,1c15bf58-af14-40c1-9d8c-44256603efd0
115,,Whole Clean Corpus,139.14789193311722,4.935537338256836,42,procon_corpus.jsonl#L102,86566c9a-58d0-4947-9a92-40fa993ad2e7
116,,Whole Clean Corpus,40.395015089225396,3.6987063884735107,40,procon_corpus.jsonl#L103,39e58ecb-46a5-498a-899d-5890f17d6654
117,,Whole Clean Corpus,52.68024623320614,3.964240550994873,56,procon_corpus.jsonl#L104,de422bbd-f263-4c80-9e5a-0e90b71bc699
118,,Whole Clean Corpus,87.82440406876181,4.475339412689209,64,procon_corpus.jsonl#L105,dbf7560e-3a42-4691-ae03-1448fab34228
119,,Whole Clean Corpus,55.17234366953852,4.010461807250977,54,procon_corpus.jsonl#L106,3b5ac026-8e40-420c-9c6c-adabe38e7543
120,,Whole Clean Corpus,30.4309840580471,3.415461301803589,85,procon_corpus.jsonl#L107,a7be6aeb-31e3-4e87-a69e-6e7a607e6d22
121,,Whole Clean Corpus,74.58189285834302,4.3118977546691895,64,procon_corpus.jsonl#L108,0c7c2e93-a00d-4689-9865-394c8f70ab5b
122,,Whole Clean Corpus,60.9227545498337,4.109606742858887,25,procon_corpus.jsonl#L109,a757c25a-c7a8-4934-83b7-0977903eab29
123,,Whole Clean Corpus,31.40798046420941,3.4470620155334473,59,procon_corpus.jsonl#L110,7d4ff340-4f0d-48fd-b18d-6c4e4e85e0af
124,,Whole Clean Corpus,40.72064182891314,3.706735134124756,39,procon_corpus.jsonl#L111,9f07972d-20a8-4d44-b6c5-e6b9eb7a6d5f
125,,Whole Clean Corpus,39.047010265256134,3.664766311645508,158,procon_corpus.jsonl#L112,1514e049-205c-451d-b3d1-7ba2c6f405cd
126,,Whole Clean Corpus,55.20434374586506,4.011041641235352,52,procon_corpus.jsonl#L113,17a3dacd-2751-4c11-b435-424219f9f4b1
127,,Whole Clean Corpus,55.85736563268049,4.022801399230957,43,procon_corpus.jsonl#L114,f9c14b86-2fce-451f-a1c2-2ca142af43f1
128,,Whole Clean Corpus,39.6300190286374,3.679586887359619,20,procon_corpus.jsonl#L115,acf3684a-9923-433d-acae-747c9df25641
129,,Whole Clean Corpus,46.99801118699988,3.8501052856445312,80,procon_corpus.jsonl#L116,bd418447-239d-4cb4-9c54-eba942f8a9d0
130,,Whole Clean Corpus,86.82986540753765,4.4639506340026855,90,procon_corpus.jsonl#L117,357b33da-dd64-4479-abe0-690d315acf01
131,,Whole Clean Corpus,38.179717552032415,3.6423044204711914,64,procon_corpus.jsonl#L118,8335990a-c1ee-4ce9-a23a-dcddf619d2c7
132,,Whole Clean Corpus,108.86247747122577,4.690085411071777,72,procon_corpus.jsonl#L119,d83f08ec-3bc5-4491-935e-76d15091a042
133,,Whole Clean Corpus,177.93120044320852,5.181396961212158,89,procon_corpus.jsonl#L120,640ebd79-b3f8-4bbe-bcb7-7a8d077d6d59
134,,Whole Clean Corpus,43.75559663976476,3.7786195278167725,83,procon_corpus.jsonl#L121,3ec80edc-7e33-4695-881d-507250cc77b4
135,,Whole Clean Corpus,33.61126724034367,3.5148613452911377,79,procon_corpus.jsonl#L122,cd2ffdb3-6538-44f6-8bf6-dbb6d627615a
136,,Whole Clean Corpus,43.578027222293066,3.774553060531616,101,procon_corpus.jsonl#L123,9e3041b1-2b70-4588-8f4e-96b4b380bc7a
137,,Whole Clean Corpus,20.89390147983379,3.039457321166992,117,procon_corpus.jsonl#L124,bd0285d1-1643-4738-897b-2aa5108e3b37
138,,Whole Clean Corpus,39.90913380323849,3.686605215072632,82,procon_corpus.jsonl#L125,1eb5e082-d757-4d0b-ae32-88b4948664af
139,,Whole Clean Corpus,82.16685234336765,4.408751964569092,94,procon_corpus.jsonl#L126,318362bb-d4bc-43d4-ab9a-1fe318e577d2
140,,Whole Clean Corpus,68.02448448330136,4.219867706298828,64,procon_corpus.jsonl#L127,fe726b63-b48e-460e-ba4f-6d8a038745b8
141,,Whole Clean Corpus,37.12005680701403,3.6141574382781982,87,procon_corpus.jsonl#L128,d039c966-3a67-4145-8484-c980e4214a89
142,,Whole Clean Corpus,91.96837771880622,4.521444797515869,82,procon_corpus.jsonl#L129,32853734-5319-4ca3-9f79-7a3d9f690b95
143,,Whole Clean Corpus,72.45413486843691,4.28295373916626,40,procon_corpus.jsonl#L130,25f8d28e-6106-403e-89b7-33edc2fc11fc
144,,Whole Clean Corpus,142.80501105138305,4.961480140686035,56,procon_corpus.jsonl#L131,2da0049a-a60f-4703-aed2-962abd9a77b5
145,,Whole Clean Corpus,57.91896265480314,4.05904483795166,66,procon_corpus.jsonl#L132,009861a0-3b79-470d-8e93-26ef530af19f
146,,Whole Clean Corpus,55.80569127193317,4.021875858306885,56,procon_corpus.jsonl#L133,0135104b-880c-4f93-8279-7a9fa51aab13
147,,Whole Clean Corpus,24.08833378014004,3.181727647781372,37,procon_corpus.jsonl#L134,dff9e891-8930-467a-960e-b4dfced86a44
148,,Whole Clean Corpus,36.468405234244564,3.5964462757110596,74,procon_corpus.jsonl#L135,538a6d42-9e1f-4578-a844-2ac05a7aa4b1
149,,Whole Clean Corpus,50.24281213324112,3.91686749458313,85,procon_corpus.jsonl#L136,b76badf6-e140-42c0-a216-64c250963997
150,,Whole Clean Corpus,55.039253300479295,4.008046627044678,118,procon_corpus.jsonl#L137,d567e5d3-bb45-4d26-920c-ae1e17be8b82
151,,Whole Clean Corpus,83.62762922297647,4.4263739585876465,25,procon_corpus.jsonl#L138,b2b21bd2-d3ca-4e76-b208-289f0d2f1fd2
152,,Whole Clean Corpus,65.51777949387629,4.182321548461914,57,procon_corpus.jsonl#L139,a01722a1-a2b6-4e23-adfc-a5c287dd64a7
153,,Whole Clean Corpus,49.14578702576429,3.8947911262512207,64,procon_corpus.jsonl#L140,c70b7a9b-5dde-4ebc-9f8d-3a3b6f685e7e
154,,Whole Clean Corpus,51.841707045553335,3.948194980621338,81,procon_corpus.jsonl#L141,def54b0e-1938-43f8-a50b-d993c126a13a
155,,Whole Clean Corpus,9.689162711418241,2.271008014678955,102,procon_corpus.jsonl#L142,bf1dc61f-d62c-4945-8ea1-5a6fd2e86c8c
156,,Whole Clean Corpus,63.30522159491613,4.14796781539917,51,procon_corpus.jsonl#L143,c75ae0e9-d0cb-41bc-b2ca-e380948e1667
157,,Whole Clean Corpus,93.03951645891036,4.533024311065674,44,procon_corpus.jsonl#L144,6cd31294-3931-4495-b8a7-a4bec5627846
158,,Whole Clean Corpus,77.69432749146081,4.352782249450684,21,procon_corpus.jsonl#L145,344cf13a-28ca-48ea-a60c-7400c8915a67
159,,Whole Clean Corpus,21.530610156166286,3.0694756507873535,33,procon_corpus.jsonl#L146,809e55bd-0337-42bf-9e3e-cf58fc35ef25
160,,Whole Clean Corpus,47.719767091022106,3.8653457164764404,114,procon_corpus.jsonl#L147,6e85ee38-42cc-44f0-9f5c-8d7f7636800a
161,,Whole Clean Corpus,38.42955548133591,3.648826837539673,79,procon_corpus.jsonl#L148,6d0f9324-2766-4883-bb44-06f05236465d
162,,Whole Clean Corpus,92.00908318052971,4.521887302398682,72,procon_corpus.jsonl#L149,db125968-123c-4135-9c84-433f2d6aa3ce
163,,Whole Clean Corpus,23.65935309147884,3.1637585163116455,40,procon_corpus.jsonl#L150,a76082fc-80ed-4540-a4ac-51f1c3fae273
164,,Whole Clean Corpus,26.56431230154717,3.279568672180176,65,procon_corpus.jsonl#L151,8e70ecbe-bfbf-46ad-a3ac-5a6c669dac70
165,,Whole Clean Corpus,71.0850066857726,4.263876438140869,69,procon_corpus.jsonl#L152,612cce37-bef4-4781-bd57-a62152a9941a
166,,Whole Clean Corpus,34.773672041733526,3.548860549926758,143,procon_corpus.jsonl#L153,9aaa4ea0-c8d9-49f3-ac23-5aa00de58892
167,,Whole Clean Corpus,26.23743265848658,3.2671871185302734,89,procon_corpus.jsonl#L154,c0e83dcc-dfdf-4713-ad66-64f863f0ea2b
168,,Whole Clean Corpus,92.690092427043,4.529261589050293,55,procon_corpus.jsonl#L155,4c3cf6a8-0a07-471f-bab8-2188cbe66006
169,,Whole Clean Corpus,31.32235697130365,3.4443321228027344,74,procon_corpus.jsonl#L156,a7bee54f-f7fc-4b76-bcc2-0fe7b57a1b81
170,,Whole Clean Corpus,31.053058847158002,3.435697317123413,150,procon_corpus.jsonl#L157,7d8072db-3a86-4711-bc1a-d55f8913cc37
171,,Whole Clean Corpus,45.08792590695553,3.808614492416382,87,procon_corpus.jsonl#L158,46316dba-7954-4a17-a364-54735b83eea2
172,,Whole Clean Corpus,16.782402349626594,2.820330858230591,70,procon_corpus.jsonl#L159,22d6a1ab-dfb4-4285-9625-a2a8538c2ca6
173,,Whole Clean Corpus,16.896346513483344,2.8270974159240723,52,procon_corpus.jsonl#L160,35a92252-9b2f-4f04-9136-45a053c53a23
174,,Whole Clean Corpus,52.86468464860373,3.967735528945923,67,procon_corpus.jsonl#L161,936a064c-b901-4afe-ad7f-94fd95a1c86e
175,,Whole Clean Corpus,48.24966034234213,3.8763887882232666,81,procon_corpus.jsonl#L162,4f8f42b1-2111-4f15-af24-1ecf117aac3b
176,,Whole Clean Corpus,78.63213247624346,4.364780426025391,55,procon_corpus.jsonl#L163,b716d40f-01af-4884-88dc-a00d317448da
177,,Whole Clean Corpus,89.40997473867407,4.493232250213623,35,procon_corpus.jsonl#L164,39a0ffae-874b-4963-a4dc-5fee7fc81a29
178,,Whole Clean Corpus,79.83777605405037,4.3799967765808105,109,procon_corpus.jsonl#L165,49c55ad9-bf4b-4ac1-a2c1-97021fafdf32
179,,Whole Clean Corpus,52.290315908450594,3.9568111896514893,101,procon_corpus.jsonl#L166,7ae29710-1306-4529-9ebc-d09aad4662d8
180,,Whole Clean Corpus,35.07589669279881,3.557514190673828,99,procon_corpus.jsonl#L167,700085a4-91f6-404b-9eed-3051a4d39670
181,,Whole Clean Corpus,27.880528531703824,3.3279285430908203,83,procon_corpus.jsonl#L168,981944ff-56c9-4be0-910e-322fbaea9ff2
182,,Whole Clean Corpus,63.55196088458753,4.151857852935791,71,procon_corpus.jsonl#L169,e8bedb3c-48b7-4a30-aeb0-02a80a2d914a
183,,Whole Clean Corpus,33.94728511559121,3.524808883666992,63,procon_corpus.jsonl#L170,d1169659-7476-4ea7-badc-e05c30051087
184,,Whole Clean Corpus,96.3340635503184,4.567821979522705,90,procon_corpus.jsonl#L171,be6ef5d8-91e9-4081-a81c-6ea5d61bd6b6
185,,Whole Clean Corpus,72.78663328044053,4.287532329559326,70,procon_corpus.jsonl#L172,d10e4a40-243a-46a8-ac8c-c9afdb614a1c
186,,Whole Clean Corpus,120.4641014414239,4.791351795196533,59,procon_corpus.jsonl#L173,2a3f0f29-adf8-4d0d-abf1-6fdb25abca51
187,,Whole Clean Corpus,46.179125912028,3.8325278759002686,146,procon_corpus.jsonl#L174,f8e9a3c6-fd72-4cd4-8ec5-2333855df204
188,,Whole Clean Corpus,63.15350631306456,4.145568370819092,221,procon_corpus.jsonl#L175,1d704da5-d852-44b1-925d-3c3ae5f95da8
189,,Whole Clean Corpus,64.5064803856281,4.1667656898498535,127,procon_corpus.jsonl#L176,92872b3c-c0de-407d-886f-78222ba3dccc
190,,Whole Clean Corpus,36.87910147037459,3.607645034790039,81,procon_corpus.jsonl#L177,9de144e1-c2d4-4ca2-becc-9ad7385dc330
191,,Whole Clean Corpus,132.0771385824417,4.883386135101318,60,procon_corpus.jsonl#L178,84476ff8-3d37-463f-882c-c7e5f6aee801
192,,Whole Clean Corpus,78.93778204686116,4.368659973144531,107,procon_corpus.jsonl#L179,cac3fe87-5f20-4956-8128-d8df9da81b78
193,,Whole Clean Corpus,105.4804330420524,4.658525466918945,50,procon_corpus.jsonl#L180,49bce226-5eb4-4c68-b7ad-477077c91e04
194,,Whole Clean Corpus,86.99874953778344,4.465893745422363,61,procon_corpus.jsonl#L181,e1e265d6-f551-4cc5-8160-b805fa5fb2f2
195,,Whole Clean Corpus,49.9959501504879,3.9119420051574707,154,procon_corpus.jsonl#L182,80fdd5e3-001f-41a7-a897-dbae5119825c
196,,Whole Clean Corpus,73.16756823796513,4.292752265930176,164,procon_corpus.jsonl#L183,bf5ace8d-845a-4d65-9de1-cc1706b7d000
197,,Whole Clean Corpus,117.63871368839212,4.767618179321289,116,procon_corpus.jsonl#L184,58854221-d0c1-48f5-a447-a2eea681497b
198,,Whole Clean Corpus,101.91244237573632,4.624114036560059,68,procon_corpus.jsonl#L185,d321871c-9488-4fdc-948c-5ff933bc67ce
199,,Whole Clean Corpus,32.112456354643086,3.4692440032958984,48,procon_corpus.jsonl#L186,c2c8c61b-af27-4a82-b863-cf9bf09bf581
200,,Whole Clean Corpus,40.78214339538845,3.7082443237304688,111,procon_corpus.jsonl#L187,ffb5663c-854b-4b00-a998-41152eb6c283
201,,Whole Clean Corpus,80.05491534828006,4.3827128410339355,84,procon_corpus.jsonl#L188,62846da5-ef41-47b1-b15c-073b45214e22
202,,Whole Clean Corpus,85.48581275932627,4.448350429534912,111,procon_corpus.jsonl#L189,557b47f7-aa3a-403d-9d72-51459535eb82
203,,Whole Clean Corpus,85.59912688554034,4.4496750831604,101,procon_corpus.jsonl#L190,ddb00a0a-8d59-40f1-a258-5af8ad3c6449
204,,Whole Clean Corpus,262.2241210822962,5.569199562072754,26,procon_corpus.jsonl#L191,33d17959-01e0-45e7-a65b-d82822546aa4
205,,Whole Clean Corpus,46.842818258681554,3.8467977046966553,115,procon_corpus.jsonl#L192,e241e66e-8ac4-4a26-a85c-5a273de58f62
206,,Whole Clean Corpus,260.91599413372063,5.5641984939575195,39,procon_corpus.jsonl#L193,62e07860-a60c-45ce-be4e-7d6673661e0c
207,,Whole Clean Corpus,37.79455161770951,3.63216495513916,95,procon_corpus.jsonl#L194,864c09d5-9c6b-432d-b4cd-c3dae6a807f6
208,,Whole Clean Corpus,63.729516789642915,4.1546478271484375,171,procon_corpus.jsonl#L195,842d7f07-f619-4a2d-b540-372be3e79c06
209,,Whole Clean Corpus,41.178057164915145,3.7179055213928223,116,procon_corpus.jsonl#L196,c628ae41-bdaf-4aef-9750-5c5e2fb3b58c
210,,Whole Clean Corpus,24.04498366591566,3.1799263954162598,210,procon_corpus.jsonl#L197,bf209327-818b-479e-8b4a-84ffc3053680
211,,Whole Clean Corpus,19.03218451268119,2.946131467819214,153,procon_corpus.jsonl#L198,f74f1400-88c4-4b6d-bbbd-9df77053803e
212,,Whole Clean Corpus,54.63635589844804,4.000699520111084,118,procon_corpus.jsonl#L198,51964775-e6b4-476c-ab2c-4be2261c713f
213,,Whole Clean Corpus,33.802338464224235,3.5205299854278564,177,procon_corpus.jsonl#L199,4ee9791f-a1fe-4263-8c7c-c1cf425bfff3
214,,Whole Clean Corpus,72.18181584884155,4.27918815612793,205,procon_corpus.jsonl#L200,0cbd18f2-8d33-416b-9bfd-16f125492594
215,,Whole Clean Corpus,158.46112883634942,5.06550931930542,63,procon_corpus.jsonl#L200,adb1f385-6bab-475d-a973-ac95c0dee9fb
216,,Whole Clean Corpus,42.132672446186305,3.74082350730896,208,procon_corpus.jsonl#L201,9168333a-4cc8-494d-bc19-2d41d3acce75
217,,Whole Clean Corpus,19.80358949251694,2.985863208770752,236,procon_corpus.jsonl#L202,5180f2bd-4435-421f-b2ea-dc26d4353d75
218,,Whole Clean Corpus,34.43102586787239,3.5389580726623535,88,procon_corpus.jsonl#L202,ddb352d8-0f36-4a79-9288-839ce438dabd
219,,Whole Clean Corpus,19.857928608413374,2.988603353500366,226,procon_corpus.jsonl#L203,0c537851-6467-48a4-ae0b-8754d55629d8
220,,Whole Clean Corpus,35.29837932427293,3.5638370513916016,189,procon_corpus.jsonl#L203,b2436ec8-ac89-4f33-8bad-689a9289c8b3
221,,Whole Clean Corpus,30.625012109751754,3.4218170642852783,242,procon_corpus.jsonl#L204,3060ce30-c6cf-4abb-ac86-4c120d5bde70
222,,Whole Clean Corpus,49.83004980276303,3.908618211746216,121,procon_corpus.jsonl#L204,cad10d37-e644-44d4-9099-5dd83a30b46a
223,,Whole Clean Corpus,34.051399459972636,3.5278711318969727,126,procon_corpus.jsonl#L205,08fe812b-46f9-4e91-8d8f-303c3deeeee2
224,,Whole Clean Corpus,59.28495117037712,4.082355499267578,197,procon_corpus.jsonl#L206,30f7bc60-88cf-4c1a-9206-1a472d99643e
225,,Whole Clean Corpus,38.18230282169549,3.6423721313476562,117,procon_corpus.jsonl#L207,61cb2b29-8bb1-46c7-b5ca-4e3590606ee2
226,,Whole Clean Corpus,29.814660014636722,3.3950002193450928,199,procon_corpus.jsonl#L208,92c12efa-3d86-42f7-a823-6abd1a0e2bca
227,,Whole Clean Corpus,59.78002286291611,4.090671539306641,80,procon_corpus.jsonl#L208,2d701500-1d1f-43eb-afde-cd7ac3fd10f6
228,,Whole Clean Corpus,15.363892901164258,2.732020139694214,137,procon_corpus.jsonl#L209,2752a152-bc25-4daa-9748-38880d729fbc
229,,Whole Clean Corpus,34.60872327990875,3.5441057682037354,66,procon_corpus.jsonl#L210,e117a35d-ee13-49c9-bc5c-488b754a93a8
230,,Whole Clean Corpus,44.568872712549,3.7970356941223145,99,procon_corpus.jsonl#L211,d6680311-7393-4c35-9d77-2773f204407e
231,,Whole Clean Corpus,12.66422899146121,2.5387814044952393,201,procon_corpus.jsonl#L212,8dad1280-51ad-4f2d-9fe1-24e9333b0d3b
232,,Whole Clean Corpus,21.515656922301837,3.0687808990478516,140,procon_corpus.jsonl#L213,f0dc47ed-57e3-4d27-a791-d8cb9ae4c2db
233,,Whole Clean Corpus,13.327171055461879,2.5898048877716064,106,procon_corpus.jsonl#L214,de4d9d9b-2520-4c17-8eaa-10c6872caf8d
234,,Whole Clean Corpus,13.888843231798166,2.6310858726501465,191,procon_corpus.jsonl#L215,c32f1fbc-88bc-4f2e-b46f-e57b67655b0c
235,,Whole Clean Corpus,37.714547328523814,3.6300458908081055,177,procon_corpus.jsonl#L216,f22134bf-887c-48ed-bbab-03c83a0e6ca4
236,,Whole Clean Corpus,21.73863456194854,3.0790910720825195,143,procon_corpus.jsonl#L217,4f6a9061-cb43-43c7-b2ee-d9ef83d26684
237,,Whole Clean Corpus,17.506749604591633,2.862586498260498,173,procon_corpus.jsonl#L218,348b708e-5d55-4269-a04d-18c819101929
238,,Whole Clean Corpus,14.985741753776074,2.707099199295044,50,procon_corpus.jsonl#L219,9691f129-ef12-4b0b-bcfd-a79f760a09ff
239,,Whole Clean Corpus,23.663132749015077,3.1639182567596436,178,procon_corpus.jsonl#L220,826d6a2c-773e-4674-bde4-9a7401edc919
240,,Whole Clean Corpus,12.924891003168295,2.559154987335205,142,procon_corpus.jsonl#L221,fa744b9d-6324-4fb6-ab39-5abfb38b4483
241,,Whole Clean Corpus,14.82143208862417,2.6960742473602295,197,procon_corpus.jsonl#L222,2279074a-c66d-4183-9d54-46e8df97aef6
242,,Whole Clean Corpus,20.658935462579265,3.0281479358673096,170,procon_corpus.jsonl#L223,a841d44a-f426-41e9-84a5-fcc797e5f1d7
243,,Whole Clean Corpus,12.551479687468994,2.5298385620117188,127,procon_corpus.jsonl#L224,c68a1b6c-de81-4787-a35e-d2bb38e756a3
244,,Whole Clean Corpus,42.13529432806718,3.7408857345581055,158,procon_corpus.jsonl#L225,0ef78fbb-83c7-4916-9e06-a8ebd8690504
245,,Whole Clean Corpus,20.586525203906056,3.024636745452881,188,procon_corpus.jsonl#L226,ba107f5f-2c41-4ad2-9588-d4b373189511
246,,Whole Clean Corpus,11.294387442593182,2.4243059158325195,162,procon_corpus.jsonl#L227,59d1cd24-4ed8-4a3b-8e93-04e1fc0b25bc
247,,Whole Clean Corpus,27.52968674086693,3.315264940261841,58,procon_corpus.jsonl#L228,b35f2f5b-164e-49fc-b179-c83b53fe7a08
248,,Whole Clean Corpus,17.784721881334097,2.8783397674560547,66,procon_corpus.jsonl#L229,82b03221-e083-47b4-bda8-c1c8bafdd3ba
249,,Whole Clean Corpus,14.877426670031037,2.6998450756073,224,procon_corpus.jsonl#L230,04d31fbd-a035-4059-b664-b613c853b45b
250,,Whole Clean Corpus,20.935997604585147,3.0414700508117676,160,procon_corpus.jsonl#L231,c664c0df-e1a9-44f4-b2ec-bfbd5b0b303a
251,,Whole Clean Corpus,29.28933602750902,3.377223491668701,154,procon_corpus.jsonl#L232,6279dcaa-d423-4ad7-a75a-10668493abf3
252,,Whole Clean Corpus,28.10351295325094,3.3358945846557617,124,procon_corpus.jsonl#L233,13d772a1-d5aa-4bbc-ad93-8d77b515b158
253,,Whole Clean Corpus,24.578823119359438,3.201885223388672,111,procon_corpus.jsonl#L234,06b8d1b3-9db5-4c08-a7ef-e4b2edbdfb68
254,,Whole Clean Corpus,17.937247990702183,2.8868794441223145,174,procon_corpus.jsonl#L235,2fc2f845-e313-4605-ab3b-66a48a357fa1
255,,Whole Clean Corpus,16.686257013626083,2.8145854473114014,189,procon_corpus.jsonl#L236,f98ba7c8-6e5f-447f-8f30-0f7c9540dd74
256,,Whole Clean Corpus,22.558264678051223,3.1161015033721924,179,procon_corpus.jsonl#L237,71534aeb-f225-40ee-8db4-bd32a4aecb4b
257,,Whole Clean Corpus,10.38935710744602,2.3407819271087646,181,procon_corpus.jsonl#L238,ff35503d-b14f-4b23-9fbd-963fd5e2234f
258,,Whole Clean Corpus,39.62910253155099,3.6795637607574463,191,procon_corpus.jsonl#L239,662f0003-573c-4b51-b492-ed0e6f6b7b2a
259,,Whole Clean Corpus,26.113299255554505,3.2624447345733643,189,procon_corpus.jsonl#L239,db64d50d-e016-45ea-ba19-403c578dfac1
260,,Whole Clean Corpus,42.18316982798529,3.742021322250366,47,procon_corpus.jsonl#L239,7bc4b13a-9dc7-43e8-9770-d3085c7459f3
261,,Whole Clean Corpus,36.13437074754241,3.5872445106506348,200,procon_corpus.jsonl#L240,a68d5ccc-5bab-4f5a-8d37-461b4f8cf4e5
262,,Whole Clean Corpus,22.54022229078117,3.1153013706207275,130,procon_corpus.jsonl#L240,bb47f7dc-99f1-44a3-8151-4a2556bc1dec
263,,Whole Clean Corpus,33.13049599563904,3.5004541873931885,193,procon_corpus.jsonl#L241,4570e71a-1f0d-4369-91e0-ebad6dc6801d
264,,Whole Clean Corpus,29.95009679772846,3.3995325565338135,87,procon_corpus.jsonl#L241,b90817b9-acd6-493f-8be6-6efd45ff8f46
265,,Whole Clean Corpus,27.397414470344028,3.31044864654541,146,procon_corpus.jsonl#L242,6cba0389-eecc-404a-915b-b70f2218e747
266,,Whole Clean Corpus,32.63863663343911,3.485496759414673,191,procon_corpus.jsonl#L243,a6733dbc-4df7-4741-b89d-9ebca5a014f1
267,,Whole Clean Corpus,20.270627486787152,3.0091729164123535,165,procon_corpus.jsonl#L243,642f6e79-62d8-43ae-a7af-4ccd0d48286d
268,,Whole Clean Corpus,21.29753050785513,3.05859112739563,193,procon_corpus.jsonl#L244,d52f361c-3330-476e-b4c7-c74bc55c5e47
269,,Whole Clean Corpus,27.652574604990598,3.319718837738037,91,procon_corpus.jsonl#L244,b5bd3dab-4583-4eaf-b786-5e02b2aad63e
270,,Whole Clean Corpus,31.60318913730334,3.4532580375671387,200,procon_corpus.jsonl#L245,1ffe37c2-df51-4806-aeda-b3ef2472c694
271,,Whole Clean Corpus,29.43779509123603,3.382279396057129,126,procon_corpus.jsonl#L245,b6b98ac7-b3c0-4e9b-90ee-e21138f3beff
272,,Whole Clean Corpus,41.71075067004674,3.7307589054107666,135,procon_corpus.jsonl#L246,c2c3782e-193d-4b01-af6c-3125f773ed4e
273,,Whole Clean Corpus,28.456375233161015,3.348372220993042,199,procon_corpus.jsonl#L247,a661ba92-c09e-4947-88e1-0f0fb79e56f9
274,,Whole Clean Corpus,19.274135666382183,2.95876407623291,184,procon_corpus.jsonl#L247,41871f68-fcda-4c72-802f-513db8af3fb8
275,,Whole Clean Corpus,22.25705919453704,3.102659225463867,232,procon_corpus.jsonl#L248,e6d3b298-a54c-4be7-8e0f-7fd22a9c4410
276,,Whole Clean Corpus,24.323343550354732,3.191436529159546,91,procon_corpus.jsonl#L248,f7b969af-404c-4efb-8ade-23f87a16e65e
277,,Whole Clean Corpus,29.427500726773573,3.381929636001587,203,procon_corpus.jsonl#L249,a6a9449d-e4ef-44fb-98f0-44882d1dc397
278,,Whole Clean Corpus,32.80269583595252,3.4905107021331787,49,procon_corpus.jsonl#L249,b72f3be2-a0bc-409f-b413-cd11c68891a6
279,,Whole Clean Corpus,29.407511739437766,3.3812501430511475,223,procon_corpus.jsonl#L250,8d3e333d-415e-4473-bc2e-048b15dcf5d9
280,,Whole Clean Corpus,31.781374940306208,3.4588804244995117,124,procon_corpus.jsonl#L250,a661f42d-2afa-488b-9fe6-a301371508d5
281,,Whole Clean Corpus,25.708431687439557,3.246819019317627,189,procon_corpus.jsonl#L251,8fea0da9-a09b-41c5-b419-34a675b6685e
282,,Whole Clean Corpus,18.486550126624884,2.917043447494507,47,procon_corpus.jsonl#L251,771c221c-d432-4ba9-9e03-c4f0201f1319
283,,Whole Clean Corpus,41.36776660593526,3.7225019931793213,111,procon_corpus.jsonl#L252,a55b6ffb-4fa9-4c76-a000-783f6d338723
284,,Whole Clean Corpus,46.02290616401966,3.829139232635498,102,procon_corpus.jsonl#L253,c87d6723-e9bd-4efe-b58a-bf8c37117cc0
285,,Whole Clean Corpus,41.76664700859099,3.73209810256958,134,procon_corpus.jsonl#L254,274144d3-8144-4344-a752-8baddf61b528
286,,Whole Clean Corpus,40.026598711055556,3.689544200897217,158,procon_corpus.jsonl#L255,d77f715a-5a38-4d56-a3d9-634821fe045b
287,,Whole Clean Corpus,33.471505801006465,3.5106945037841797,41,procon_corpus.jsonl#L256,df885506-b9bf-4f53-a855-968b4d4ee900
288,,Whole Clean Corpus,17.91196561816208,2.8854689598083496,105,procon_corpus.jsonl#L257,d2f8d7d3-aba3-4400-9194-2b419f696ec5
289,,Whole Clean Corpus,26.31936337511946,3.2703049182891846,133,procon_corpus.jsonl#L258,547a36ae-ff72-4ffe-aae8-d6f36dd27a65
290,,Whole Clean Corpus,19.71107984451436,2.9811809062957764,75,procon_corpus.jsonl#L259,0bbb350c-d261-457e-a6d8-94edc55e4399
291,,Whole Clean Corpus,30.012843143091406,3.401625394821167,109,procon_corpus.jsonl#L260,7a799f39-1745-4222-bb1c-b80244938db8
292,,Whole Clean Corpus,18.17777423103396,2.9001996517181396,79,procon_corpus.jsonl#L261,36ff37d9-ec61-4f09-b518-de2c918a7427
293,,Whole Clean Corpus,23.594938055685837,3.161032199859619,50,procon_corpus.jsonl#L262,c8e31482-519a-4f78-8b39-43365634a08c
294,,Whole Clean Corpus,30.87282439464647,3.4298763275146484,87,procon_corpus.jsonl#L263,b7f7680c-239f-44ce-896c-606def86158a
295,,Whole Clean Corpus,18.392438351154322,2.9119396209716797,59,procon_corpus.jsonl#L264,7e8a75d6-9be6-4841-bcec-1a098973a7f1
296,,Whole Clean Corpus,27.333071041797723,3.3080973625183105,70,procon_corpus.jsonl#L265,3d54e5a8-be4d-4fb1-8fa4-82388e3ce9dc
297,,Whole Clean Corpus,47.21936288108653,3.854804039001465,64,procon_corpus.jsonl#L266,651f26cb-a991-4515-8987-2549eb4bb03d
298,,Whole Clean Corpus,35.368704295867424,3.5658273696899414,107,procon_corpus.jsonl#L267,273c165d-96e7-4d35-a367-23b1b0a6e2d2
299,,Whole Clean Corpus,60.073118265150526,4.09556245803833,60,procon_corpus.jsonl#L268,4a0681c1-4f66-4f83-8180-d53dc81823f9
300,,Whole Clean Corpus,55.05274476097437,4.008291721343994,65,procon_corpus.jsonl#L269,ab66c969-e053-43bd-836a-aca93a9d9721
301,,Whole Clean Corpus,20.529893781321086,3.0218820571899414,137,procon_corpus.jsonl#L270,5c7c36d4-f777-478a-a15b-0dae4715a821
302,,Whole Clean Corpus,21.37409266347979,3.0621795654296875,208,procon_corpus.jsonl#L271,4a26725f-8596-4521-8589-d45342d29e47
303,,Whole Clean Corpus,28.083291725128177,3.335174798965454,193,procon_corpus.jsonl#L271,35df9de4-5c5d-4cff-b968-bf8d7c880201
304,,Whole Clean Corpus,20.468098282105693,3.0188674926757812,149,procon_corpus.jsonl#L272,c85ae45b-6f2f-47d0-84d9-fdfbc9df248c
305,,Whole Clean Corpus,28.093598111180317,3.3355417251586914,215,procon_corpus.jsonl#L273,944af626-6d76-4ee0-b086-386817bafa47
306,,Whole Clean Corpus,32.6529969494794,3.4859366416931152,183,procon_corpus.jsonl#L273,3b46ba69-10ef-42d3-9982-6daf38802815
307,,Whole Clean Corpus,100.8639792537649,4.613772869110107,78,procon_corpus.jsonl#L273,8a1994c8-b21e-4465-80ec-ea5853d06570
308,,Whole Clean Corpus,30.589926265773787,3.420670747756958,189,procon_corpus.jsonl#L274,f2e82e84-1291-4e96-87af-96fe7308d8f7
309,,Whole Clean Corpus,99.09654810694069,4.596094608306885,69,procon_corpus.jsonl#L274,133bd45a-1a21-422c-873c-02ed937a227d
310,,Whole Clean Corpus,19.67862842798827,2.9795331954956055,202,procon_corpus.jsonl#L275,e2e9ad6b-1b71-410d-abf5-b948dc1810a6
311,,Whole Clean Corpus,30.476530681365457,3.416956901550293,197,procon_corpus.jsonl#L275,ad420ca7-4965-4f85-9296-6faa3f0f8361
312,,Whole Clean Corpus,23.6474257448775,3.1632542610168457,193,procon_corpus.jsonl#L276,0451cf7f-3319-4393-bb81-6fa3851fa60b
313,,Whole Clean Corpus,32.48720777825586,3.480846405029297,127,procon_corpus.jsonl#L276,b9a6024a-248b-4b4b-9349-bf9669723dc4
314,,Whole Clean Corpus,36.414832822120836,3.5949761867523193,123,procon_corpus.jsonl#L277,9dcbffe4-9ad6-4c84-9bb1-5905fc78bd85
315,,Whole Clean Corpus,37.80919720495117,3.6325523853302,190,procon_corpus.jsonl#L278,db917650-4da1-43f8-96f7-cf2b6a125134
316,,Whole Clean Corpus,78.32983269374355,4.360928535461426,67,procon_corpus.jsonl#L278,436bb54a-7080-4346-89a5-fe43b2f5377f
317,,Whole Clean Corpus,49.047811277576635,3.8927955627441406,220,procon_corpus.jsonl#L279,a6debe4a-4c21-4be5-a81e-8900f7b918f7
318,,Whole Clean Corpus,56.45005075603055,4.033356189727783,66,procon_corpus.jsonl#L279,46006620-c9b6-48ff-ab2f-40b9c5895398
319,,Whole Clean Corpus,15.151146855078501,2.718076229095459,212,procon_corpus.jsonl#L280,614ffeca-b0ec-493f-9b62-999728fa942c
320,,Whole Clean Corpus,38.88497982104242,3.6606080532073975,63,procon_corpus.jsonl#L280,1fa9e77d-91ff-436b-894d-5682757a2daf
321,,Whole Clean Corpus,40.990488173531666,3.7133400440216064,74,procon_corpus.jsonl#L280,35e5232e-32f0-435d-85ae-a1c1de859b0f
322,,Whole Clean Corpus,17.962501809765964,2.8882863521575928,215,procon_corpus.jsonl#L281,bf893e08-c2bb-44ea-a839-68084c87bd4b
323,,Whole Clean Corpus,33.473229574824245,3.5107460021972656,134,procon_corpus.jsonl#L281,1e35cac9-9cae-43ad-aa7c-c6ac54b0a267
324,,Whole Clean Corpus,27.419802424893962,3.311265468597412,182,procon_corpus.jsonl#L282,e0857e9b-862b-4581-9478-d26123bdf808
325,,Whole Clean Corpus,36.61078938731712,3.6003429889678955,192,procon_corpus.jsonl#L282,7f1b6496-6442-469a-b8ba-7da3e51905fd
326,,Whole Clean Corpus,59.707976317575934,4.089465618133545,58,procon_corpus.jsonl#L282,a58706f5-4de9-4f1e-a3b4-4eaed5314e0a
327,,Whole Clean Corpus,36.32970156219815,3.5926356315612793,216,procon_corpus.jsonl#L283,a5cf005c-0ada-4070-9a5b-edd9e2737190
328,,Whole Clean Corpus,59.25877960701014,4.081913948059082,79,procon_corpus.jsonl#L283,b7272a57-3e55-4646-a9e4-fd6248b534bf
329,,Whole Clean Corpus,19.90478907024277,2.9909603595733643,225,procon_corpus.jsonl#L284,8b368413-d8d9-45ab-a700-87ad082d6fc7
330,,Whole Clean Corpus,23.706156158017144,3.1657347679138184,174,procon_corpus.jsonl#L285,e11a0fd9-c000-4e9f-8f96-47e2b9a5498c
331,,Whole Clean Corpus,25.144080172440248,3.2246224880218506,206,procon_corpus.jsonl#L286,34102645-b966-4564-9b47-9e60ce624cfb
332,,Whole Clean Corpus,26.487554624994555,3.27667498588562,209,procon_corpus.jsonl#L286,34bd6aaf-f4e7-4baa-aa1d-6e7971d50103
333,,Whole Clean Corpus,28.903319537632733,3.3639564514160156,207,procon_corpus.jsonl#L287,e4d0ec70-efb3-40a1-8db7-0982f3722d2d
334,,Whole Clean Corpus,99.35393766125713,4.59868860244751,74,procon_corpus.jsonl#L287,ff710c3e-8a04-4e90-9ff6-e2df0f8878ba
335,,Whole Clean Corpus,37.23673380891546,3.617295742034912,206,procon_corpus.jsonl#L288,d7711992-19e0-4928-a87b-541710310bb0
336,,Whole Clean Corpus,49.29716071996517,3.8978664875030518,94,procon_corpus.jsonl#L288,fa866cb8-ac71-4c4b-9751-c0436e7c668b
337,,Whole Clean Corpus,38.51247217750034,3.650982141494751,89,procon_corpus.jsonl#L289,fbdf3b7f-8d62-4c8c-a548-55077ba7ff3d
338,,Whole Clean Corpus,20.90126542580043,3.0398097038269043,70,procon_corpus.jsonl#L290,33f755bc-8963-4ac4-828a-93ad99048db6
339,,Whole Clean Corpus,19.843403745223068,2.9878716468811035,101,procon_corpus.jsonl#L291,31949943-15bf-4fc0-a423-33c02aa85dcd
340,,Whole Clean Corpus,31.569564212039538,3.45219349861145,127,procon_corpus.jsonl#L292,93133f94-bf18-45d9-9acc-4d70ed586763
341,,Whole Clean Corpus,58.69795343764498,4.072404861450195,54,procon_corpus.jsonl#L293,21883d17-06c0-4c4d-929c-f9b23438a002
342,,Whole Clean Corpus,25.469061166528725,3.237464427947998,104,procon_corpus.jsonl#L294,77c22d73-71b9-4e3c-8652-c1d61a6f55c9
343,,Whole Clean Corpus,44.620502680063105,3.7981934547424316,118,procon_corpus.jsonl#L295,c5a18810-667f-43f7-8a94-8749041599e3
344,,Whole Clean Corpus,24.897738916913813,3.2147769927978516,196,procon_corpus.jsonl#L296,208fb41b-eacd-4455-b714-2cd70dbab98f
345,,Whole Clean Corpus,75.81648391197783,4.328315734863281,57,procon_corpus.jsonl#L296,cfa858f8-c50e-4ed8-b8de-f2cdcbe93531
346,,Whole Clean Corpus,22.64645264206776,3.1200032234191895,67,procon_corpus.jsonl#L297,65f80d39-88f6-4e89-ad06-c5c3c679e1d9
347,,Whole Clean Corpus,18.667615617501333,2.926790237426758,82,procon_corpus.jsonl#L298,343b10cd-7198-4466-87e0-43904221d762
348,,Whole Clean Corpus,40.759261355633406,3.7076830863952637,31,procon_corpus.jsonl#L299,8de14bc0-6121-4043-a1a7-cab3c97cb62e
349,,Whole Clean Corpus,77.241302353242,4.3469343185424805,29,procon_corpus.jsonl#L300,31253b8f-51ff-4163-8b29-618e3725a03f
350,,Whole Clean Corpus,20.408542042912817,3.015953540802002,85,procon_corpus.jsonl#L301,d6ec07b8-4057-43ca-ab34-c19cdfd6e23c
351,,Whole Clean Corpus,20.98433640061757,3.043776273727417,109,procon_corpus.jsonl#L302,14d9b29f-e1ad-4e09-8caf-8da0ffb30b2c
352,,Whole Clean Corpus,33.33527399816006,3.5066161155700684,103,procon_corpus.jsonl#L303,70dcbb2d-5549-4b6d-9474-fcf95e798b34
353,,Whole Clean Corpus,54.5481217822425,3.9990832805633545,38,procon_corpus.jsonl#L304,63e38d89-f7e5-432a-8bc0-45673b2fbb0c
354,,Whole Clean Corpus,19.116762664041826,2.9505655765533447,107,procon_corpus.jsonl#L305,8da2acc8-68b7-49c8-97ca-55d7986d3afe
355,,Whole Clean Corpus,40.72549639704467,3.7068543434143066,40,procon_corpus.jsonl#L306,4af35feb-8b11-4185-a211-0a1697f19c75
356,,Whole Clean Corpus,16.363815995624805,2.795072555541992,59,procon_corpus.jsonl#L307,2808bc84-0d94-4dee-81c7-4f87dc4497f1
357,,Whole Clean Corpus,28.968009558540988,3.366192102432251,37,procon_corpus.jsonl#L308,6e88ce29-9605-44b9-a029-f8d1d9610aed
358,,Whole Clean Corpus,25.200548708637783,3.226865768432617,66,procon_corpus.jsonl#L309,405cae21-bb43-44dd-80f8-fa22be8c9508
359,,Whole Clean Corpus,23.39358888650329,3.1524620056152344,61,procon_corpus.jsonl#L310,9211a410-b029-4640-ae57-baad8738f256
360,,Whole Clean Corpus,27.27819032995755,3.3060874938964844,101,procon_corpus.jsonl#L311,f06bd024-89ce-45b2-beb7-874c79a468aa
361,,Whole Clean Corpus,11.814427916134841,2.4693214893341064,47,procon_corpus.jsonl#L312,1912cdc4-1c51-429d-8410-e9c154664f21
362,,Whole Clean Corpus,25.300139941093484,3.2308099269866943,88,procon_corpus.jsonl#L313,231ce9cf-7d11-477a-b15b-27fe6ae16fa7
363,,Whole Clean Corpus,25.98513101399888,3.2575244903564453,40,procon_corpus.jsonl#L314,d41b88ce-43c9-4b83-a0d2-3c36884df9eb
364,,Whole Clean Corpus,29.25841712864398,3.3761672973632812,97,procon_corpus.jsonl#L315,edb06439-331a-4e8e-9c56-6d1f19f85a68
365,,Whole Clean Corpus,23.154442011985353,3.1421866416931152,29,procon_corpus.jsonl#L316,4e67b39b-00f0-4ad1-a8c2-e07c12e1c175
366,,Whole Clean Corpus,26.420075202355218,3.2741241455078125,46,procon_corpus.jsonl#L317,fe5d0703-c036-4ac4-b648-2e1fec53f9c0
367,,Whole Clean Corpus,68.32140654711823,4.2242231369018555,61,procon_corpus.jsonl#L318,62e21498-7b66-4f7e-abfe-9844f1dedb9e
368,,Whole Clean Corpus,29.975035217045065,3.400364875793457,85,procon_corpus.jsonl#L319,83ec274f-6a39-47ee-8c2b-cc5759fe7245
369,,Whole Clean Corpus,38.29244830760254,3.6452527046203613,65,procon_corpus.jsonl#L320,d47b05ed-76c6-4e0d-88db-00e52cbed048
370,,Whole Clean Corpus,47.205753952708704,3.854515790939331,75,procon_corpus.jsonl#L321,bc0d5bb8-b2e6-4776-a39a-cabc0bbeab74
371,,Whole Clean Corpus,21.24916937229561,3.0563178062438965,79,procon_corpus.jsonl#L322,862b53fa-e9c4-40e0-b0ef-731f71b0a7bf
372,,Whole Clean Corpus,38.46257233316231,3.6496856212615967,64,procon_corpus.jsonl#L323,230b5184-a882-4264-983d-11b0e8b96085
373,,Whole Clean Corpus,23.64863230458566,3.1633052825927734,71,procon_corpus.jsonl#L324,1c2aa3fd-5018-41cb-ab9d-38797c9decfb
374,,Whole Clean Corpus,36.17214186635666,3.588289260864258,49,procon_corpus.jsonl#L325,0b0e0522-e7d4-4e57-a9ed-c1c7867be661
375,,Whole Clean Corpus,23.55744597890372,3.1594419479370117,74,procon_corpus.jsonl#L326,5abf0935-e9c9-4ba9-844b-d5fc6dadb86b
376,,Whole Clean Corpus,21.405981596041556,3.0636703968048096,79,procon_corpus.jsonl#L327,78825684-d853-4430-aec8-86ca7a109566
377,,Whole Clean Corpus,23.939594732388787,3.1755337715148926,72,procon_corpus.jsonl#L328,deabf9be-b208-4ac0-9495-fb327efa043c
378,,Whole Clean Corpus,8.578205634739696,2.1492247581481934,83,procon_corpus.jsonl#L329,4f883ed8-e41c-4154-abfb-ff9db473182b
379,,Whole Clean Corpus,16.96261040208299,2.8310115337371826,97,procon_corpus.jsonl#L330,6e3d67a5-650b-4de5-b6a1-97f5a4dc35ae
380,,Whole Clean Corpus,48.95962502193732,3.890995979309082,204,procon_corpus.jsonl#L331,977c491a-a516-4134-83b1-b00d06e4778e
381,,Whole Clean Corpus,140.59839905271502,4.9459075927734375,67,procon_corpus.jsonl#L331,92438711-388d-41ab-be72-e5710144b849
382,,Whole Clean Corpus,22.82891458287924,3.12802791595459,185,procon_corpus.jsonl#L332,4628000f-9692-4c7c-878a-07b7e8445b61
383,,Whole Clean Corpus,29.668848345706376,3.3900976181030273,165,procon_corpus.jsonl#L332,270165fe-4992-4510-b783-2f07e9db8ec3
384,,Whole Clean Corpus,29.178806759265715,3.3734426498413086,175,procon_corpus.jsonl#L333,ed84d8da-70cc-4ccc-bb82-d6d92278605d
385,,Whole Clean Corpus,35.37697760100034,3.56606125831604,225,procon_corpus.jsonl#L334,fcf45c99-a6d4-43dc-a64c-aa12b9f99957
386,,Whole Clean Corpus,62.51777022914349,4.135450839996338,189,procon_corpus.jsonl#L335,ab967433-1f2a-46f5-a106-db0c6da10ea1
387,,Whole Clean Corpus,109.48712693772903,4.695806980133057,134,procon_corpus.jsonl#L335,89569fd4-81e6-4009-a80a-05a91fa09520
388,,Whole Clean Corpus,27.92087318035267,3.3293745517730713,192,procon_corpus.jsonl#L336,403b87c9-d75a-4df1-ac07-4cdaa02e514b
389,,Whole Clean Corpus,53.04899727448555,3.9712159633636475,117,procon_corpus.jsonl#L336,fd166fa4-50c4-4594-a93c-557b61b1a691
390,,Whole Clean Corpus,35.84801673254525,3.5792882442474365,149,procon_corpus.jsonl#L337,d7b4cfe7-50d1-4572-8eb6-29e8529bab05
391,,Whole Clean Corpus,21.63862812774163,3.0744800567626953,195,procon_corpus.jsonl#L338,30f4b691-aa78-4edb-be3b-13ab146a8d53
392,,Whole Clean Corpus,42.04753500306191,3.7388007640838623,19,procon_corpus.jsonl#L339,7fe83d91-3e69-4981-a975-10ae96c19781
393,,Whole Clean Corpus,26.722515491752205,3.2855064868927,148,procon_corpus.jsonl#L340,8bf1f8f8-8c66-4db3-ad32-50d7e866ad07
394,,Whole Clean Corpus,29.661542211823836,3.3898513317108154,113,procon_corpus.jsonl#L341,741014c8-003a-423d-81a2-b30f163a2d35
395,,Whole Clean Corpus,68.24176675848145,4.223056793212891,80,procon_corpus.jsonl#L342,29e9289c-aabd-426d-aef7-3153bf410534
396,,Whole Clean Corpus,44.22050623341542,3.7891886234283447,180,procon_corpus.jsonl#L343,f8727bb5-2711-49de-8741-2ce2c47a2d5f
397,,Whole Clean Corpus,28.143770959698138,3.3373260498046875,29,procon_corpus.jsonl#L344,767a0fc8-e223-43cd-b755-c1cc0987a7c5
398,,Whole Clean Corpus,37.31715691313772,3.619453191757202,90,procon_corpus.jsonl#L345,a73dcae9-5fdf-4625-95ce-b181eae7eea6
399,,Whole Clean Corpus,18.328064005084038,2.908433437347412,136,procon_corpus.jsonl#L346,4ddbd7c8-7f09-42b5-8b77-72814b47313f
400,,Whole Clean Corpus,34.4602294364726,3.5398058891296387,40,procon_corpus.jsonl#L347,9fcf1f1d-3106-4ce1-ad59-3a8b85570967
401,,Whole Clean Corpus,44.62587537370461,3.798313856124878,79,procon_corpus.jsonl#L348,c9ceb9d3-8001-4701-b5a7-3d8ba7e4798d
402,,Whole Clean Corpus,43.43108306974829,3.7711753845214844,61,procon_corpus.jsonl#L349,010e6a36-7750-4124-96bc-27f6fbeaf017
403,,Whole Clean Corpus,36.77040002480774,3.6046931743621826,79,procon_corpus.jsonl#L350,55266590-82d0-4f5c-83ea-8937414a16a4
404,,Whole Clean Corpus,45.77604806575772,3.823760986328125,112,procon_corpus.jsonl#L351,c757dd75-9a5f-4b96-8c03-a65f3b994269
405,,Whole Clean Corpus,50.006560043540325,3.912154197692871,118,procon_corpus.jsonl#L352,3c817648-fa2b-483f-8da9-633b5d66c7f9
406,,Whole Clean Corpus,34.219288241709656,3.532789468765259,154,procon_corpus.jsonl#L353,e5da5908-3944-4e6b-ae26-8a3e6fffc81c
407,,Whole Clean Corpus,24.958259492250153,3.2172048091888428,89,procon_corpus.jsonl#L354,29bc38d2-8a7b-40ee-9713-34cd9b455c74
408,,Whole Clean Corpus,45.39527348688628,3.8154079914093018,89,procon_corpus.jsonl#L355,047cc919-7cd2-4649-803f-27aa1be5f79a
409,,Whole Clean Corpus,36.59705300309578,3.5999677181243896,82,procon_corpus.jsonl#L356,0396a564-007c-4843-a70f-07c20a988e87
410,,Whole Clean Corpus,62.85386300333344,4.140812397003174,60,procon_corpus.jsonl#L357,4f9f9f62-d836-4d93-913a-9a6a9a67f503
411,,Whole Clean Corpus,37.652464807077415,3.6283984184265137,94,procon_corpus.jsonl#L358,c51f9d03-e715-4c32-8d07-5e5c8c4129d6
412,,Whole Clean Corpus,49.61000105914355,3.9041924476623535,47,procon_corpus.jsonl#L359,d7e9e0d1-3a34-469e-b352-26edb36f90fb
413,,Whole Clean Corpus,54.05057267508163,3.989920139312744,40,procon_corpus.jsonl#L360,a2a3277e-f0a1-4ddc-b203-b7351bd881f4
414,,Whole Clean Corpus,33.045951265518745,3.497899055480957,19,procon_corpus.jsonl#L361,93bc22d5-3f5e-4b85-ae1e-79413f43583e
415,,Whole Clean Corpus,17.806440757568815,2.8795602321624756,54,procon_corpus.jsonl#L362,2e32e6bf-2495-49b6-b8b7-83853698433e
416,,Whole Clean Corpus,54.0348274694358,3.989628791809082,47,procon_corpus.jsonl#L363,53f72a0b-9734-4970-b936-e67a1112957b
417,,Whole Clean Corpus,43.06069680118857,3.762610673904419,124,procon_corpus.jsonl#L364,95fb71bd-560b-47fd-9b74-d17bb2004dc0
418,,Whole Clean Corpus,72.3502520012576,4.281518936157227,27,procon_corpus.jsonl#L365,db6b39ec-1ab6-4d89-8e92-230dbc09b6f5
419,,Whole Clean Corpus,79.61750510769505,4.377233982086182,59,procon_corpus.jsonl#L366,7074447b-2888-48fb-86e7-92c77eaeebf1
420,,Whole Clean Corpus,20.37059997771845,3.0140926837921143,21,procon_corpus.jsonl#L367,6c2a2d34-b74f-4331-a772-950784edc7aa
421,,Whole Clean Corpus,44.77331779992525,3.801612377166748,177,procon_corpus.jsonl#L368,01425d96-cd58-4a97-818b-5ba614f37501
422,,Whole Clean Corpus,42.912816414028626,3.7591705322265625,129,procon_corpus.jsonl#L369,ca7713d9-63dc-4a74-ac88-41606e9fb4b4
423,,Whole Clean Corpus,45.6129152928515,3.820190906524658,129,procon_corpus.jsonl#L370,52c0e8d2-98a5-41e3-9748-0edde08a6980
424,,Whole Clean Corpus,99.00728032606534,4.595193386077881,62,procon_corpus.jsonl#L371,c2d1cdec-246a-4042-8c25-e4bf4104ab2a
425,,Whole Clean Corpus,33.327231846758096,3.5063748359680176,207,procon_corpus.jsonl#L372,1b3e6ff2-624d-4a27-a60b-a784f8409e5a
426,,Whole Clean Corpus,34.06756720318815,3.528345823287964,196,procon_corpus.jsonl#L373,a1c47bf1-f941-4ee5-8bef-e4db460d576e
427,,Whole Clean Corpus,43.178943800521466,3.765352964401245,140,procon_corpus.jsonl#L373,706830f1-8588-437d-9d2e-d786d0f6e255
428,,Whole Clean Corpus,25.114956252391135,3.223463535308838,203,procon_corpus.jsonl#L374,516fb345-6be4-46f4-93b2-d7d77b751273
429,,Whole Clean Corpus,35.00094633203829,3.555375099182129,199,procon_corpus.jsonl#L374,2b9d2745-aa30-4737-89c0-cba4caefaaed
430,,Whole Clean Corpus,39.014291663849285,3.6639280319213867,206,procon_corpus.jsonl#L375,a55e5684-8884-40f4-81d9-d80c31880bd5
431,,Whole Clean Corpus,99.42872456897756,4.599441051483154,90,procon_corpus.jsonl#L375,60062b9d-b4d0-4021-acc0-50f604ca603d
432,,Whole Clean Corpus,45.99237922440811,3.8284757137298584,214,procon_corpus.jsonl#L376,6591c6a7-4332-43c5-84cc-e92e1471e780
433,,Whole Clean Corpus,188.94555274124545,5.241458892822266,63,procon_corpus.jsonl#L376,06528314-1213-4d02-91f6-bf9f6d064578
434,,Whole Clean Corpus,42.303071488380986,3.7448596954345703,204,procon_corpus.jsonl#L377,ea89b9ce-6a84-4e89-a365-1067e9d04b21
435,,Whole Clean Corpus,59.577551052615725,4.087278842926025,60,procon_corpus.jsonl#L377,7559ab8c-5870-466b-8981-b396ba943737
436,,Whole Clean Corpus,42.11952531546153,3.740511417388916,172,procon_corpus.jsonl#L378,69c9a4af-16f0-4ee1-87f2-dbe65422639d
437,,Whole Clean Corpus,33.49551095308349,3.511411428451538,193,procon_corpus.jsonl#L379,07a6b7bd-d532-4bfb-aecc-13e2f1600d2b
438,,Whole Clean Corpus,132.69236316317648,4.888033390045166,70,procon_corpus.jsonl#L379,454ab5c0-9dec-45a2-87f5-231fcc97cddb
439,,Whole Clean Corpus,50.82396989283798,3.928368091583252,193,procon_corpus.jsonl#L380,0bd500d7-fc2f-4565-8cf8-b3e7bea2a7d8
440,,Whole Clean Corpus,31.654399324905565,3.4548771381378174,161,procon_corpus.jsonl#L380,1c4c6847-853d-479f-909f-120aac496e72
441,,Whole Clean Corpus,17.04612993849088,2.835923194885254,216,procon_corpus.jsonl#L381,c007f9bb-3756-43b5-8e1c-74cb8be77c52
442,,Whole Clean Corpus,41.04537036249796,3.7146780490875244,67,procon_corpus.jsonl#L381,dbde42d8-0946-4095-a9e2-c4c4ec9f4502
443,,Whole Clean Corpus,23.55060042024174,3.159151315689087,198,procon_corpus.jsonl#L382,603e517c-9db8-4fae-9141-b4719f1cfbbd
444,,Whole Clean Corpus,77.50258412074281,4.350311279296875,60,procon_corpus.jsonl#L382,b7d39c54-2ad4-48ed-aba6-f33606fac201
445,,Whole Clean Corpus,19.347773398060294,2.9625773429870605,173,procon_corpus.jsonl#L383,4feb53de-45be-46dd-a9fc-0356146eab1f
446,,Whole Clean Corpus,23.65132191389127,3.163419008255005,119,procon_corpus.jsonl#L383,8a9c37b8-a08c-4d69-99cb-b80ecfc926ba
447,,Whole Clean Corpus,28.95714765258172,3.365817070007324,212,procon_corpus.jsonl#L384,07b181dc-2ef8-4693-9c66-35013977e754
448,,Whole Clean Corpus,90.05667253803577,4.500439167022705,78,procon_corpus.jsonl#L384,bd284e74-25c5-44ce-9b77-43f52340f2da
449,,Whole Clean Corpus,21.37691092664706,3.0623114109039307,187,procon_corpus.jsonl#L385,1a2667b1-6b74-430a-9c6b-566be540f6c0
450,,Whole Clean Corpus,65.25649967218797,4.178325653076172,68,procon_corpus.jsonl#L385,3cbd52b5-42e2-49c1-a3d3-6d0acef97b58
451,,Whole Clean Corpus,19.987111155686836,2.9950876235961914,213,procon_corpus.jsonl#L386,544f2051-f9b5-4a47-8417-cfd3ea9b4c58
452,,Whole Clean Corpus,33.62689729702127,3.5153262615203857,196,procon_corpus.jsonl#L387,fbc44e8c-1845-406c-84f1-7a692e69a5e6
453,,Whole Clean Corpus,25.02406355136992,3.2198379039764404,127,procon_corpus.jsonl#L387,0e988629-8c47-4490-bfe0-b9e60d4a39db
454,,Whole Clean Corpus,30.62405561877354,3.421785831451416,29,procon_corpus.jsonl#L388,97951e3e-9248-4f59-ab6a-2245a0c3ffac
455,,Whole Clean Corpus,18.575128371954506,2.921823501586914,68,procon_corpus.jsonl#L389,8ffbfd2a-94c9-49e9-a7f6-66126ef95e2d
456,,Whole Clean Corpus,28.74175639966864,3.358350992202759,43,procon_corpus.jsonl#L390,d29f2965-3203-4b8c-aaa2-cf90c8268135
457,,Whole Clean Corpus,36.9857168467392,3.610531806945801,43,procon_corpus.jsonl#L391,ea4b067b-a9bc-44cc-89df-0997d35d6358
458,,Whole Clean Corpus,62.20761553075947,4.130477428436279,46,procon_corpus.jsonl#L392,c8ff6e2e-ebdf-4412-aed6-890769641aae
459,,Whole Clean Corpus,47.44287690140419,3.8595263957977295,106,procon_corpus.jsonl#L393,cf9d8718-bb7e-45e7-8735-65496ea848b8
460,,Whole Clean Corpus,16.417940221127868,2.798374652862549,49,procon_corpus.jsonl#L394,94020d17-42f9-4074-ba47-cd19d6f18450
461,,Whole Clean Corpus,25.27659585141813,3.2298789024353027,49,procon_corpus.jsonl#L395,19cd7d5d-8222-41e8-92c3-b0a7d069bd1b
462,,Whole Clean Corpus,47.2843322686258,3.8561789989471436,77,procon_corpus.jsonl#L396,d4c7370f-6e2b-4dfb-b63b-03c420670e23
463,,Whole Clean Corpus,48.42432452027345,3.88000226020813,56,procon_corpus.jsonl#L397,0681698e-3c0c-415c-99d5-31618515d294
464,,Whole Clean Corpus,42.52253173245731,3.7500340938568115,59,procon_corpus.jsonl#L398,e26ca107-5b96-4bcb-bbdf-703c08be78cc
465,,Whole Clean Corpus,49.388969317605245,3.8997271060943604,77,procon_corpus.jsonl#L399,c97defdc-0ae6-479a-a825-dab8f1fc6091
466,,Whole Clean Corpus,40.2412618459582,3.6948928833007812,64,procon_corpus.jsonl#L400,bcfe996a-4c7d-4920-8266-d13466ccc7f8
467,,Whole Clean Corpus,28.247160169083205,3.3409929275512695,75,procon_corpus.jsonl#L401,78cdae4f-8f33-4632-a776-fba154c6d2ad
468,,Whole Clean Corpus,27.80385193979513,3.325174570083618,110,procon_corpus.jsonl#L402,e3c2ed56-aa7c-42d8-8420-f4e791ec77b7
469,,Whole Clean Corpus,46.5009402245803,3.839472532272339,78,procon_corpus.jsonl#L403,84867185-7844-4df7-b6ef-ab2ef19795ee
470,,Whole Clean Corpus,17.80381305735068,2.8794126510620117,139,procon_corpus.jsonl#L404,668a5196-ad84-4787-955f-b433c55c56cf
471,,Whole Clean Corpus,58.04894009147214,4.061286449432373,79,procon_corpus.jsonl#L405,214ed829-e7bd-4ba7-a3d2-020b79ae7c84
472,,Whole Clean Corpus,18.766128437029284,2.932053565979004,73,procon_corpus.jsonl#L406,1568baf6-a8cf-4feb-ad1c-a84389b5de0a
473,,Whole Clean Corpus,37.62210770075078,3.627591848373413,81,procon_corpus.jsonl#L407,7067ffcc-4cfd-4434-ac5f-dfefac34a439
474,,Whole Clean Corpus,30.245806530006742,3.4093575477600098,117,procon_corpus.jsonl#L408,2dabcd8e-08dc-41b1-97a4-309dfb811582
475,,Whole Clean Corpus,23.988793742307266,3.177586793899536,104,procon_corpus.jsonl#L409,c9e09473-a1fb-4a0c-9270-ed8a4dc7ff8f
476,,Whole Clean Corpus,64.78656374662997,4.171098232269287,183,procon_corpus.jsonl#L410,a8056314-ac69-438a-8b03-d73b064b6a5a
477,,Whole Clean Corpus,62.92211415916858,4.141897678375244,103,procon_corpus.jsonl#L410,37054608-bac0-4aeb-a96a-6e090d78a40c
478,,Whole Clean Corpus,14.994018827128553,2.707651376724243,182,procon_corpus.jsonl#L411,bc26b406-572b-47ac-b54c-e36b0b51c60f
479,,Whole Clean Corpus,34.423581113237475,3.5387418270111084,157,procon_corpus.jsonl#L411,341e20de-c4f9-4bd7-b382-17f03a59c06f
480,,Whole Clean Corpus,15.355386020986757,2.731466293334961,193,procon_corpus.jsonl#L412,002d10ba-3aa5-4a35-844d-4754e7645250
481,,Whole Clean Corpus,29.679708315973063,3.3904635906219482,98,procon_corpus.jsonl#L412,2881ee00-eac1-43cf-9256-27e830119620
482,,Whole Clean Corpus,26.910318333631388,3.2925097942352295,196,procon_corpus.jsonl#L413,68199b08-12a7-49a5-9e9b-86695ed4aeab
483,,Whole Clean Corpus,60.008558291780496,4.094487190246582,99,procon_corpus.jsonl#L413,6af38be2-aeb7-4644-9825-0b0bc59cd8c0
484,,Whole Clean Corpus,26.30448949475315,3.2697396278381348,171,procon_corpus.jsonl#L414,6f11ef81-5308-48aa-bc6d-43597b635ba6
485,,Whole Clean Corpus,30.309938390351284,3.411475658416748,206,procon_corpus.jsonl#L415,d71669e0-e89a-44b1-b072-a5e6dd5c3d28
486,,Whole Clean Corpus,38.877535999610636,3.660416603088379,151,procon_corpus.jsonl#L415,586aad83-723c-47c3-9bd4-3ef06e8690ed
487,,Whole Clean Corpus,37.805158962667,3.6324455738067627,196,procon_corpus.jsonl#L416,ce1101c9-68db-4c04-af13-02509b39bea6
488,,Whole Clean Corpus,52.503373176685955,3.9608774185180664,185,procon_corpus.jsonl#L416,3c6cfa11-cf3e-4708-afd7-df17ce5e08dc
489,,Whole Clean Corpus,60.55608645503953,4.103569984436035,207,procon_corpus.jsonl#L417,b75e9258-210c-4954-9826-2c8b443a6c5b
490,,Whole Clean Corpus,98.97263399245996,4.59484338760376,142,procon_corpus.jsonl#L417,b1862bc6-184a-47eb-9b66-08b64e904d05
491,,Whole Clean Corpus,37.99736202736766,3.637516736984253,224,procon_corpus.jsonl#L418,744a8cee-f010-4a15-af64-0b33764e9093
492,,Whole Clean Corpus,73.10977997240904,4.291962146759033,56,procon_corpus.jsonl#L418,80bfe859-8fdf-439a-87e4-73bc8c81cbc6
493,,Whole Clean Corpus,25.35521789165656,3.2329845428466797,220,procon_corpus.jsonl#L419,c24783b9-73ce-4392-affa-7b9e0ae5958d
494,,Whole Clean Corpus,21.705867109952287,3.077582597732544,211,procon_corpus.jsonl#L419,514c09d8-443c-4757-b15a-e4262f0b61d6
495,,Whole Clean Corpus,22.37293528453013,3.107851982116699,199,procon_corpus.jsonl#L420,adf80228-ef04-4a38-946d-9117287f6fb2
496,,Whole Clean Corpus,42.427653302965574,3.747800350189209,158,procon_corpus.jsonl#L420,aa0f001c-3d86-4735-859c-3db15570ae03
497,,Whole Clean Corpus,21.577538497315913,3.071652889251709,178,procon_corpus.jsonl#L421,66df02fa-ce6d-4988-969b-21dd6fef68d0
498,,Whole Clean Corpus,81.79029489251494,4.404158592224121,79,procon_corpus.jsonl#L421,d52c1ebe-b69c-4ded-8b05-66347035a86c
499,,Whole Clean Corpus,19.00719407502605,2.944817543029785,218,procon_corpus.jsonl#L422,1cba57b5-b388-4b6f-a342-b85a2f32b892
500,,Whole Clean Corpus,34.83932157849438,3.5507466793060303,111,procon_corpus.jsonl#L422,93187d0f-f0b1-4734-ac88-c9df68067f8f
501,,Whole Clean Corpus,20.650455537149163,3.0277373790740967,200,procon_corpus.jsonl#L423,f5c1c3ad-28e6-4209-ac69-d13ce90a732b
502,,Whole Clean Corpus,37.214935997428775,3.6167101860046387,126,procon_corpus.jsonl#L423,6692cf05-6ca4-49c6-b76c-7395b0e7f4c1
503,,Whole Clean Corpus,24.855918753471247,3.2130959033966064,58,procon_corpus.jsonl#L424,c7177814-83af-4904-adcf-204952a0acad
504,,Whole Clean Corpus,38.83576396356044,3.65934157371521,72,procon_corpus.jsonl#L425,c2aacb58-ccaa-4d08-9fb5-2b5cc5e150d6
505,,Whole Clean Corpus,38.38756004458339,3.647733449935913,126,procon_corpus.jsonl#L426,eb866b2d-739f-4990-ab30-21bba6a62117
506,,Whole Clean Corpus,30.403897529779762,3.4145708084106445,114,procon_corpus.jsonl#L427,87cb64f2-b505-46bd-98b5-cbbbc8a4f3b9
507,,Whole Clean Corpus,26.632515699735475,3.282132863998413,150,procon_corpus.jsonl#L428,22b35c5b-9173-4e0e-8ac2-959aef1a1bb8
508,,Whole Clean Corpus,9.501200069260848,2.251418113708496,58,procon_corpus.jsonl#L429,a2f2a461-d6e3-43d9-a416-9de89b68c618
509,,Whole Clean Corpus,17.710976851472065,2.8741846084594727,39,procon_corpus.jsonl#L430,52eb8487-ad9b-495f-b5d2-82c98d36456b
510,,Whole Clean Corpus,39.198518182922086,3.6686389446258545,48,procon_corpus.jsonl#L431,7fdce58c-9f89-4cc1-91bf-7d5705a908e8
511,,Whole Clean Corpus,66.29687875295183,4.194142818450928,48,procon_corpus.jsonl#L432,5d15f546-7f67-4d01-89ce-dd606234bbc0
512,,Whole Clean Corpus,16.426616694796994,2.798902988433838,66,procon_corpus.jsonl#L433,d04a0f0c-068d-46d0-a9c3-73246af53caf
513,,Whole Clean Corpus,15.940137715750277,2.7688403129577637,60,procon_corpus.jsonl#L434,07437581-a687-4a1c-8647-dc528b78d140
514,,Whole Clean Corpus,31.10605475216929,3.4374024868011475,117,procon_corpus.jsonl#L435,8ae9b2dc-1bd7-4790-a978-e1ea1be3fa7a
515,,Whole Clean Corpus,25.138163985302324,3.2243871688842773,140,procon_corpus.jsonl#L436,ddd13617-cfee-4145-b4fe-9d838577f494
516,,Whole Clean Corpus,24.595183956423735,3.2025506496429443,134,procon_corpus.jsonl#L437,b2c9c206-5199-4968-ae0b-7c10eb2ada0e
517,,Whole Clean Corpus,26.46504445918877,3.275824785232544,78,procon_corpus.jsonl#L438,db836b8c-46ec-4396-85e1-a2af55d55cfe
518,,Whole Clean Corpus,18.45204490877384,2.915175199508667,139,procon_corpus.jsonl#L439,a27b0685-cbf8-4ec5-8d1b-bf2a00422a40
519,,Whole Clean Corpus,35.22124045058073,3.5616493225097656,88,procon_corpus.jsonl#L440,75eceda6-8302-47ff-a35b-6e27a11e6eca
520,,Whole Clean Corpus,46.60080532558065,3.8416178226470947,176,procon_corpus.jsonl#L441,7dde8f92-f591-4733-ba72-71bfa575d5e6
521,,Whole Clean Corpus,26.616170274835675,3.2815189361572266,115,procon_corpus.jsonl#L442,167751f0-ec59-4497-9ec0-26413720e54a
522,,Whole Clean Corpus,41.3892633267461,3.7230215072631836,136,procon_corpus.jsonl#L443,f921b702-c70b-40d5-a96c-25021bedf5ee
523,,Whole Clean Corpus,37.1854192564755,3.6159167289733887,73,procon_corpus.jsonl#L444,e5e1c8e4-3124-44df-8f15-0d82fd401d44
524,,Whole Clean Corpus,36.742295814422576,3.603928565979004,136,procon_corpus.jsonl#L445,1370e381-d051-4616-a811-58114de8d7f1
525,,Whole Clean Corpus,39.08678221133585,3.6657843589782715,99,procon_corpus.jsonl#L446,79e4d0e0-f482-4974-b011-74c92c74e153
526,,Whole Clean Corpus,25.478748322628512,3.237844705581665,112,procon_corpus.jsonl#L447,4b4bbdd1-a2ae-4c78-ad7f-b7e2dd20fdf1
527,,Whole Clean Corpus,66.89435002838847,4.2031145095825195,31,procon_corpus.jsonl#L448,059354fa-5ba8-4f55-ac69-ad77d36bb3e4
528,,Whole Clean Corpus,56.05628191626202,4.026356220245361,83,procon_corpus.jsonl#L449,8456cf1e-663b-4147-954a-838fdc7e3026
529,,Whole Clean Corpus,32.329790230059324,3.4759891033172607,84,procon_corpus.jsonl#L450,05fa1e9e-9357-4872-9b29-6365388822e8
530,,Whole Clean Corpus,16.35489583960926,2.794527292251587,36,procon_corpus.jsonl#L451,b1abf692-559d-4e15-a828-1e535372317c
531,,Whole Clean Corpus,65.40815182660724,4.180646896362305,119,procon_corpus.jsonl#L452,e8a25ada-c94b-4532-9e9d-3912fcb9a873
532,,Whole Clean Corpus,156.79530696028408,5.054941177368164,52,procon_corpus.jsonl#L453,096a45ae-d6de-4ea6-9512-91a622f01e02
533,,Whole Clean Corpus,73.84178069601852,4.301924705505371,103,procon_corpus.jsonl#L454,08a337b7-5670-43eb-a786-1b3526fe88c5
534,,Whole Clean Corpus,44.567523224972135,3.7970054149627686,174,procon_corpus.jsonl#L455,b1ae8566-ec38-4277-a64a-8296d58fd479
535,,Whole Clean Corpus,48.09250137489926,3.873126268386841,136,procon_corpus.jsonl#L456,200f02fd-ece6-4abe-96e5-02fead3c6e8a
536,,Whole Clean Corpus,34.33423035552998,3.5361428260803223,196,procon_corpus.jsonl#L457,b9915096-ef70-43de-a75e-608305f7ef1b
537,,Whole Clean Corpus,84.56718043332513,4.437546253204346,90,procon_corpus.jsonl#L457,8df81fef-aa69-49e3-90a3-cf03eca59108
538,,Whole Clean Corpus,63.42614243540283,4.149876117706299,190,procon_corpus.jsonl#L458,a2db58d7-1133-4277-b743-184447cd2243
539,,Whole Clean Corpus,72.54239172503983,4.284171104431152,97,procon_corpus.jsonl#L458,13388979-b0b6-427a-8f48-6eaf46dafd24
540,,Whole Clean Corpus,43.09726094999375,3.7634594440460205,190,procon_corpus.jsonl#L459,f9dd222d-3d16-481c-aa9b-6c85fc5e0af1
541,,Whole Clean Corpus,24.50686764034473,3.19895339012146,207,procon_corpus.jsonl#L460,5c70a9b9-db8a-454e-a3f9-47084e4a66b6
542,,Whole Clean Corpus,38.36039645876036,3.6470255851745605,131,procon_corpus.jsonl#L460,01d5ce66-b0a5-4232-854e-7cd588c911ee
543,,Whole Clean Corpus,32.879052738497705,3.492835760116577,192,procon_corpus.jsonl#L461,7be54d75-ca6b-4814-80d6-4aea19cd2e88
544,,Whole Clean Corpus,22.95027930844772,3.1333301067352295,188,procon_corpus.jsonl#L462,d8b84d67-3f66-406d-8d6b-1b857eca4177
545,,Whole Clean Corpus,34.077177287745485,3.528627872467041,179,procon_corpus.jsonl#L463,a9ffeac1-bc65-42ad-a724-3c89ec63da16
546,,Whole Clean Corpus,47.96434333388882,3.870457887649536,211,procon_corpus.jsonl#L464,9fcab033-1bb1-4b9c-ba94-e01470c4ab4a
547,,Whole Clean Corpus,53.07728544369525,3.9717490673065186,47,procon_corpus.jsonl#L465,9809d913-50f2-4fa9-ab66-ac048865ce97
548,,Whole Clean Corpus,52.80315032544797,3.9665708541870117,108,procon_corpus.jsonl#L466,90ea79f4-584e-4b23-86c0-990d38860c70
549,,Whole Clean Corpus,56.935537582203544,4.041919708251953,84,procon_corpus.jsonl#L467,028d3e38-799d-43a5-a10a-894619ac27ee
550,,Whole Clean Corpus,49.37692470792897,3.8994832038879395,105,procon_corpus.jsonl#L468,1af86181-911e-46a9-a355-b554e9ab21c8
551,,Whole Clean Corpus,143.0701453954196,4.963335037231445,31,procon_corpus.jsonl#L469,763adc5d-de2d-4449-ae2f-6f3f6fc06b75
552,,Whole Clean Corpus,34.22931652466864,3.5330824851989746,86,procon_corpus.jsonl#L470,d99d4dbe-516b-4544-ba35-d7c9e36a9069
553,,Whole Clean Corpus,48.40743675232608,3.8796534538269043,28,procon_corpus.jsonl#L471,26e22f1b-2c3e-4650-9bbc-8799d9ca83f1
554,,Whole Clean Corpus,34.59728878066369,3.5437753200531006,128,procon_corpus.jsonl#L472,f3764da4-75fb-4998-8b65-fb94067059fb
555,,Whole Clean Corpus,29.57048352816771,3.3867766857147217,153,procon_corpus.jsonl#L473,8cb3a782-e466-4b74-bd5e-6068bd921089
556,,Whole Clean Corpus,60.87603065099973,4.108839511871338,77,procon_corpus.jsonl#L474,ef77d756-3a6f-4c08-b946-99276f760997
557,,Whole Clean Corpus,48.99707427684902,3.8917605876922607,86,procon_corpus.jsonl#L475,cb1d4218-dd3e-4e38-a725-99484e0b9048
558,,Whole Clean Corpus,12.450222935363808,2.5217385292053223,97,procon_corpus.jsonl#L476,b1433bf8-fd71-439f-9224-6ee989f53540
559,,Whole Clean Corpus,38.501372631815315,3.650693893432617,42,procon_corpus.jsonl#L477,7c1e2f2d-6654-403c-8f0b-5172fab4c32f
560,,Whole Clean Corpus,84.1449488726427,4.4325408935546875,67,procon_corpus.jsonl#L478,5a61ced7-fdd1-4ef2-9b5e-944917c3a7dd
561,,Whole Clean Corpus,61.52308204358097,4.119412422180176,76,procon_corpus.jsonl#L479,25722ed6-f516-4cbf-8c7b-9a9c38ecf861
562,,Whole Clean Corpus,56.0042098960121,4.025426864624023,153,procon_corpus.jsonl#L480,21378cfa-3f80-47c3-9eac-6b7a38e5d433
563,,Whole Clean Corpus,35.79375980227634,3.5777735710144043,139,procon_corpus.jsonl#L481,a7e53ad3-9fbb-44d2-be05-84384ad20316
564,,Whole Clean Corpus,59.864030049310536,4.092075824737549,110,procon_corpus.jsonl#L482,1a8d4dc9-20fc-428e-b2c4-3272d52d3ff6
565,,Whole Clean Corpus,31.796790845623782,3.4593653678894043,119,procon_corpus.jsonl#L483,5ef8a714-922d-4547-b738-b8dfc189567c
566,,Whole Clean Corpus,66.53014817607746,4.197655200958252,96,procon_corpus.jsonl#L484,7f702a8b-3246-4bba-b12a-954dca6090e7
567,,Whole Clean Corpus,35.32346728809863,3.564547538757324,161,procon_corpus.jsonl#L485,5c777f12-8bd3-4819-88e9-bde0f6f63c78
568,,Whole Clean Corpus,63.547869984843146,4.151793479919434,127,procon_corpus.jsonl#L486,77b1c0cc-3783-462e-bc28-fd2184131372
569,,Whole Clean Corpus,72.03448112595466,4.277144908905029,100,procon_corpus.jsonl#L487,36927208-7cee-4a48-8ac7-25d319cde3a2
570,,Whole Clean Corpus,42.127097722421006,3.7406911849975586,95,procon_corpus.jsonl#L488,559c9a61-5242-441a-8ed9-08bbf6456528
571,,Whole Clean Corpus,115.03532531110773,4.7452392578125,115,procon_corpus.jsonl#L489,1a190108-d3ce-4a8c-906f-ea42bd1d84cf
572,,Whole Clean Corpus,53.01903029800289,3.9706509113311768,70,procon_corpus.jsonl#L490,3a2e2f75-9e31-46f2-98a9-3105e16ed32c
573,,Whole Clean Corpus,31.06375152385595,3.4360415935516357,86,procon_corpus.jsonl#L491,c28460e3-2ce7-44db-8a7e-182e8dd2af21
574,,Whole Clean Corpus,23.216254033248358,3.144852638244629,105,procon_corpus.jsonl#L492,8ef6cbf1-8966-4c72-970b-1a7218d5942d
575,,Whole Clean Corpus,69.35615888053395,4.239254951477051,102,procon_corpus.jsonl#L493,f2f516b2-cd27-4919-b5ed-4a7d5f0cd786
576,,Whole Clean Corpus,32.529999138581424,3.4821627140045166,57,procon_corpus.jsonl#L494,113b6334-073a-4754-bfbd-dc5a63b93d90
577,,Whole Clean Corpus,23.258808752397584,3.146683931350708,85,procon_corpus.jsonl#L495,9bdd60b0-5167-4a16-bffa-97fdd42f64e4
578,,Whole Clean Corpus,53.5311107783459,3.9802629947662354,100,procon_corpus.jsonl#L496,14757f2c-efa3-4db4-ab4d-654998d8b166
579,,Whole Clean Corpus,56.09039941488966,4.0269646644592285,191,procon_corpus.jsonl#L497,4fe68ea0-0794-47e7-b3e4-add2665f4629
580,,Whole Clean Corpus,38.650560667567696,3.6545612812042236,63,procon_corpus.jsonl#L498,01f07933-2ebd-438c-ae4d-53215e6ef2d5
581,,Whole Clean Corpus,32.4268717925167,3.478987455368042,47,procon_corpus.jsonl#L499,0cfa7c14-ef7c-4c4d-9c04-392df2e1bbea
582,,Whole Clean Corpus,57.62203290213166,4.053905010223389,99,procon_corpus.jsonl#L500,df423929-0535-4017-b212-c76370560416
583,,Whole Clean Corpus,55.28358159377586,4.012475967407227,41,procon_corpus.jsonl#L501,e14c0dce-4285-4423-94d8-d69a2d552811
584,,Whole Clean Corpus,21.323620603329765,3.0598154067993164,64,procon_corpus.jsonl#L502,34bf988a-635d-4476-8c61-befc919fb2b3
585,,Whole Clean Corpus,26.969563900169188,3.2947089672088623,42,procon_corpus.jsonl#L503,b0403eae-315d-4373-b3a9-dfe2535f283e
586,,Whole Clean Corpus,35.67378697146805,3.574416160583496,59,procon_corpus.jsonl#L504,bf667660-63fc-4d27-a58c-031dbb84db34
587,,Whole Clean Corpus,32.99892487228362,3.4964749813079834,96,procon_corpus.jsonl#L505,2d397d87-55f2-44ae-ab76-f5ebb6b994f9
588,,Whole Clean Corpus,53.14087496150646,3.9729464054107666,97,procon_corpus.jsonl#L506,902c3138-6fc6-4fd9-8278-26af5719cfe2
589,,Whole Clean Corpus,15.862819972298531,2.7639780044555664,32,procon_corpus.jsonl#L507,25cdf5de-da60-449f-a355-2e071eb42fec
590,,Whole Clean Corpus,22.743779021570177,3.1242916584014893,52,procon_corpus.jsonl#L508,a0f022bc-d9b5-412a-b85e-8f6cd4d2b5db
591,,Whole Clean Corpus,21.713185909494243,3.0779197216033936,85,procon_corpus.jsonl#L509,ac5a2deb-0c83-45b5-ada8-be502489c8ef
592,,Whole Clean Corpus,20.625582477529683,3.0265321731567383,47,procon_corpus.jsonl#L510,e7092be0-7ced-453d-b7a4-e8a7bcfe5dc1
593,,Whole Clean Corpus,34.07656794577929,3.5286099910736084,31,procon_corpus.jsonl#L511,f9d5403f-0621-4061-a848-57343ad2c29d
594,,Whole Clean Corpus,16.575089000318112,2.807900905609131,69,procon_corpus.jsonl#L512,5a4e068e-c725-4c3f-a668-9e1d023bba7d
595,,Whole Clean Corpus,19.06142018311432,2.9476664066314697,74,procon_corpus.jsonl#L513,27e39f37-7570-47ff-8961-17a42254c025
596,,Whole Clean Corpus,42.23056608900839,3.7431442737579346,86,procon_corpus.jsonl#L514,1512c2c4-94af-4325-9fe3-dbf1159fef19
597,,Whole Clean Corpus,64.00854622382037,4.1590166091918945,113,procon_corpus.jsonl#L515,ac48f7bf-4518-4761-b497-bd923ead6f91
598,,Whole Clean Corpus,39.309195855683825,3.6714584827423096,203,procon_corpus.jsonl#L516,30ba2f37-08f3-4807-b870-b41daf8a6849
599,,Whole Clean Corpus,75.57602065103137,4.325139045715332,52,procon_corpus.jsonl#L516,5ccfbb93-4fe8-4eb2-828d-0e2a448593fa
600,,Whole Clean Corpus,38.962729060028494,3.6626055240631104,35,procon_corpus.jsonl#L517,16c18cda-2e59-498c-86d5-82d88d91168c
601,,Whole Clean Corpus,32.934992177705084,3.4945356845855713,89,procon_corpus.jsonl#L518,ee7b791b-7704-454d-a822-303018b4929b
602,,Whole Clean Corpus,86.2319524227003,4.457040786743164,58,procon_corpus.jsonl#L519,e763eecd-cb10-4422-bde1-d4e2064e360f
603,,Whole Clean Corpus,28.33327240903832,3.344036817550659,108,procon_corpus.jsonl#L520,97e7e757-9998-40b0-9051-7126b6f67519
604,,Whole Clean Corpus,39.18922970251705,3.6684019565582275,81,procon_corpus.jsonl#L521,cd5edd00-9ec1-4c5d-b00d-110df92d0d13
605,,Whole Clean Corpus,100.18585928915758,4.607027053833008,44,procon_corpus.jsonl#L522,61234269-4b21-4025-9e6e-c790041b3767
606,,Whole Clean Corpus,52.93764864943672,3.9691147804260254,40,procon_corpus.jsonl#L523,f57ed1f1-ea54-42b8-ad3c-01f74043cc1d
607,,Whole Clean Corpus,34.359788114547065,3.5368869304656982,126,procon_corpus.jsonl#L524,b1fae747-3947-4444-98d8-8de80bba4b3d
608,,Whole Clean Corpus,39.29798849066675,3.671173334121704,174,procon_corpus.jsonl#L525,2a912384-88c7-499d-adaa-f3511d79d1c5
609,,Whole Clean Corpus,29.705101480101806,3.3913187980651855,105,procon_corpus.jsonl#L526,0fa6f86e-a562-4c60-9f69-3507edf70646
610,,Whole Clean Corpus,27.356091240215964,3.308939218521118,62,procon_corpus.jsonl#L527,efcbe1a8-880a-4a0d-bf5a-d3b77971e7da
611,,Whole Clean Corpus,30.81616995580979,3.42803955078125,40,procon_corpus.jsonl#L528,198eba9d-6b4e-4fb1-905e-2f3b34281f0d
612,,Whole Clean Corpus,40.21736962866634,3.6942989826202393,212,procon_corpus.jsonl#L529,2eaece4c-6ec8-4d8f-af52-4dc6ca9b517f
613,,Whole Clean Corpus,61.580373534121215,4.120343208312988,60,procon_corpus.jsonl#L529,5e05c6d4-fa0d-4239-8601-37c7a8aabd19
614,,Whole Clean Corpus,110.03720530662723,4.7008185386657715,62,procon_corpus.jsonl#L530,11240c5d-753a-451d-b7c4-b77582f138bf
615,,Whole Clean Corpus,77.70803629140724,4.352958679199219,87,procon_corpus.jsonl#L531,374aa89f-78aa-4eb7-b841-6fd61f0c65fc
616,,Whole Clean Corpus,39.753903000765035,3.6827080249786377,132,procon_corpus.jsonl#L532,ab751142-4d45-440e-b0fe-7b9500d1514b
617,,Whole Clean Corpus,56.45123513765361,4.033377170562744,142,procon_corpus.jsonl#L533,269a5688-33aa-4c6f-b142-d7104a0ecc80
618,,Whole Clean Corpus,20.192986294338056,3.0053353309631348,63,procon_corpus.jsonl#L534,dc11e528-1b26-45c9-9282-2ae75d3288b1
619,,Whole Clean Corpus,26.68170128668878,3.28397798538208,27,procon_corpus.jsonl#L535,c5e83f41-9859-4d83-931c-70f4c0c6b612
620,,Whole Clean Corpus,36.101045666469425,3.5863218307495117,74,procon_corpus.jsonl#L536,b3c11fce-b68c-4b21-9ce3-c35f6fad0485
621,,Whole Clean Corpus,17.021616588653917,2.834484100341797,94,procon_corpus.jsonl#L537,0039bdbe-6d35-4d95-bbc1-0fbcd28b36a0
622,,Whole Clean Corpus,33.730921689534014,3.5184149742126465,186,procon_corpus.jsonl#L538,a3b2196b-f71d-415d-977c-48d45d756b72
623,,Whole Clean Corpus,30.69195295893775,3.4240005016326904,120,procon_corpus.jsonl#L539,8798048e-0a1e-4b0e-858d-8b723b0c8175
624,,Whole Clean Corpus,40.27932109101641,3.695838212966919,152,procon_corpus.jsonl#L540,2b7d0fc5-7e3d-4077-a48e-caf8ad98587b
625,,Whole Clean Corpus,39.053648526286366,3.6649363040924072,71,procon_corpus.jsonl#L541,2f3bc029-9e30-42e8-a44e-7cadf3376cfd
626,,Whole Clean Corpus,40.64882307641989,3.704969882965088,81,procon_corpus.jsonl#L542,bbb6c5f5-bca1-4b50-b9f5-8e3fe4e6a0b9
627,,Whole Clean Corpus,73.26975968361316,4.294147968292236,39,procon_corpus.jsonl#L543,fa40272f-472d-4f53-894f-1c1452be47f9
628,,Whole Clean Corpus,38.96506077886,3.662665367126465,54,procon_corpus.jsonl#L544,746c8d36-38ac-4c81-a28c-dfb48be91afe
629,,Whole Clean Corpus,35.82456335085109,3.5786337852478027,43,procon_corpus.jsonl#L545,c1dc0adb-ff6a-40d1-bf72-47208fea5cf8
630,,Whole Clean Corpus,31.52298531739473,3.450716972351074,41,procon_corpus.jsonl#L546,e6c47cd1-ed31-4b34-9b03-e2ce269b50c5
631,,Whole Clean Corpus,49.36900253432264,3.899322748184204,30,procon_corpus.jsonl#L547,a6f2f08c-170a-4b10-83d7-a23ade1a42cc
632,,Whole Clean Corpus,40.78721923243278,3.7083687782287598,62,procon_corpus.jsonl#L548,3d32c490-3cf8-4278-a056-19b4319ff940
633,,Whole Clean Corpus,57.30049865262242,4.048309326171875,67,procon_corpus.jsonl#L549,f67fb089-b090-43fd-a18d-9f08c7d4ac3c
634,,Whole Clean Corpus,19.05893445080269,2.947535991668701,80,procon_corpus.jsonl#L550,6c9ec78c-eb1a-428b-b7d3-25d09602597b
635,,Whole Clean Corpus,41.71575311280631,3.7308788299560547,51,procon_corpus.jsonl#L551,aa59ecdf-e894-46cc-b771-f2f9a165df37
636,,Whole Clean Corpus,23.119975922999718,3.1406970024108887,83,procon_corpus.jsonl#L552,4c570250-5315-4f2d-aab1-1b00a3b74000
637,,Whole Clean Corpus,13.123799875721573,2.574427366256714,144,procon_corpus.jsonl#L553,e037bb6c-8013-437e-adf5-1fae5c1c6666
638,,Whole Clean Corpus,30.239836277006297,3.4091601371765137,49,procon_corpus.jsonl#L554,6979af94-ed4e-4d96-947d-83388a8ff041
639,,Whole Clean Corpus,14.575746652087211,2.679358959197998,123,procon_corpus.jsonl#L555,b98d9cbf-6f3f-4d15-b9a4-318211b93fd4
640,,Whole Clean Corpus,19.528365276351895,2.9718680381774902,28,procon_corpus.jsonl#L556,27c3479d-524e-4c18-84e5-f62f876614ae
641,,Whole Clean Corpus,41.390950783903584,3.72306227684021,49,procon_corpus.jsonl#L557,80c04e24-9727-45f9-9bb5-bdae363bf590
642,,Whole Clean Corpus,21.417089875440464,3.0641891956329346,107,procon_corpus.jsonl#L558,0ee452b5-13a7-4eb3-b2be-5540223282fa
643,,Whole Clean Corpus,33.63581369103809,3.5155913829803467,105,procon_corpus.jsonl#L559,44e3f869-09e2-48b6-b048-192698cbbfe9
644,,Whole Clean Corpus,32.58647122586173,3.4838972091674805,33,procon_corpus.jsonl#L560,0ee30f8e-8bdd-4ac7-a2f0-3eaa719b19c5
645,,Whole Clean Corpus,22.302880134217485,3.1047158241271973,89,procon_corpus.jsonl#L561,ba1e8e6b-6128-4467-ad3f-b87eeabdf8c1
646,,Whole Clean Corpus,71.5950299645069,4.271025657653809,30,procon_corpus.jsonl#L562,fbad59f4-e8db-4858-a180-4ad0d9911cf6
647,,Whole Clean Corpus,34.68932553923718,3.5464320182800293,52,procon_corpus.jsonl#L563,3ceb4f65-1014-430f-8241-eb05f66561da
648,,Whole Clean Corpus,36.055129870543816,3.5850491523742676,106,procon_corpus.jsonl#L564,ce7bc2b0-4ed8-4a3e-8be3-e6bd2230c4fa
649,,Whole Clean Corpus,21.029472411186575,3.0459249019622803,73,procon_corpus.jsonl#L565,ddd01098-0e4c-4a2b-a65e-be135c1bff65
650,,Whole Clean Corpus,26.79010948024689,3.2880327701568604,119,procon_corpus.jsonl#L566,1fda07dc-e2ec-4073-ba92-6256eb191521
651,,Whole Clean Corpus,55.59806632037382,4.018148422241211,55,procon_corpus.jsonl#L567,0b2beed5-f510-42e2-84e1-b6bcc6106ac2
652,,Whole Clean Corpus,38.79982725282579,3.6584157943725586,91,procon_corpus.jsonl#L568,3cbe53cd-8a6b-4e98-a3f8-08747082ccfe
653,,Whole Clean Corpus,43.65847697094326,3.776397466659546,65,procon_corpus.jsonl#L569,55ceda28-7e8f-4ef3-b945-136e5126f11c
654,,Whole Clean Corpus,118.61191814079199,4.775856971740723,61,procon_corpus.jsonl#L570,e87b1a3b-3560-4d68-ba40-6269a0c074f2
655,,Whole Clean Corpus,75.66151377597673,4.326269626617432,80,procon_corpus.jsonl#L571,7805c800-8d67-49ad-bbc1-cd7ab39fb4bb
656,,Whole Clean Corpus,39.557803629443725,3.677762985229492,80,procon_corpus.jsonl#L572,6ba7a3a2-ee5e-4b13-a617-213203f1ef92
657,,Whole Clean Corpus,44.64450926877263,3.7987313270568848,52,procon_corpus.jsonl#L573,7d1d6182-d1aa-4bae-b598-a6f6b01a91a7
658,,Whole Clean Corpus,52.80991118660092,3.9666988849639893,81,procon_corpus.jsonl#L574,1d9526f0-9336-49b3-9780-23bee4e6f728
659,,Whole Clean Corpus,46.28955553400311,3.834916353225708,109,procon_corpus.jsonl#L575,d1abbf21-e4ab-489c-ab71-40d3d7a0b32c
660,,Whole Clean Corpus,93.06707101622847,4.533320426940918,39,procon_corpus.jsonl#L576,a4fb7680-117a-4c1d-8a0a-7da260393387
661,,Whole Clean Corpus,58.78957808805438,4.073964595794678,60,procon_corpus.jsonl#L577,f368991a-8b28-4330-b271-9a835396dd1e
662,,Whole Clean Corpus,56.561922847594,4.035336017608643,69,procon_corpus.jsonl#L578,0c0e4ee5-f707-43e8-86e3-c151365afc45
663,,Whole Clean Corpus,26.53372048416111,3.278416395187378,89,procon_corpus.jsonl#L579,ae98d2a1-d76a-4edb-b213-529052b6f045
664,,Whole Clean Corpus,27.226626340312187,3.3041954040527344,96,procon_corpus.jsonl#L580,fe509960-59d7-456a-a6ba-a8517993dbec
665,,Whole Clean Corpus,41.868092093762186,3.7345240116119385,96,procon_corpus.jsonl#L581,cfc0b840-87a3-43b4-82c2-24d6b25e1ac8
666,,Whole Clean Corpus,45.139285427818955,3.809752941131592,128,procon_corpus.jsonl#L582,5018dcc9-6220-4078-80eb-c3583b9d6399
667,,Whole Clean Corpus,25.276818829574122,3.2298877239227295,73,procon_corpus.jsonl#L583,8dd519c4-3487-410d-add6-d160e98363f7
668,,Whole Clean Corpus,131.37352546289637,4.878044605255127,58,procon_corpus.jsonl#L584,0f6fccbe-d62c-4ff0-b2bb-cd2bfdb8fe18
669,,Whole Clean Corpus,27.008255489095358,3.296142578125,80,procon_corpus.jsonl#L585,5b965d63-9343-4264-92af-6fb9c4bbfe23
670,,Whole Clean Corpus,69.91779362695993,4.247320175170898,150,procon_corpus.jsonl#L586,03e97495-2dde-4a8b-9fa8-df4292b4b216
671,,Whole Clean Corpus,86.54506197526918,4.460665225982666,72,procon_corpus.jsonl#L587,08bfd36b-7492-450d-87b0-97786148e958
672,,Whole Clean Corpus,51.03315741502491,3.9324755668640137,97,procon_corpus.jsonl#L588,091f2594-6e09-4050-b765-9cc8c2cdb441
673,,Whole Clean Corpus,27.811158007811386,3.325437307357788,63,procon_corpus.jsonl#L589,c0bc7b2e-4860-4906-91c8-233bd04f6a0b
674,,Whole Clean Corpus,88.26021671273278,4.480289459228516,66,procon_corpus.jsonl#L590,c703586a-af6a-476c-a83a-fb020b57453c
675,,Whole Clean Corpus,32.61769513288449,3.4848549365997314,106,procon_corpus.jsonl#L591,318bf4fb-ab0f-42a0-b9b3-a2f12d2df578
676,,Whole Clean Corpus,62.47482762736148,4.134763717651367,91,procon_corpus.jsonl#L592,813218ac-fb0a-4134-acd2-5a534eb38ce2
677,,Whole Clean Corpus,31.739280796253954,3.457555055618286,56,procon_corpus.jsonl#L593,63ec3221-cb82-4a24-8887-f329c2787806
678,,Whole Clean Corpus,42.07021747332275,3.73934006690979,72,procon_corpus.jsonl#L594,7ca1bebc-4a4b-4eb8-bcae-ff5eb36fb45e
679,,Whole Clean Corpus,45.4057514340896,3.815638780593872,114,procon_corpus.jsonl#L595,e3961b59-d0f1-4407-9100-80a93bb93fcf
680,,Whole Clean Corpus,27.445532583234723,3.3122034072875977,63,procon_corpus.jsonl#L596,5a3e8889-fc59-4a91-92be-a458f16c1548
681,,Whole Clean Corpus,67.00100521772707,4.204707622528076,82,procon_corpus.jsonl#L597,6ea4b09e-9bdd-4202-bf44-fdaf958f175f
682,,Whole Clean Corpus,86.15267111277267,4.45612096786499,109,procon_corpus.jsonl#L598,88287500-6991-439e-b32c-d9aecca1e558
683,,Whole Clean Corpus,36.53909237450513,3.5983827114105225,64,procon_corpus.jsonl#L599,75df6709-0ec4-46c1-9bdb-6d4f2888c5a2
684,,Whole Clean Corpus,42.44192873210973,3.7481367588043213,59,procon_corpus.jsonl#L600,b3fdccd5-30ee-4852-ae59-c2b0adb471c0
685,,Whole Clean Corpus,62.304510628908304,4.132033824920654,75,procon_corpus.jsonl#L601,1b8b8a2d-048b-4594-a05f-e872eb4d2dd3
686,,Whole Clean Corpus,59.42119573927209,4.084650993347168,92,procon_corpus.jsonl#L602,6fa96f0a-9320-4120-9277-43c2a8977c01
687,,Whole Clean Corpus,75.57248906296591,4.325092315673828,98,procon_corpus.jsonl#L603,b5c6d4ad-29fa-47c5-9655-d6695096b9e7
688,,Whole Clean Corpus,45.584551327967,3.8195688724517822,88,procon_corpus.jsonl#L604,1cc316d6-638c-4e42-a35c-45084081a3d2
689,,Whole Clean Corpus,44.81590911066511,3.802563190460205,77,procon_corpus.jsonl#L605,00db9a23-4b5b-4f12-97a4-38c7c39b5c44
690,,Whole Clean Corpus,33.317833253869814,3.5060927867889404,46,procon_corpus.jsonl#L606,4147184a-05c1-42e9-b0f6-5b5d379b308e
691,,Whole Clean Corpus,54.38177822031015,3.9960291385650635,55,procon_corpus.jsonl#L607,9c46aeb2-ae23-4b94-94b4-66af7f94a604
692,,Whole Clean Corpus,22.54077582037812,3.115325927734375,86,procon_corpus.jsonl#L608,d241780e-99af-4dae-b400-ececcf831c75
693,,Whole Clean Corpus,29.095548884160404,3.3705852031707764,81,procon_corpus.jsonl#L609,e17937b5-d37c-4add-b60e-c5aa02fd9e63
694,,Whole Clean Corpus,30.716073699522298,3.42478609085083,82,procon_corpus.jsonl#L610,a7b025ce-3107-44a7-91be-b707e56e2eca
695,,Whole Clean Corpus,12.8423456533377,2.552747964859009,106,procon_corpus.jsonl#L611,63c249bb-138c-4a21-81a0-b56f4f5bd64d
696,,Whole Clean Corpus,23.505505462962557,3.1572346687316895,42,procon_corpus.jsonl#L612,dc3b73e1-937e-462e-9ea0-701d21d1e0d5
697,,Whole Clean Corpus,21.052769472074463,3.047032117843628,144,procon_corpus.jsonl#L613,ad64da86-e9b7-42d9-a52b-acb8b5a54210
698,,Whole Clean Corpus,27.10180586574085,3.29960036277771,112,procon_corpus.jsonl#L614,ab704188-9dcc-42a4-99ad-a64fca71d666
699,,Whole Clean Corpus,31.210338646937444,3.440749406814575,80,procon_corpus.jsonl#L615,cd846766-48be-405d-95c3-c2f284a7c409
700,,Whole Clean Corpus,34.91289366239431,3.552856206893921,46,procon_corpus.jsonl#L616,5af93ad1-3d37-41f7-b3d6-95997ecccfc2
701,,Whole Clean Corpus,68.55908593918487,4.227695941925049,65,procon_corpus.jsonl#L617,7602c24f-8a9c-45fe-bc08-f0919d966b0d
702,,Whole Clean Corpus,38.37540770413326,3.647416830062866,97,procon_corpus.jsonl#L618,e5071001-c5fb-4ece-8237-7f4ce7099986
703,,Whole Clean Corpus,90.64245684346173,4.506922721862793,73,procon_corpus.jsonl#L619,5cc19cf3-7e3f-4aee-be3d-0dd7692bc116
704,,Whole Clean Corpus,22.22319239422888,3.1011364459991455,69,procon_corpus.jsonl#L620,5fc8ee2c-11f8-45d2-8fd7-af07051fdd48
705,,Whole Clean Corpus,37.21994055483713,3.616844654083252,61,procon_corpus.jsonl#L621,ae6f5763-22f6-43bd-81b1-426812b6b742
706,,Whole Clean Corpus,26.26378776062204,3.26819109916687,102,procon_corpus.jsonl#L622,f1082798-f7da-419c-bb69-ef9180abf721
707,,Whole Clean Corpus,33.79692317914629,3.5203697681427,101,procon_corpus.jsonl#L623,ed36dbe3-43ae-49d3-8a39-d504bc5753ac
708,,Whole Clean Corpus,65.08638883458825,4.175715446472168,45,procon_corpus.jsonl#L624,19da556a-b964-44d9-98c8-a955d1ff2803
709,,Whole Clean Corpus,52.54637683371521,3.961696147918701,153,procon_corpus.jsonl#L625,9e287971-e023-475c-a99d-2e0625ec45d6
710,,Whole Clean Corpus,58.04727932173196,4.061257839202881,218,procon_corpus.jsonl#L626,5cc2efc1-f2bc-487e-90f2-0adf02e5e372
711,,Whole Clean Corpus,55.858750662961334,4.022826194763184,167,procon_corpus.jsonl#L626,8d1e7ff7-e84b-4cda-bc20-b4fb50a40fc4
712,,Whole Clean Corpus,45.45158838695494,3.81664776802063,228,procon_corpus.jsonl#L627,26695ce8-a7ef-43e0-9b43-405e8d4f6cf7
713,,Whole Clean Corpus,43.666971534732134,3.7765920162200928,183,procon_corpus.jsonl#L627,0f3bcfec-64f7-410d-84c8-b93b6a3481ef
714,,Whole Clean Corpus,50.17792886053995,3.9155752658843994,206,procon_corpus.jsonl#L628,a4ecd7d1-7e77-471b-8420-5518bd521a5f
715,,Whole Clean Corpus,58.433157347417705,4.067883491516113,73,procon_corpus.jsonl#L628,795c84df-2cc4-42b6-bb3b-83842e5549f5
716,,Whole Clean Corpus,31.723136425765986,3.4570462703704834,215,procon_corpus.jsonl#L629,af385730-5ff5-4bc6-aa91-8db9ceeae3cb
717,,Whole Clean Corpus,33.86257747631609,3.522310495376587,68,procon_corpus.jsonl#L629,3f5f8d42-f58b-453c-b8bc-fb680b9b3ff1
718,,Whole Clean Corpus,31.466420620679315,3.448920965194702,103,procon_corpus.jsonl#L630,ee0f2205-ca71-44a7-bb2f-61f683261240
719,,Whole Clean Corpus,36.97749930728904,3.610309600830078,204,procon_corpus.jsonl#L631,c54839d2-4e3a-4c65-b9d8-568cd3d4e0c9
720,,Whole Clean Corpus,47.86383845462358,3.8683602809906006,163,procon_corpus.jsonl#L631,95833b96-cf2e-41a7-b4bd-b723f362d72c
721,,Whole Clean Corpus,47.593725683551746,3.862700939178467,203,procon_corpus.jsonl#L632,50602823-503f-4f2f-9d1e-6352531bc3d1
722,,Whole Clean Corpus,70.41712545744312,4.254436492919922,107,procon_corpus.jsonl#L632,3a147d4e-d9f5-49c8-bf42-2e6b48b56ccc
723,,Whole Clean Corpus,35.3894460311673,3.566413640975952,198,procon_corpus.jsonl#L633,747187dd-7bb6-4d7b-82f3-e5397353abbe
724,,Whole Clean Corpus,48.28721124424385,3.877166748046875,180,procon_corpus.jsonl#L633,3d633b21-6cd8-4273-a848-65776b841ac1
725,,Whole Clean Corpus,39.69669666342723,3.6812679767608643,210,procon_corpus.jsonl#L634,87c83c43-ba8e-4bec-bb72-b71d0695e8b5
726,,Whole Clean Corpus,30.91558257874873,3.431260347366333,121,procon_corpus.jsonl#L634,b8458a5a-06f2-4346-a1b4-4e798c04d5a6
727,,Whole Clean Corpus,37.016187046515206,3.6113553047180176,216,procon_corpus.jsonl#L635,75b87997-04d9-43d7-9dc6-f2fb6a3b032d
728,,Whole Clean Corpus,44.240226020843245,3.7896344661712646,210,procon_corpus.jsonl#L635,3c84bb22-8833-436b-9fa3-c6ab7b36142e
729,,Whole Clean Corpus,31.843713582812512,3.4608399868011475,193,procon_corpus.jsonl#L636,6e66a756-31b5-4351-9487-3f5c7858d95f
730,,Whole Clean Corpus,43.65335604721007,3.776280164718628,115,procon_corpus.jsonl#L636,c0db5a5b-a9f8-4d47-beaa-35806e6d57d6
731,,Whole Clean Corpus,33.91353513958066,3.5238142013549805,197,procon_corpus.jsonl#L637,a94a740b-298d-43db-ac32-ab8d355ae797
732,,Whole Clean Corpus,24.105092248059627,3.1824231147766113,196,procon_corpus.jsonl#L637,4bd54b95-12b0-461d-acb8-c1a34f269bf7
733,,Whole Clean Corpus,33.70823457722581,3.517742156982422,59,procon_corpus.jsonl#L637,2652c840-2141-47d6-99bf-6bdceb7050dc
734,,Whole Clean Corpus,41.670077137521936,3.729783296585083,182,procon_corpus.jsonl#L638,ffe6e17f-88e3-410c-9b7c-8125675b307b
735,,Whole Clean Corpus,22.456827247385537,3.1115946769714355,224,procon_corpus.jsonl#L639,d20ae97d-6b81-478d-b4c8-36055a81516c
736,,Whole Clean Corpus,24.302226466276625,3.190567970275879,185,procon_corpus.jsonl#L639,ff344cd2-5070-4287-84e1-ec97b2226c03
737,,Whole Clean Corpus,40.915286411976915,3.711503744125366,68,procon_corpus.jsonl#L639,98ae6a3c-baef-49c4-8df0-6cc5b53534ff
738,,Whole Clean Corpus,34.61554782958637,3.5443029403686523,200,procon_corpus.jsonl#L640,edaefc14-2a4a-467e-bde1-d727379e1627
739,,Whole Clean Corpus,97.50085664746186,4.579861164093018,47,procon_corpus.jsonl#L640,3b08278b-b0c5-4c4a-967a-541399485a62
740,,Whole Clean Corpus,24.38319457000452,3.193894147872925,184,procon_corpus.jsonl#L641,88885b1d-0e6e-42f4-aa03-dcdf9cceeb88
741,,Whole Clean Corpus,26.412775627297957,3.273847818374634,219,procon_corpus.jsonl#L642,470920bd-6c9a-4ff7-9c00-5e551527b307
742,,Whole Clean Corpus,27.710382045876408,3.3218071460723877,182,procon_corpus.jsonl#L642,deef2857-e036-4bed-8931-c72fe1393b8b
743,,Whole Clean Corpus,19.056044683312916,2.9473843574523926,217,procon_corpus.jsonl#L643,3a511a1b-9c47-4be3-8e72-0917b3077d2c
744,,Whole Clean Corpus,23.763434667770714,3.1681480407714844,213,procon_corpus.jsonl#L643,3b274f59-79e3-486f-a28e-c95622ca2e0a
745,,Whole Clean Corpus,26.28597633509894,3.269035577774048,99,procon_corpus.jsonl#L643,df17623d-9f1e-4540-a052-a6d3a336f687
746,,Whole Clean Corpus,34.220104102843486,3.532813310623169,223,procon_corpus.jsonl#L644,4b3f2f8f-8ebc-43cb-aa8b-9871a7e27f87
747,,Whole Clean Corpus,35.78562792196822,3.5775463581085205,162,procon_corpus.jsonl#L644,ba392c29-60fd-4628-a31e-6301b2555522
748,,Whole Clean Corpus,29.634794350637147,3.388949155807495,217,procon_corpus.jsonl#L645,043cac1d-d7ca-4edc-b4c9-25ea18468e7a
749,,Whole Clean Corpus,41.053033499223034,3.714864730834961,90,procon_corpus.jsonl#L645,7b911e51-7137-4f04-89d4-e6d80558ceae
750,,Whole Clean Corpus,35.59509785605831,3.5722079277038574,125,procon_corpus.jsonl#L646,29877d01-22ea-4e7c-b8c2-c22f737cd00c
751,,Whole Clean Corpus,40.00460794373199,3.6889946460723877,118,procon_corpus.jsonl#L647,622c41e9-5104-43b3-acc3-0322bfb4e855
752,,Whole Clean Corpus,18.00467912890106,2.890631675720215,99,procon_corpus.jsonl#L648,0d91f3a2-1f2a-4b6a-84de-0d7ae475a694
753,,Whole Clean Corpus,18.805641313365943,2.934156894683838,60,procon_corpus.jsonl#L649,bf7c58d9-89f4-43d8-a108-bf9d6d066a39
754,,Whole Clean Corpus,38.40064092023251,3.648074150085449,120,procon_corpus.jsonl#L650,385c3e7b-ea64-4da3-bd50-d48e3dad91d0
755,,Whole Clean Corpus,16.161881528328415,2.7826554775238037,61,procon_corpus.jsonl#L651,e73dafee-fab5-4c42-b469-af69ce0da929
756,,Whole Clean Corpus,30.279313713760814,3.4104647636413574,61,procon_corpus.jsonl#L652,1ac9f0e2-df61-4add-a7c3-af6038dc160c
757,,Whole Clean Corpus,34.4843023846301,3.540504217147827,17,procon_corpus.jsonl#L653,953082f9-56cb-4eac-ab86-52a9554150cc
758,,Whole Clean Corpus,34.038144552368465,3.5274817943573,68,procon_corpus.jsonl#L654,434bbbf3-338f-4a22-aecb-2187c722924b
759,,Whole Clean Corpus,58.13417363124212,4.062753677368164,97,procon_corpus.jsonl#L655,3e5827bb-612a-4c6e-9285-69f1859eba11
760,,Whole Clean Corpus,21.71029225607062,3.077786445617676,104,procon_corpus.jsonl#L656,4cfd56dc-46cf-41a5-b0bc-6c53e131fdad
761,,Whole Clean Corpus,22.118356847317717,3.096407890319824,53,procon_corpus.jsonl#L657,cbca598f-ece5-4e92-9b98-79e7fb1a0e08
762,,Whole Clean Corpus,21.76273281919714,3.0801990032196045,54,procon_corpus.jsonl#L658,48a3d386-0933-4143-9e02-abc7d1ef32ba
763,,Whole Clean Corpus,26.662846361391292,3.283271074295044,57,procon_corpus.jsonl#L659,ae374d59-998e-472e-8385-7af2024aff45
764,,Whole Clean Corpus,14.222062478994005,2.654794454574585,79,procon_corpus.jsonl#L660,89cfa72e-0caa-42d9-b191-0dd3f63d8f29
765,,Whole Clean Corpus,32.869122254550575,3.4925336837768555,131,procon_corpus.jsonl#L661,e2c80f83-dd59-48a9-aa31-aaf92230074a
766,,Whole Clean Corpus,113.99358313357784,4.736142158508301,60,procon_corpus.jsonl#L662,0af4ec0a-0a71-41bf-8c1f-433e01cb2c1b
767,,Whole Clean Corpus,37.125296442606825,3.6142985820770264,102,procon_corpus.jsonl#L663,e6cbeae5-50c8-4e32-b138-5ea268854eea
768,,Whole Clean Corpus,26.565065989884527,3.279597043991089,18,procon_corpus.jsonl#L664,1deeed00-5d68-49d0-a9ae-b63e37e5a633
769,,Whole Clean Corpus,11.795961475312952,2.467757225036621,88,procon_corpus.jsonl#L665,5a350802-88fe-4986-94a9-be8982eec973
770,,Whole Clean Corpus,26.11517954374899,3.262516736984253,40,procon_corpus.jsonl#L666,52a3bac7-0c93-4f7c-9ddd-adc2ff8e561d
771,,Whole Clean Corpus,30.692882299547925,3.4240307807922363,56,procon_corpus.jsonl#L667,c2cd55ae-0506-474f-a477-026c325a6d52
772,,Whole Clean Corpus,29.868041838246675,3.396789073944092,71,procon_corpus.jsonl#L668,23e58645-739b-4571-8878-6015573493fc
773,,Whole Clean Corpus,48.73697064564096,3.8864378929138184,83,procon_corpus.jsonl#L669,f903a25f-bf6f-40ca-97a6-2c8b3bfd3466
774,,Whole Clean Corpus,17.60379862732833,2.868114709854126,150,procon_corpus.jsonl#L670,097f141d-5a7b-4402-b240-f666e307cca7
775,,Whole Clean Corpus,12.936908406633046,2.560084342956543,144,procon_corpus.jsonl#L671,3b1b8e70-b370-4844-84b0-7438efdb3a5c
776,,Whole Clean Corpus,21.690683557328164,3.076882839202881,70,procon_corpus.jsonl#L672,480548cb-313b-4a8f-8139-5c07dac71485
777,,Whole Clean Corpus,35.42523912574222,3.5674245357513428,63,procon_corpus.jsonl#L673,4faf67aa-9b75-4089-95e7-456eeb7894cc
778,,Whole Clean Corpus,20.93389128455013,3.0413694381713867,73,procon_corpus.jsonl#L674,5d3ea791-152a-422b-a043-82bc9a8a7233
779,,Whole Clean Corpus,24.285933120849656,3.189897298812866,94,procon_corpus.jsonl#L675,fb7bff37-6c77-4f09-a696-4cbfbdc98b8c
780,,Whole Clean Corpus,57.49849457604048,4.051758766174316,40,procon_corpus.jsonl#L676,c121707f-bad9-492e-a052-d21e465df19b
781,,Whole Clean Corpus,31.459279356464673,3.4486939907073975,72,procon_corpus.jsonl#L677,d28a8d83-dc0e-4e99-85f2-1eda0ba7bd6b
782,,Whole Clean Corpus,87.21169941622041,4.468338489532471,54,procon_corpus.jsonl#L678,cf3de1a5-8997-436c-b2a4-5a5d26de88ce
783,,Whole Clean Corpus,34.7840867069957,3.5491600036621094,35,procon_corpus.jsonl#L679,6f0b479d-3d6c-4655-9819-ec9b91a507bb
784,,Whole Clean Corpus,51.623740169726965,3.943981647491455,64,procon_corpus.jsonl#L680,7bfad1ac-f1d1-467a-ab48-7fecf68d9d41
785,,Whole Clean Corpus,51.55944601694308,3.942735433578491,65,procon_corpus.jsonl#L681,9f5f11f9-64c2-4e0c-8b84-546057a0c250
786,,Whole Clean Corpus,51.76070098878933,3.9466311931610107,33,procon_corpus.jsonl#L682,0f9f5a89-e1fe-43d0-9541-cdd79474e57f
787,,Whole Clean Corpus,34.58867827588934,3.5435264110565186,88,procon_corpus.jsonl#L683,e27ba28b-fe1c-4936-b00c-06824062ed7a
788,,Whole Clean Corpus,93.20474404172545,4.534798622131348,49,procon_corpus.jsonl#L684,5c26efe1-e12f-46b1-8b95-b41d1b015b73
789,,Whole Clean Corpus,34.27739350427382,3.5344860553741455,31,procon_corpus.jsonl#L685,86c7fffd-2ff9-41c0-9bd7-9d4a45d18f40
790,,Whole Clean Corpus,79.5400191555876,4.376260280609131,51,procon_corpus.jsonl#L686,0f553c0d-0ef6-4c2e-83d6-5b2c5a6b4fbd
791,,Whole Clean Corpus,29.127580386225358,3.37168550491333,32,procon_corpus.jsonl#L687,413511d2-edf0-4143-b035-ef89a1a0025f
792,,Whole Clean Corpus,31.12778456812462,3.438100814819336,204,procon_corpus.jsonl#L688,a822f68a-b74b-4e04-a1dd-c4c54f54c4c5
793,,Whole Clean Corpus,65.2522057055762,4.17825984954834,90,procon_corpus.jsonl#L688,a325d92e-22e0-48df-ac74-91e9915b669b
794,,Whole Clean Corpus,41.50492922675406,3.7258121967315674,206,procon_corpus.jsonl#L689,8afd60dc-2225-4027-96f6-24d62b3a0f37
795,,Whole Clean Corpus,31.370284807889313,3.4458611011505127,223,procon_corpus.jsonl#L690,f8d710ab-bf6f-4c01-a0bb-60bc93f350b2
796,,Whole Clean Corpus,51.59524257418299,3.943429470062256,116,procon_corpus.jsonl#L690,b0b03e3c-84f7-4515-9a30-53b07e6ecad2
797,,Whole Clean Corpus,29.886013768482286,3.397390604019165,208,procon_corpus.jsonl#L691,89398f46-87b9-4a45-831d-bdbb23fda9ee
798,,Whole Clean Corpus,44.93138023046953,3.8051364421844482,158,procon_corpus.jsonl#L692,16b784fb-c17c-4f17-8a12-fc5fd6aa1e91
799,,Whole Clean Corpus,22.96763138521303,3.1340858936309814,197,procon_corpus.jsonl#L693,b65418a4-89d3-4dcf-a31f-d896e9145b27
800,,Whole Clean Corpus,56.258884213383006,4.029963970184326,120,procon_corpus.jsonl#L693,125f20c2-0584-46b2-a944-9505a09dacaa
801,,Whole Clean Corpus,22.884870100971042,3.1304759979248047,189,procon_corpus.jsonl#L694,dbdb5e5d-563f-48ec-988c-5617e206a846
802,,Whole Clean Corpus,58.00668828123248,4.060558319091797,69,procon_corpus.jsonl#L694,1530f51a-6f3e-47ef-b666-e1e580c57936
803,,Whole Clean Corpus,33.30754789211508,3.505784034729004,193,procon_corpus.jsonl#L695,9fb79473-e2d6-41b9-9c3b-8900c8cc2f0e
804,,Whole Clean Corpus,44.71882415752115,3.8003945350646973,167,procon_corpus.jsonl#L695,71b39b4f-b439-442c-8a45-5005597822a5
805,,Whole Clean Corpus,15.184561437242635,2.7202792167663574,195,procon_corpus.jsonl#L696,7cb11b28-fd50-479f-bf35-8e804ae868a8
806,,Whole Clean Corpus,17.39967471286938,2.8564515113830566,195,procon_corpus.jsonl#L696,0d0070b6-8a0a-458b-a2e1-49853dad7266
807,,Whole Clean Corpus,31.806268439941995,3.4596633911132812,226,procon_corpus.jsonl#L697,fec394df-a582-4b9b-a08b-6e2989dc68ab
808,,Whole Clean Corpus,46.72712481407352,3.844324827194214,215,procon_corpus.jsonl#L697,fc7c9571-6484-4950-8434-bdf57362b2f9
809,,Whole Clean Corpus,35.40052620475352,3.5667266845703125,168,procon_corpus.jsonl#L698,b77a2f85-febc-4076-88cf-5fb3d37e6dce
810,,Whole Clean Corpus,29.489496727132604,3.3840341567993164,196,procon_corpus.jsonl#L699,f1167c20-bfe0-4661-9dae-b009d7a13026
811,,Whole Clean Corpus,44.699327979172324,3.7999584674835205,158,procon_corpus.jsonl#L700,d7bed88b-c674-4b0b-9bfa-7373461f79b6
812,,Whole Clean Corpus,18.95087653102921,2.941850185394287,215,procon_corpus.jsonl#L701,50f6ed30-808f-4941-a2cf-4f7b2cefa7a4
813,,Whole Clean Corpus,37.512933404907706,3.624685764312744,101,procon_corpus.jsonl#L701,604035ef-d299-44f3-b9b0-fbb8414039e4
814,,Whole Clean Corpus,40.58329401401611,3.7033565044403076,146,procon_corpus.jsonl#L702,a0450b0e-7e84-45f8-8226-c4f85d097933
815,,Whole Clean Corpus,24.582538670654184,3.2020363807678223,246,procon_corpus.jsonl#L703,3fa233ad-d50c-4b0b-af4c-eba255384835
816,,Whole Clean Corpus,20.00383481595212,2.9959239959716797,109,procon_corpus.jsonl#L704,c6ce3be4-b582-43c2-b52d-96c2364b1e69
817,,Whole Clean Corpus,17.53547311503066,2.8642258644104004,81,procon_corpus.jsonl#L705,775f3e06-3986-4fd8-a9ef-d86df0b88a6d
818,,Whole Clean Corpus,47.456870997599914,3.859821319580078,47,procon_corpus.jsonl#L706,23dd87b3-a66c-43da-a4c3-7fe8876e297b
819,,Whole Clean Corpus,31.871224165042786,3.4617035388946533,112,procon_corpus.jsonl#L707,d432d948-e042-48b8-95c9-3f930fb13a79
820,,Whole Clean Corpus,23.265264414745737,3.1469614505767822,93,procon_corpus.jsonl#L708,16dcf8f0-515f-4134-a301-b9ed6318a345
821,,Whole Clean Corpus,15.826063850029367,2.761658191680908,110,procon_corpus.jsonl#L709,7a3caae2-0c5f-4996-b6b2-376328ae8379
822,,Whole Clean Corpus,14.640063341050105,2.6837618350982666,51,procon_corpus.jsonl#L710,e22fe431-3648-418e-8058-99540a56f9e7
823,,Whole Clean Corpus,23.514754128214875,3.157628059387207,33,procon_corpus.jsonl#L711,8a07b6d5-0c0c-45ac-883f-a419d7194201
824,,Whole Clean Corpus,19.303301179643036,2.9602761268615723,94,procon_corpus.jsonl#L712,052ff538-1535-4693-874a-5a30b0e37658
825,,Whole Clean Corpus,27.837262042811915,3.3263754844665527,37,procon_corpus.jsonl#L713,44a788b6-0f76-4b70-99f3-e1896a442aab
826,,Whole Clean Corpus,84.4517288352193,4.436180114746094,52,procon_corpus.jsonl#L714,71b98996-0033-4c90-ae6f-19aec9015867
827,,Whole Clean Corpus,31.04088967081115,3.43530535697937,58,procon_corpus.jsonl#L715,225b2dbf-c019-4614-a9d3-6e5385db775b
828,,Whole Clean Corpus,37.4723774125421,3.6236040592193604,43,procon_corpus.jsonl#L716,5dc05b59-c66e-4f39-b0a4-31bba2346352
829,,Whole Clean Corpus,24.93295289900864,3.2161903381347656,140,procon_corpus.jsonl#L717,6656f706-8e80-40d0-a0cf-c5a5f9f0fc4f
830,,Whole Clean Corpus,23.17305892640749,3.1429903507232666,98,procon_corpus.jsonl#L718,19e8d6c4-b548-4642-8ef3-260534990417
831,,Whole Clean Corpus,36.81524295468904,3.60591197013855,110,procon_corpus.jsonl#L719,0d80e75f-0b75-418e-b1ce-6b76b6737dfe
832,,Whole Clean Corpus,42.65211198755267,3.7530767917633057,44,procon_corpus.jsonl#L720,47b42102-c94a-47df-aafb-f2711cea8286
833,,Whole Clean Corpus,30.205170109050915,3.408013105392456,139,procon_corpus.jsonl#L721,d47156b6-c633-419f-87e2-13c8885bb655
834,,Whole Clean Corpus,22.680477789901445,3.121504545211792,151,procon_corpus.jsonl#L722,4f48eeaa-1c31-4733-b2ff-7a33986f1794
835,,Whole Clean Corpus,33.178271517095936,3.5018951892852783,118,procon_corpus.jsonl#L723,d081240f-1a71-407b-bc77-5e389f994d5b
836,,Whole Clean Corpus,20.202492123305692,3.0058059692382812,137,procon_corpus.jsonl#L724,910a8d8c-bc23-4ec0-baa4-2c5fe179f4a6
837,,Whole Clean Corpus,36.47371811062225,3.5965919494628906,169,procon_corpus.jsonl#L725,92ea8db5-9512-41ca-b172-5190a6c8d4a0
838,,Whole Clean Corpus,14.786073677341214,2.69368577003479,52,procon_corpus.jsonl#L726,d25b746d-cf1e-417c-b109-85ad68f4629a
839,,Whole Clean Corpus,55.73971033466464,4.020692825317383,35,procon_corpus.jsonl#L727,7e178223-c918-4563-b7f5-5b06e6799ecf
840,,Whole Clean Corpus,17.94010496908602,2.8870387077331543,56,procon_corpus.jsonl#L728,ce3d2dc8-9f9e-4fa1-8d93-21e0e5505e89
841,,Whole Clean Corpus,50.11611644201204,3.9143426418304443,15,procon_corpus.jsonl#L729,0333b7a0-8110-42c7-b066-4df9a1f607e9
842,,Whole Clean Corpus,40.274923002113226,3.6957290172576904,60,procon_corpus.jsonl#L730,555c957f-227a-483f-b201-1a99cf0495fb
843,,Whole Clean Corpus,9.962130274429564,2.29879093170166,192,procon_corpus.jsonl#L731,b91bc565-a016-4763-9ab0-5299d559d5ef
844,,Whole Clean Corpus,5.5697026117925015,1.717341661453247,44,procon_corpus.jsonl#L732,a5dca315-6a47-49ac-8016-3e5a5dcf1e82
845,,Whole Clean Corpus,21.28410415392991,3.0579605102539062,109,procon_corpus.jsonl#L733,a19ca660-5e8e-4ed4-ac9a-992c634d4256
846,,Whole Clean Corpus,25.369071124904277,3.2335307598114014,24,procon_corpus.jsonl#L734,e42d9893-5774-456a-9bf4-d876e9fd6bd2
847,,Whole Clean Corpus,34.5074542338512,3.541175365447998,71,procon_corpus.jsonl#L735,9fcd41ea-1171-4515-87b4-c7978187b6a8
848,,Whole Clean Corpus,16.528799037359548,2.8051042556762695,150,procon_corpus.jsonl#L736,d36b64e4-aac6-4160-bbfa-558927b78711
849,,Whole Clean Corpus,32.92581410167123,3.4942569732666016,95,procon_corpus.jsonl#L737,31c5ae5e-a322-440b-8174-12bec631fde9
850,,Whole Clean Corpus,27.337541871806124,3.308260917663574,192,procon_corpus.jsonl#L738,b0255a7b-9bd4-410c-a0a3-6355f8974303
851,,Whole Clean Corpus,24.815281097197758,3.2114596366882324,200,procon_corpus.jsonl#L739,c8929401-8646-41b4-8777-1133e142f527
852,,Whole Clean Corpus,23.955535779992005,3.176199436187744,61,procon_corpus.jsonl#L739,50476dad-5d10-4ddb-809d-76229135c308
853,,Whole Clean Corpus,17.353717248614508,2.853806734085083,210,procon_corpus.jsonl#L740,b21200c2-313f-40ff-b58b-3d1c924f1403
854,,Whole Clean Corpus,36.774871337372176,3.6048147678375244,51,procon_corpus.jsonl#L740,fc8571e9-e97e-4edb-9865-75f85a6fd6fb
855,,Whole Clean Corpus,22.808290108448368,3.127124071121216,222,procon_corpus.jsonl#L741,e516d628-00fe-4808-a1a7-72ab3aa7d4e8
856,,Whole Clean Corpus,36.662683292528676,3.601759433746338,60,procon_corpus.jsonl#L741,637aff3b-af4d-4ffe-bc52-709597da1bae
857,,Whole Clean Corpus,42.78747307910878,3.7562453746795654,138,procon_corpus.jsonl#L742,b72021be-2277-4929-b900-87200407e8bb
858,,Whole Clean Corpus,22.65320821764304,3.1203014850616455,226,procon_corpus.jsonl#L743,45bd465a-0f77-4d73-84e1-3c6b496bae12
859,,Whole Clean Corpus,25.68271959743065,3.2458183765411377,95,procon_corpus.jsonl#L743,2c1e7ee2-531b-4ea9-b8cc-b0f6eb422e5f
860,,Whole Clean Corpus,42.02606712044842,3.7382900714874268,91,procon_corpus.jsonl#L744,376aef75-cc34-4287-bd88-4fe6aeff2251
861,,Whole Clean Corpus,38.19605138565359,3.6427321434020996,160,procon_corpus.jsonl#L745,8c1c3a70-ea87-4907-b6e6-e6d7ebe18d02
862,,Whole Clean Corpus,30.33193646405883,3.412201166152954,171,procon_corpus.jsonl#L746,0a3a07b4-98b0-4149-8f6f-5280e3b07e79
863,,Whole Clean Corpus,48.63700359847698,3.8843846321105957,35,procon_corpus.jsonl#L747,a491c7f2-4987-4605-b164-2c28dad2208a
864,,Whole Clean Corpus,41.36274672287091,3.7223806381225586,69,procon_corpus.jsonl#L748,c847da26-6e9e-4c13-90cb-dc6e91f4e22e
865,,Whole Clean Corpus,94.11927083266266,4.544562816619873,59,procon_corpus.jsonl#L749,ce862c07-2e91-488e-9d33-685117a2a22c
866,,Whole Clean Corpus,26.71473108761053,3.285215139389038,111,procon_corpus.jsonl#L750,314abfb6-9f9f-472f-a56e-96491f7dfdde
867,,Whole Clean Corpus,48.270336768294406,3.876817226409912,69,procon_corpus.jsonl#L751,a461f86e-44b8-4504-9a06-d16d4ee81241
868,,Whole Clean Corpus,41.77087934948376,3.7321994304656982,175,procon_corpus.jsonl#L752,35140c02-975b-4107-9643-52c0923d643e
869,,Whole Clean Corpus,41.51336108852485,3.726015329360962,87,procon_corpus.jsonl#L753,77d7cb67-a046-41b1-9bdb-be9e3f189d96
870,,Whole Clean Corpus,44.00456652368578,3.7842934131622314,60,procon_corpus.jsonl#L754,d555b111-2fcd-4812-a0c3-11fa43bb3248
871,,Whole Clean Corpus,47.720279071326495,3.8653564453125,157,procon_corpus.jsonl#L755,a17f3ebe-d420-4975-94d6-8523c7a59c15
872,,Whole Clean Corpus,55.23738960310777,4.0116400718688965,21,procon_corpus.jsonl#L756,339c55f4-ce20-468e-a3a2-ea5470b9ccc3
873,,Whole Clean Corpus,56.22407441522841,4.0293450355529785,80,procon_corpus.jsonl#L757,d1d48f2a-24a0-41e0-a046-f925831cc7c9
874,,Whole Clean Corpus,69.31747590750822,4.238697052001953,50,procon_corpus.jsonl#L758,c5431449-2971-4cfb-9bfb-4733ffd2ef34
875,,Whole Clean Corpus,125.8995073306259,4.835484027862549,24,procon_corpus.jsonl#L759,67240296-962a-42e8-9754-55423351d32e
876,,Whole Clean Corpus,70.8837804812577,4.261041641235352,89,procon_corpus.jsonl#L760,dad12160-70e0-47d6-b306-53d116b89be5
877,,Whole Clean Corpus,26.602416158202978,3.2810020446777344,95,procon_corpus.jsonl#L761,999a39a8-c36b-4256-9d52-2c3aeee66a2f
878,,Whole Clean Corpus,92.66790764606566,4.529022216796875,68,procon_corpus.jsonl#L762,911445e5-48ae-4911-b5fe-dd6621421526
879,,Whole Clean Corpus,140.0491225664787,4.941993236541748,45,procon_corpus.jsonl#L763,453a8b6b-b4ee-4203-b37c-f0c6e2b32afe
880,,Whole Clean Corpus,41.251430580675425,3.7196857929229736,112,procon_corpus.jsonl#L764,ebaa1565-4fbe-4aa8-ab1a-884cc5c3a9d6
881,,Whole Clean Corpus,37.88095685982131,3.634448528289795,53,procon_corpus.jsonl#L765,7fdaf191-cc43-4ed3-8965-50164eb9b1ad
882,,Whole Clean Corpus,42.48516875501043,3.749155044555664,71,procon_corpus.jsonl#L766,85ca304f-eaea-499f-8e5c-cec6161a85df
883,,Whole Clean Corpus,37.12906731364204,3.6144001483917236,36,procon_corpus.jsonl#L767,e2cb53b8-d21d-4180-9b0d-822b356fe36c
884,,Whole Clean Corpus,50.80784422056318,3.9280507564544678,82,procon_corpus.jsonl#L768,5728cb4e-d7f2-4420-8a28-810ce878620b
885,,Whole Clean Corpus,41.19903292878888,3.718414783477783,67,procon_corpus.jsonl#L769,1e83704a-eaf8-4dde-947b-0f8f5e45a5b7
886,,Whole Clean Corpus,101.19706163675696,4.617069721221924,45,procon_corpus.jsonl#L770,3e1666ed-3b2a-4381-8288-599cc4b86486
887,,Whole Clean Corpus,58.314525399754444,4.065851211547852,52,procon_corpus.jsonl#L771,7cf6fbc7-3069-41b3-8b57-4a99eea6e9cd
888,,Whole Clean Corpus,55.58001510787531,4.017823696136475,47,procon_corpus.jsonl#L772,e83ad6b9-7c09-4d2a-8618-5b6b3bf59f15
889,,Whole Clean Corpus,90.65369517989745,4.507046699523926,60,procon_corpus.jsonl#L773,03763d84-2647-4b39-a35c-3e8b4723dae7
890,,Whole Clean Corpus,48.351713156524234,3.8785016536712646,86,procon_corpus.jsonl#L774,1749d745-d181-479a-a1d3-c4fa13cab4fe
891,,Whole Clean Corpus,45.12616840203302,3.809462308883667,42,procon_corpus.jsonl#L775,8cec4f17-2c78-4e56-b51f-298d6a4a440d
892,,Whole Clean Corpus,23.402804675483416,3.15285587310791,52,procon_corpus.jsonl#L776,dd2a95de-88da-4032-89e0-38f51b7d7a1b
893,,Whole Clean Corpus,62.88042297030666,4.141234874725342,123,procon_corpus.jsonl#L777,81d5562e-ed94-4dbc-81f0-80a6195d617c
894,,Whole Clean Corpus,31.725836669165275,3.4571313858032227,46,procon_corpus.jsonl#L778,981eb6d6-ca95-4062-bc95-9f40f83dd519
895,,Whole Clean Corpus,28.531871670394466,3.3510217666625977,88,procon_corpus.jsonl#L779,490d77aa-75e0-4c4f-a4aa-2d1c5238b601
896,,Whole Clean Corpus,17.826086498776647,2.8806629180908203,50,procon_corpus.jsonl#L780,c99ba580-b8a4-45c2-968a-7870301bb519
897,,Whole Clean Corpus,60.4091449003478,4.10114049911499,56,procon_corpus.jsonl#L781,96c822f3-da1e-42a3-a590-b982c234d965
898,,Whole Clean Corpus,89.82576735699621,4.4978718757629395,53,procon_corpus.jsonl#L782,de2e2d43-a445-43fa-b1e2-5e64f7aa1246
899,,Whole Clean Corpus,55.12826870108273,4.009662628173828,95,procon_corpus.jsonl#L783,4b3b2858-dd02-4c1c-ab82-25740a1670ea
900,,Whole Clean Corpus,43.05617979125487,3.7625057697296143,48,procon_corpus.jsonl#L784,c8d8578e-55de-48d7-8c93-090f046f6d6f
901,,Whole Clean Corpus,37.63849911235011,3.6280274391174316,40,procon_corpus.jsonl#L785,4cd82ff1-d69e-43a2-9004-7eecdc4bb39b
902,,Whole Clean Corpus,49.736152460963446,3.9067320823669434,110,procon_corpus.jsonl#L786,bb244cb4-a1b0-43b1-ba82-463679a42bc5
903,,Whole Clean Corpus,19.17746378425256,2.953735828399658,64,procon_corpus.jsonl#L787,92a1bf0f-80d8-4009-8932-2de39ea03c98
904,,Whole Clean Corpus,86.17884355377804,4.456424713134766,63,procon_corpus.jsonl#L788,dac7fbcf-94b2-41cc-8905-b17a5e0d813e
905,,Whole Clean Corpus,46.950592312088034,3.8490958213806152,80,procon_corpus.jsonl#L789,93928116-98e5-458c-baec-941507e22d0e
906,,Whole Clean Corpus,49.99944282175457,3.9120118618011475,132,procon_corpus.jsonl#L790,d8a8a6a9-b11f-42cb-8640-55492429650e
907,,Whole Clean Corpus,67.1987706190866,4.20765495300293,95,procon_corpus.jsonl#L791,2d445477-8221-44a6-ac7e-1eb51ab7e1a1
908,,Whole Clean Corpus,49.455426387452206,3.901071786880493,60,procon_corpus.jsonl#L792,4cc5b597-c559-49a6-817a-9f6046a1cdbc
909,,Whole Clean Corpus,32.886139937464314,3.493051290512085,59,procon_corpus.jsonl#L793,eb12ec2d-8393-443c-a746-63b1a8e8c728
910,,Whole Clean Corpus,53.411771323717296,3.9780311584472656,88,procon_corpus.jsonl#L794,cc565c75-d4a5-43e5-9bc5-9aa087eafdf2
911,,Whole Clean Corpus,61.151167899304454,4.113348960876465,81,procon_corpus.jsonl#L795,41a05688-cab8-4aa9-8ca3-24966026af30
912,,Whole Clean Corpus,25.288573165050696,3.2303526401519775,23,procon_corpus.jsonl#L796,ccc61cf9-f0ad-4985-8bff-8595dafeae4a
913,,Whole Clean Corpus,42.760448096707094,3.7556135654449463,59,procon_corpus.jsonl#L797,a3da5429-83c2-4ec2-8414-74ccda50c246
914,,Whole Clean Corpus,50.90444446225901,3.92995023727417,69,procon_corpus.jsonl#L798,a2282c4a-b9f1-4412-93a0-3e7f4fb68edc
915,,Whole Clean Corpus,26.807335068273854,3.288675546646118,56,procon_corpus.jsonl#L799,ed2465e7-a947-4e42-984f-a331c5fcdaf3
916,,Whole Clean Corpus,68.94784001703003,4.2333502769470215,101,procon_corpus.jsonl#L800,94f21471-8504-49af-8306-b64b06f7a854
917,,Whole Clean Corpus,71.50097011205185,4.269711017608643,52,procon_corpus.jsonl#L801,a1e5cc98-53b0-4c72-be4c-aabaf3a44b25
918,,Whole Clean Corpus,32.788105520930856,3.490065813064575,65,procon_corpus.jsonl#L802,11ca5567-8864-426e-8d77-8eaad269494c
919,,Whole Clean Corpus,35.93159092163116,3.5816168785095215,85,procon_corpus.jsonl#L803,c24e4832-9d72-412f-aac9-ea468f37be3f
920,,Whole Clean Corpus,25.68363809948173,3.245854139328003,30,procon_corpus.jsonl#L804,6c522eb8-effc-4ae8-aa66-3fbf1605e199
921,,Whole Clean Corpus,28.87518314542043,3.3629825115203857,33,procon_corpus.jsonl#L805,70d16f07-1ec5-48e7-9e25-a79195344921
922,,Whole Clean Corpus,50.87860014096688,3.9294424057006836,66,procon_corpus.jsonl#L806,0b4b31c4-798d-4462-951f-2fa2654ca266
923,,Whole Clean Corpus,56.8889689876582,4.041101455688477,67,procon_corpus.jsonl#L807,bdd5bc5a-73a7-4879-85d1-b8ba18a9026e
924,,Whole Clean Corpus,29.24428069907321,3.3756840229034424,77,procon_corpus.jsonl#L808,50ab3a5a-9388-4e9b-999f-0d9f2cef1900
925,,Whole Clean Corpus,77.54195237536138,4.350819110870361,54,procon_corpus.jsonl#L809,862eedab-ac61-495e-86b9-7bcc0206cae1
926,,Whole Clean Corpus,49.436069202841196,3.9006803035736084,43,procon_corpus.jsonl#L810,a785dae8-4fdf-4cc5-a4ee-b27eda882be2
927,,Whole Clean Corpus,38.226771350680814,3.64353609085083,89,procon_corpus.jsonl#L811,ecf92b28-4ce8-435d-8511-a8644c17fa42
928,,Whole Clean Corpus,52.325447195260665,3.9574828147888184,99,procon_corpus.jsonl#L812,ca510ebf-a09a-4f9f-b23e-ac5cda27da45
929,,Whole Clean Corpus,36.72539281495558,3.603468418121338,66,procon_corpus.jsonl#L813,7e5bef7e-13f2-45b0-b641-0cede82e2ccb
930,,Whole Clean Corpus,16.426828182331437,2.7989158630371094,60,procon_corpus.jsonl#L814,6c035c19-a634-4a1a-aead-aaf8e4b5b4c7
931,,Whole Clean Corpus,81.49881762074463,4.400588512420654,50,procon_corpus.jsonl#L815,f6fd163c-e0f0-436b-8045-7c3399b9ba94
932,,Whole Clean Corpus,90.17772247013349,4.501782417297363,44,procon_corpus.jsonl#L816,854156fa-daaf-4bd8-ab46-8e770e4108e3
933,,Whole Clean Corpus,14.462472456401251,2.6715571880340576,53,procon_corpus.jsonl#L817,ea9bec3b-37a4-460f-a86b-9fa0685bed33
934,,Whole Clean Corpus,125.6518126914376,4.83351469039917,53,procon_corpus.jsonl#L818,741c15a5-0a80-4e06-9177-c994ed8b0c92
935,,Whole Clean Corpus,51.35228826229833,3.9387094974517822,90,procon_corpus.jsonl#L819,15cf5735-ed16-4b8c-959b-61aa41ac0591
936,,Whole Clean Corpus,42.93713266215349,3.759737014770508,64,procon_corpus.jsonl#L820,4e350236-c58e-4e60-9499-6d8f5af38d72
937,,Whole Clean Corpus,35.87175914729902,3.5799503326416016,74,procon_corpus.jsonl#L821,cf0525b4-73b3-4b60-b613-13839ee97cd0
938,,Whole Clean Corpus,38.78391023651679,3.658005475997925,57,procon_corpus.jsonl#L822,ad8c4efb-9826-4353-bb15-d995d4c30c27
939,,Whole Clean Corpus,39.08609261030352,3.665766716003418,82,procon_corpus.jsonl#L823,1cb81290-36c8-49d2-a2b1-f839d37e1338
940,,Whole Clean Corpus,31.149744936834235,3.4388060569763184,42,procon_corpus.jsonl#L824,34286391-ab2a-4ba3-b447-2d0293c2c5b0
941,,Whole Clean Corpus,57.522818970169894,4.052181720733643,35,procon_corpus.jsonl#L825,eaafb50f-3d43-4907-be46-509afcdfaa51
942,,Whole Clean Corpus,67.6671317193163,4.214600563049316,57,procon_corpus.jsonl#L826,e674148f-cc68-4f0a-960a-322efd5d085c
943,,Whole Clean Corpus,40.5924773978077,3.703582763671875,101,procon_corpus.jsonl#L827,7b1494b8-d0b1-4dc3-ba09-087c3ac8d682
944,,Whole Clean Corpus,168.02344884850723,5.124103546142578,55,procon_corpus.jsonl#L828,605a1df1-36c2-4de9-85b2-cb8cc5317a47
945,,Whole Clean Corpus,56.57764902528095,4.035614013671875,76,procon_corpus.jsonl#L829,7a5f8c75-8aef-4bbd-be7f-6bbdfb85f201
946,,Whole Clean Corpus,40.98602220430225,3.713231086730957,78,procon_corpus.jsonl#L830,cc49f72e-c2d8-491b-9da3-c695f27bc66b
947,,Whole Clean Corpus,32.18957790526093,3.4716427326202393,81,procon_corpus.jsonl#L831,8287923b-3d70-43f2-b8b6-ca77321d16ea
948,,Whole Clean Corpus,27.031227689656824,3.296992778778076,54,procon_corpus.jsonl#L832,688e9a81-1e3c-4455-876a-aea0d271ff23
949,,Whole Clean Corpus,44.001828325757316,3.784231185913086,66,procon_corpus.jsonl#L833,da458b2b-2c53-47ca-9627-833b25de34c8
950,,Whole Clean Corpus,49.85051206838934,3.9090287685394287,39,procon_corpus.jsonl#L834,a52fb0d0-8372-48d8-93f6-cb2a8cfeed68
951,,Whole Clean Corpus,46.79525473029986,3.8457818031311035,97,procon_corpus.jsonl#L835,9055dbbf-ed7e-4277-a9f7-6ee47c9c241a
952,,Whole Clean Corpus,39.064022486423326,3.6652019023895264,66,procon_corpus.jsonl#L836,a7b143a7-8277-4144-80d8-ec309ebe34c3
953,,Whole Clean Corpus,30.644425838539227,3.4224507808685303,82,procon_corpus.jsonl#L837,9358ce36-a7be-4624-a875-4cd02e1890a1
954,,Whole Clean Corpus,108.12166306684789,4.683257102966309,83,procon_corpus.jsonl#L838,e5152403-5f2b-4e5d-9248-5b4f0f92fb3f
955,,Whole Clean Corpus,44.06500759550653,3.785665988922119,98,procon_corpus.jsonl#L839,b7070dbb-b180-4ba8-af05-7dd813e609a1
956,,Whole Clean Corpus,46.70002755844439,3.8437447547912598,70,procon_corpus.jsonl#L840,3e302888-b061-47c2-8757-6642d9855286
957,,Whole Clean Corpus,41.41575743257795,3.723661422729492,48,procon_corpus.jsonl#L841,4e030ed1-511a-4e06-b499-408cd29d2abc
958,,Whole Clean Corpus,80.72050574496464,4.390992641448975,41,procon_corpus.jsonl#L842,20c62010-cde8-4809-914c-af3fc93614f8
959,,Whole Clean Corpus,78.91870063637431,4.368418216705322,60,procon_corpus.jsonl#L843,4c7f5498-4233-4a6c-952a-cac495a14b11
960,,Whole Clean Corpus,18.246209629864538,2.9039573669433594,49,procon_corpus.jsonl#L844,d32d1f2d-9a3d-49c0-bc08-2154c783c965
961,,Whole Clean Corpus,48.69188345303264,3.885512351989746,81,procon_corpus.jsonl#L845,9e6d11bd-5b23-46e5-a3c6-3154c8f8fc73
962,,Whole Clean Corpus,49.86778438380759,3.9093751907348633,99,procon_corpus.jsonl#L846,d13aaec2-fe05-4e8b-90b8-02fe5bfe952f
963,,Whole Clean Corpus,24.237731135342006,3.187910556793213,93,procon_corpus.jsonl#L847,b2b8406c-6391-4f32-af09-7d9c43190712
964,,Whole Clean Corpus,60.000632651234916,4.09435510635376,32,procon_corpus.jsonl#L848,392a6456-6351-4f64-a02d-f0c2b677119f
965,,Whole Clean Corpus,6.7985277759503795,1.9167060852050781,123,procon_corpus.jsonl#L849,766aeda9-6cb6-4a94-be66-93a1c8295713
966,,Whole Clean Corpus,17.601461013079234,2.8679819107055664,68,procon_corpus.jsonl#L850,d6600ba2-69bb-41ac-b3d7-e20df7ee07e3
967,,Whole Clean Corpus,53.23675750378947,3.9747490882873535,69,procon_corpus.jsonl#L851,ab9f4599-4b79-4809-b67c-9ad956c04d4f
968,,Whole Clean Corpus,31.610430897627317,3.4534871578216553,136,procon_corpus.jsonl#L852,4e4f6899-9e3f-433a-afb1-1e9c59c4c3de
969,,Whole Clean Corpus,34.827404017171375,3.5504045486450195,79,procon_corpus.jsonl#L853,3bea453e-6b14-4d81-8c60-2c6637874468
970,,Whole Clean Corpus,67.41589064514261,4.210880756378174,73,procon_corpus.jsonl#L854,084173be-9ea1-4749-a0c6-86859e139fa1
971,,Whole Clean Corpus,48.88336715492,3.889437198638916,20,procon_corpus.jsonl#L855,ab7f10db-40a4-4a1c-8fc5-e5ea18b08894
972,,Whole Clean Corpus,39.0328344208073,3.664403200149536,78,procon_corpus.jsonl#L856,4060a6a5-9877-41bb-aefd-28ab940433db
973,,Whole Clean Corpus,47.86476280544577,3.868379592895508,41,procon_corpus.jsonl#L857,47757381-a70b-40ea-80df-3ff84edd02e3
974,,Whole Clean Corpus,9.350196310608453,2.2353973388671875,48,procon_corpus.jsonl#L858,c2cf283d-defc-4bfe-a1b5-46cdb8acce6a
975,,Whole Clean Corpus,37.3320892396183,3.6198532581329346,66,procon_corpus.jsonl#L859,6d32adae-7662-4fda-aa83-0224a9676612
976,,Whole Clean Corpus,51.48083253842522,3.941209554672241,47,procon_corpus.jsonl#L860,d6f5fe30-7721-4ebb-bdbd-590e25a3739a
977,,Whole Clean Corpus,55.171396581619064,4.010444641113281,71,procon_corpus.jsonl#L861,9b8e7d6d-aff0-4fde-ad29-797aef547276
978,,Whole Clean Corpus,51.17506634881209,3.9352524280548096,86,procon_corpus.jsonl#L862,eebf073f-35e8-4c8c-804d-1e065edb9893
979,,Whole Clean Corpus,22.277934121687633,3.1035966873168945,58,procon_corpus.jsonl#L863,8066b84a-3a7c-4aff-802b-6a6c8ad6fdb2
980,,Whole Clean Corpus,33.34850962655957,3.5070130825042725,31,procon_corpus.jsonl#L864,db260055-79a0-4981-9e71-841e5e086423
981,,Whole Clean Corpus,21.377206534549195,3.0623252391815186,111,procon_corpus.jsonl#L865,add49cc3-f3e1-4990-9aab-739b5ca4cbd0
982,,Whole Clean Corpus,28.48523088440675,3.3493857383728027,107,procon_corpus.jsonl#L866,3f856c81-c69a-42c9-a29e-9425eccc660c
983,,Whole Clean Corpus,66.38064235931596,4.19540548324585,48,procon_corpus.jsonl#L867,855ef058-3a77-4788-9118-66c0ab847bbf
984,,Whole Clean Corpus,30.196810355099945,3.407736301422119,64,procon_corpus.jsonl#L868,55589158-c3eb-49de-84bc-38e30da596ad
985,,Whole Clean Corpus,13.278888479890794,2.5861754417419434,91,procon_corpus.jsonl#L869,20a670b2-550c-48d9-a9b8-8055e278aa45
986,,Whole Clean Corpus,25.410058307845688,3.235145092010498,41,procon_corpus.jsonl#L870,e8f6d1b0-4377-4a65-907b-338b3f4e7901
987,,Whole Clean Corpus,27.752974914120948,3.32334303855896,179,procon_corpus.jsonl#L871,262e76e3-4ecc-4e4b-941e-361a51634ac2
988,,Whole Clean Corpus,26.655555973391653,3.2829976081848145,186,procon_corpus.jsonl#L871,a60135ab-9db7-4cc9-82ed-a3c6e8d5823e
989,,Whole Clean Corpus,27.124708894511706,3.300445079803467,210,procon_corpus.jsonl#L872,d5694e19-c5e3-403e-b6bd-ecd51bd03924
990,,Whole Clean Corpus,58.43544216634331,4.067922592163086,85,procon_corpus.jsonl#L872,826cf2bc-cd9e-40a9-a7cb-8d50480b0478
991,,Whole Clean Corpus,22.716135460780066,3.123075485229492,136,procon_corpus.jsonl#L873,a0df46d2-9445-4031-95f1-149ad42246c2
992,,Whole Clean Corpus,34.45133270159348,3.5395476818084717,138,procon_corpus.jsonl#L873,f7e3d2dc-830e-42b2-b832-1e61a2a69455
993,,Whole Clean Corpus,17.132147818516753,2.840956687927246,199,procon_corpus.jsonl#L874,ccd18358-9486-4f5a-8d5a-7c87ba396ba9
994,,Whole Clean Corpus,33.028346908166036,3.497366189956665,127,procon_corpus.jsonl#L874,e1000aa5-7c5b-4f52-985a-94d672d257ab
995,,Whole Clean Corpus,32.6047262353739,3.48445725440979,112,procon_corpus.jsonl#L875,b2948bc9-7116-4ad9-bf27-181f0d62a460
996,,Whole Clean Corpus,33.50844270524379,3.5117974281311035,118,procon_corpus.jsonl#L875,ea086345-a55e-4c6d-adf8-b204f97049ab
997,,Whole Clean Corpus,30.018654068525468,3.4018189907073975,217,procon_corpus.jsonl#L876,2e216f1a-9c4f-4207-aec8-aa8dbd253abe
998,,Whole Clean Corpus,21.46092060537879,3.0662336349487305,150,procon_corpus.jsonl#L877,24a45ad8-ec63-49e3-a75b-32b108077c69
999,,Whole Clean Corpus,18.478494904441753,2.916607618331909,212,procon_corpus.jsonl#L878,e8b7bad8-81c3-486b-9e94-233fc3efd84b
1000,,Whole Clean Corpus,42.328192681503126,3.745453357696533,69,procon_corpus.jsonl#L878,54bcbf73-2948-4eb9-b403-4d7d96caed95
1001,,Whole Clean Corpus,45.91703169627187,3.826836109161377,198,procon_corpus.jsonl#L879,441a55ed-f656-45d7-a897-1978ec98fe9a
1002,,Whole Clean Corpus,36.79272693715056,3.605300188064575,197,procon_corpus.jsonl#L879,f73d0afb-26dd-4421-b369-aa8faee70950
1003,,Whole Clean Corpus,29.24746027712226,3.3757927417755127,187,procon_corpus.jsonl#L880,fc5a8c86-9d8a-4ff3-aeb2-e336ca34857c
1004,,Whole Clean Corpus,32.425712137948445,3.4789516925811768,185,procon_corpus.jsonl#L881,641712cf-34a1-495d-98e8-0090a42a7c67
1005,,Whole Clean Corpus,62.1763586867001,4.129974842071533,76,procon_corpus.jsonl#L881,5541c2ef-8579-4f2a-8a27-f423a67cda72
1006,,Whole Clean Corpus,26.353006444281075,3.2715823650360107,217,procon_corpus.jsonl#L882,49d9e7d6-f8ff-46b1-886d-ad2dd5306b5f
1007,,Whole Clean Corpus,23.44183345118895,3.154522180557251,189,procon_corpus.jsonl#L883,896e10a1-409f-4ac4-984d-315029b646e7
1008,,Whole Clean Corpus,51.20236745931815,3.9357857704162598,117,procon_corpus.jsonl#L883,2ea3a856-5ee2-42e0-9187-4b59f4259a71
1009,,Whole Clean Corpus,17.060628731865442,2.83677339553833,191,procon_corpus.jsonl#L884,2e29d59a-626a-422b-badf-7a3356070a7f
1010,,Whole Clean Corpus,24.98561708124493,3.2183003425598145,199,procon_corpus.jsonl#L885,d4b7ba54-c073-471b-9f42-6dca562001ab
1011,,Whole Clean Corpus,28.20848937750965,3.339622974395752,139,procon_corpus.jsonl#L886,0849c116-aee4-4e88-a813-352d39979b46
1012,,Whole Clean Corpus,9.958940949284694,2.2984707355499268,121,procon_corpus.jsonl#L887,68193a82-b0df-4c90-9bb0-057529e96bd7
1013,,Whole Clean Corpus,14.325599353697106,2.662048101425171,95,procon_corpus.jsonl#L888,926c001c-a585-4339-a06f-eb32761e8eb8
1014,,Whole Clean Corpus,29.65864996097847,3.389753818511963,103,procon_corpus.jsonl#L889,e261753c-4093-4322-a6de-7cba2ba58c2a
1015,,Whole Clean Corpus,23.162326555508603,3.1425271034240723,117,procon_corpus.jsonl#L890,3d87c53e-555f-45e8-b2a5-8968f9bd2460
1016,,Whole Clean Corpus,10.581594007571727,2.3591160774230957,78,procon_corpus.jsonl#L891,23ddbc15-7303-4f18-8d24-a0cfe94102c1
1017,,Whole Clean Corpus,28.498015182743146,3.349834442138672,45,procon_corpus.jsonl#L892,a3ecfdaa-cfad-4008-a266-08e292a8e2d2
1018,,Whole Clean Corpus,19.582770912401667,2.9746501445770264,51,procon_corpus.jsonl#L893,16510750-ab36-4c60-aa37-25ebb4d77866
1019,,Whole Clean Corpus,26.506279271220926,3.277381658554077,113,procon_corpus.jsonl#L894,9679c155-9e15-469c-8976-7fba734e3c0c
1020,,Whole Clean Corpus,12.203485657457998,2.5017216205596924,63,procon_corpus.jsonl#L895,f38ef9e5-1984-45e1-b9bd-d233bf680a15
1021,,Whole Clean Corpus,33.959727355948694,3.5251753330230713,75,procon_corpus.jsonl#L896,46d9d297-02f4-439c-b00d-34c32e62736a
1022,,Whole Clean Corpus,10.691850352714809,2.3694818019866943,117,procon_corpus.jsonl#L897,2cdcd8a6-2cbe-42eb-b2e6-1e8d64770bf9
1023,,Whole Clean Corpus,24.09387651532686,3.181957721710205,74,procon_corpus.jsonl#L898,56c1e3bd-b2ad-47c5-99ea-0c7f24518426
1024,,Whole Clean Corpus,30.583662042654378,3.4204659461975098,104,procon_corpus.jsonl#L899,932ec213-8da8-4d0d-abe8-4c489bc1b96e
1025,,Whole Clean Corpus,16.465462433735446,2.801265001296997,134,procon_corpus.jsonl#L900,6a478934-9c9e-4e88-a78e-acba0c91597c
1026,,Whole Clean Corpus,13.089844623334093,2.5718367099761963,212,procon_corpus.jsonl#L901,3625fb37-e551-45f8-9596-894468e9d0f9
1027,,Whole Clean Corpus,23.41034401494641,3.1531779766082764,126,procon_corpus.jsonl#L902,675a4718-c51a-4285-b94c-3bcd518ea9af
1028,,Whole Clean Corpus,18.328055265584165,2.908432960510254,178,procon_corpus.jsonl#L903,96bfc924-87c4-4693-bade-68d161bee8b7
1029,,Whole Clean Corpus,55.77001836374072,4.021236419677734,153,procon_corpus.jsonl#L904,86d1b959-4292-4613-a5cc-a8184035d250
1030,,Whole Clean Corpus,30.186286548673483,3.4073877334594727,146,procon_corpus.jsonl#L905,4668dc93-f94c-41c2-837f-fb1035b43bd3
1031,,Whole Clean Corpus,22.132288354203723,3.0970375537872314,140,procon_corpus.jsonl#L906,5f192ecf-adcc-4896-aa56-d67a6bf126e8
1032,,Whole Clean Corpus,23.212866746362774,3.1447067260742188,68,procon_corpus.jsonl#L907,361ea9c9-7954-4411-bf87-1eac36016c79
1033,,Whole Clean Corpus,42.04889841340885,3.73883318901062,116,procon_corpus.jsonl#L908,2b18b43c-3839-414a-8722-f7f8d97b1206
1034,,Whole Clean Corpus,27.873755820966128,3.327685594558716,171,procon_corpus.jsonl#L909,9798fa81-732b-4df1-b6bd-a316b87d32f9
1035,,Whole Clean Corpus,19.053141726103743,2.9472320079803467,98,procon_corpus.jsonl#L910,486f0dd0-5a2e-4746-8fc4-422985585f39
1036,,Whole Clean Corpus,45.11558286950558,3.809227705001831,93,procon_corpus.jsonl#L911,9014ede1-a1bc-42fe-bfad-2961fe2c963b
1037,,Whole Clean Corpus,28.80969756271114,3.3607120513916016,110,procon_corpus.jsonl#L912,339da406-9905-4e8a-b331-10bb20e0ba65
1038,,Whole Clean Corpus,28.097235380026724,3.3356711864471436,145,procon_corpus.jsonl#L913,87bc978b-58ea-4489-ac53-6667eacfd0b7
1039,,Whole Clean Corpus,14.648991176285858,2.6843714714050293,105,procon_corpus.jsonl#L914,574248a1-cb5a-43f6-b6df-1f0cbfe02fb9
1040,,Whole Clean Corpus,33.36754156918709,3.5075836181640625,72,procon_corpus.jsonl#L915,e0b26f1e-a342-4a2a-85e5-3591a7fc3502
1041,,Whole Clean Corpus,16.79745774920772,2.821227550506592,90,procon_corpus.jsonl#L916,eeb0aba2-069a-4a91-98e5-da5d9a6d647f
1042,,Whole Clean Corpus,28.708451668950424,3.357191562652588,141,procon_corpus.jsonl#L917,965c45fe-a3ec-48d7-bfb4-c81b47298452
1043,,Whole Clean Corpus,21.989712742039114,3.0905747413635254,108,procon_corpus.jsonl#L918,fc10f6ca-28a5-4061-88e5-db3ced6df0d7
1044,,Whole Clean Corpus,22.995175287787383,3.135284423828125,66,procon_corpus.jsonl#L919,d51a5b55-e7ac-49df-85ec-b7407e997251
1045,,Whole Clean Corpus,26.459195959572565,3.275603771209717,59,procon_corpus.jsonl#L920,785295d5-8744-48ec-a7ba-439a1ed870d7
1046,,Whole Clean Corpus,33.472878428513425,3.510735511779785,86,procon_corpus.jsonl#L921,5567a7a6-4000-48f9-9a13-14ed6e23595e
1047,,Whole Clean Corpus,24.120487901218336,3.1830615997314453,56,procon_corpus.jsonl#L922,692a38f6-0b5d-4f3a-b202-e2123a9c59ad
1048,,Whole Clean Corpus,68.08062295645877,4.2206926345825195,67,procon_corpus.jsonl#L923,483d0ee4-44a4-49b5-98c2-b6b07d7ea06d
1049,,Whole Clean Corpus,33.27721068602842,3.5048727989196777,160,procon_corpus.jsonl#L924,48603bec-630e-4aa6-84c0-dc9f7f9c55bd
1050,,Whole Clean Corpus,260.31290891679276,5.56188440322876,34,procon_corpus.jsonl#L925,1938943c-539c-4799-b49e-8600b0322f30
1051,,Whole Clean Corpus,36.026825061528726,3.584263801574707,57,procon_corpus.jsonl#L926,aef39fb1-699e-4387-9f48-e0c095bb8999
1052,,Whole Clean Corpus,72.09815742644734,4.27802848815918,43,procon_corpus.jsonl#L927,8544b43d-70ce-4850-bdee-d5477d8aa226
1053,,Whole Clean Corpus,64.8732755813216,4.172435760498047,100,procon_corpus.jsonl#L928,deb3f23b-2463-4931-8b93-de4bdd5d6f34
1054,,Whole Clean Corpus,38.480100562561056,3.6501412391662598,69,procon_corpus.jsonl#L929,9e222201-3e4b-4202-a41f-3d8c169b32e4
1055,,Whole Clean Corpus,134.8191164596631,4.903934001922607,13,procon_corpus.jsonl#L930,4f441ad2-b012-4e86-a026-773e910ec5f8
1056,,Whole Clean Corpus,128.70500007609698,4.857522964477539,51,procon_corpus.jsonl#L931,da515019-30cd-467e-aa69-48bd2be2659e
1057,,Whole Clean Corpus,47.19472560693935,3.8542821407318115,104,procon_corpus.jsonl#L932,14dbaf20-fddf-4360-841f-57f0b5aa7ea0
1058,,Whole Clean Corpus,38.63451145014166,3.6541459560394287,114,procon_corpus.jsonl#L933,a1d6a5f4-44bd-432b-942f-f275be9d5474
1059,,Whole Clean Corpus,58.85159185783781,4.075018882751465,61,procon_corpus.jsonl#L934,fc91a26c-0ab9-4bce-8f3a-7e32bbb7f449
1060,,Whole Clean Corpus,105.88377936662545,4.662342071533203,49,procon_corpus.jsonl#L935,730a057f-86aa-4205-8ef7-203747bf9351
1061,,Whole Clean Corpus,29.655319625403624,3.389641523361206,174,procon_corpus.jsonl#L936,117889be-fcf5-43e7-b966-0d7a1572d230
1062,,Whole Clean Corpus,95.03189481894387,4.55421257019043,63,procon_corpus.jsonl#L937,80aa6f58-09b6-4173-885c-6b8b8df96bfb
1063,,Whole Clean Corpus,83.27899764278183,4.422196388244629,63,procon_corpus.jsonl#L938,c041fc7e-b2ea-4b3d-8dfb-f49c87d6d091
1064,,Whole Clean Corpus,79.20412262646265,4.372028350830078,50,procon_corpus.jsonl#L939,ae67f818-953f-4344-a760-5cd356acb008
1065,,Whole Clean Corpus,64.2659019216517,4.163029193878174,81,procon_corpus.jsonl#L940,335e9d71-72a9-497f-920f-028aa72c94b0
1066,,Whole Clean Corpus,24.005248303006027,3.1782724857330322,201,procon_corpus.jsonl#L941,9657635f-1839-4833-a45b-25a1fe9b71ef
1067,,Whole Clean Corpus,40.09401050648297,3.6912269592285156,192,procon_corpus.jsonl#L941,13887d50-6d18-488b-9f80-1db23c047028
1068,,Whole Clean Corpus,15.11630285798664,2.715773820877075,194,procon_corpus.jsonl#L942,6b920864-f427-4a8b-9db8-91a177c48b7c
1069,,Whole Clean Corpus,32.82931289583474,3.4913218021392822,148,procon_corpus.jsonl#L942,951a0ba0-43bc-4515-8ae3-3bfa29385d7b
1070,,Whole Clean Corpus,15.300102031020623,2.7278594970703125,171,procon_corpus.jsonl#L943,95a48725-b897-47d5-8a56-04db1ed01cbf
1071,,Whole Clean Corpus,15.159847806790753,2.7186503410339355,142,procon_corpus.jsonl#L943,ba083ee4-3b8a-48ea-9411-87563e973fbc
1072,,Whole Clean Corpus,59.06669114070916,4.078667163848877,167,procon_corpus.jsonl#L944,c023e220-e3c3-4c71-ac19-54456514c1c6
1073,,Whole Clean Corpus,27.72081594153447,3.322183609008789,198,procon_corpus.jsonl#L945,03abbbd5-c1f1-40f9-a53a-7bf3f568388c
1074,,Whole Clean Corpus,33.29627338443641,3.5054454803466797,141,procon_corpus.jsonl#L946,398984eb-884f-4902-918b-eedb3bdff529
1075,,Whole Clean Corpus,26.720234719475805,3.285421133041382,168,procon_corpus.jsonl#L947,08b59814-a3b9-419d-9fca-fce6466dbc2c
1076,,Whole Clean Corpus,27.088259331637477,3.299100399017334,199,procon_corpus.jsonl#L948,ee730cbf-869f-4d15-b944-3e107592dbc2
1077,,Whole Clean Corpus,30.151811166002688,3.406244993209839,192,procon_corpus.jsonl#L949,bd35ed33-b0ff-48d9-921a-eaf85c404e37
1078,,Whole Clean Corpus,39.74218035805696,3.682413101196289,166,procon_corpus.jsonl#L950,0e72421f-1e35-43e5-9d93-2bc89ead3db8
1079,,Whole Clean Corpus,30.563186477331413,3.4197962284088135,175,procon_corpus.jsonl#L951,a64e6f06-2ebf-42b7-8f42-bb37ebbd87f0
1080,,Whole Clean Corpus,36.70828754447124,3.6030025482177734,136,procon_corpus.jsonl#L952,a036c71b-513e-4fb7-af26-208498f1f391
1081,,Whole Clean Corpus,39.188239310342944,3.6683766841888428,192,procon_corpus.jsonl#L953,0116f511-26f0-4383-ba9f-d3a92a84af8f
1082,,Whole Clean Corpus,78.07138317732802,4.35762357711792,232,procon_corpus.jsonl#L954,2e28bbd2-93f9-49c9-94dc-eeef4655e1b8
1083,,Whole Clean Corpus,72.22874415598332,4.2798380851745605,91,procon_corpus.jsonl#L954,f7dfec6a-9387-476f-933d-471f962c0208
1084,,Whole Clean Corpus,31.10792370618011,3.437462568283081,214,procon_corpus.jsonl#L955,b93c563a-f61f-4259-9806-e56b4a2d8bb0
1085,,Whole Clean Corpus,51.37480870052696,3.93914794921875,129,procon_corpus.jsonl#L955,05404997-773a-44ac-bbc3-80deb37a05c1
1086,,Whole Clean Corpus,30.75658349563912,3.4261040687561035,201,procon_corpus.jsonl#L956,04ebaf33-9c6b-45b0-98c8-36c026c00ce1
1087,,Whole Clean Corpus,48.45172917063695,3.880568027496338,177,procon_corpus.jsonl#L957,c3f9ec8e-cf88-4a51-90e5-7154af913035
1088,,Whole Clean Corpus,66.07214565845788,4.190747261047363,90,procon_corpus.jsonl#L957,5e92da99-a029-45b6-badc-524ccc7851af
1089,,Whole Clean Corpus,32.52329885537973,3.481956720352173,224,procon_corpus.jsonl#L958,a2890a8d-e5e5-4871-a467-c1ffc9cecac4
1090,,Whole Clean Corpus,43.06078919951902,3.762612819671631,136,procon_corpus.jsonl#L959,d42038f9-540a-4811-a429-02703581bb88
1091,,Whole Clean Corpus,23.33557720141324,3.1499791145324707,224,procon_corpus.jsonl#L960,f8aa7d85-a6cd-4a4f-82ba-777ebb352932
1092,,Whole Clean Corpus,31.541750000964313,3.4513120651245117,208,procon_corpus.jsonl#L961,29209ca4-48eb-4eb0-96fc-0824d43577dd
1093,,Whole Clean Corpus,39.27165065046855,3.6705029010772705,162,procon_corpus.jsonl#L961,6e33baa1-74da-4806-8d9f-14624bf090ed
1094,,Whole Clean Corpus,31.381752607110148,3.4462265968322754,174,procon_corpus.jsonl#L962,289580db-c266-44bc-b471-698aa344450a
1095,,Whole Clean Corpus,24.521678003504217,3.1995575428009033,89,procon_corpus.jsonl#L963,af5cb8f9-7b99-4123-ae3e-9ed7ba6db300
1096,,Whole Clean Corpus,17.403935647181864,2.856696367263794,83,procon_corpus.jsonl#L964,129df807-1718-4d63-b9d6-5855de07ed94
1097,,Whole Clean Corpus,35.14380930680468,3.559448480606079,47,procon_corpus.jsonl#L965,e7a6d854-013f-4564-8aa3-c804b91d87b5
1098,,Whole Clean Corpus,36.98435888703221,3.610495090484619,71,procon_corpus.jsonl#L966,19f57be2-8e82-48d0-a419-84d8cc73f146
1099,,Whole Clean Corpus,31.248534970059442,3.441972494125366,127,procon_corpus.jsonl#L967,ff2fbe3a-80c5-4b83-8b22-d48bfab385b6
1100,,Whole Clean Corpus,47.88767186648662,3.8688580989837646,96,procon_corpus.jsonl#L968,2cf0297d-1506-44f0-b686-08328b1e1334
1101,,Whole Clean Corpus,60.33277269064408,4.099875450134277,83,procon_corpus.jsonl#L969,e755b60e-de0b-4cef-96f6-b0a1f3aa6a2f
1102,,Whole Clean Corpus,30.610521918676227,3.4213438034057617,84,procon_corpus.jsonl#L970,2524bb5a-1a93-4426-ab33-dee033671763
1103,,Whole Clean Corpus,22.17332140567202,3.0988898277282715,90,procon_corpus.jsonl#L971,45e3eef0-efbe-474a-8d51-e973d01e1c2d
1104,,Whole Clean Corpus,17.05866827535831,2.836658477783203,117,procon_corpus.jsonl#L972,29fea6fd-fb57-41e3-a868-e2f01136b6a9
1105,,Whole Clean Corpus,16.34869321224157,2.7941479682922363,112,procon_corpus.jsonl#L973,05f6ca2c-a18d-4485-b712-79f599d710eb
1106,,Whole Clean Corpus,31.286800417256472,3.4431962966918945,44,procon_corpus.jsonl#L974,ece35901-6837-4652-afe4-fa8632cb6383
1107,,Whole Clean Corpus,47.155618269122385,3.8534531593322754,40,procon_corpus.jsonl#L975,9483016b-edd1-4835-9e67-8fe70ee5e604
1108,,Whole Clean Corpus,32.812551489120224,3.4908111095428467,91,procon_corpus.jsonl#L976,bd80ebf1-b220-4660-a080-be440e527f66
1109,,Whole Clean Corpus,36.87310536172955,3.607482433319092,53,procon_corpus.jsonl#L977,8418168e-c6f1-4579-bbd7-db7e15adb3fa
1110,,Whole Clean Corpus,16.590682265879646,2.8088412284851074,101,procon_corpus.jsonl#L978,779d1b5f-0425-40ba-82fe-d4e8143fc47f
1111,,Whole Clean Corpus,43.57712331808193,3.7745323181152344,53,procon_corpus.jsonl#L979,534ac431-8903-4e14-a5af-2785c9d6fb8d
1112,,Whole Clean Corpus,27.398524941795166,3.3104891777038574,20,procon_corpus.jsonl#L980,7cef5964-213c-4358-85b7-bb8edc3b02be
1113,,Whole Clean Corpus,6.467621456788229,1.8668084144592285,59,procon_corpus.jsonl#L981,8f4eaca1-ae27-442d-9341-5ccb4039cdcc
1114,,Whole Clean Corpus,10.76586716832682,2.376380681991577,83,procon_corpus.jsonl#L982,6d316c15-721b-47a6-96d3-289983918956
1115,,Whole Clean Corpus,39.94278378568704,3.687448024749756,63,procon_corpus.jsonl#L983,ee2e9c35-f5ee-4a26-9178-b2d67ca7e243
1116,,Whole Clean Corpus,47.15629284047755,3.8534674644470215,107,procon_corpus.jsonl#L984,a3f04fca-84ed-4f05-9ed5-1e5b281343a2
1117,,Whole Clean Corpus,36.82150179988523,3.606081962585449,110,procon_corpus.jsonl#L985,f4179043-d457-47b1-bb6f-b4a3b7924ee7
1118,,Whole Clean Corpus,22.831227905964685,3.128129243850708,97,procon_corpus.jsonl#L986,02d0a6eb-2aad-47c3-873d-50566a5ea11a
1119,,Whole Clean Corpus,15.76557792214862,2.757828950881958,55,procon_corpus.jsonl#L987,8fbd6159-9519-4a15-b094-47ed0df414a0
1120,,Whole Clean Corpus,79.11994593359026,4.370965003967285,60,procon_corpus.jsonl#L988,8497e418-8f9c-446e-9612-8b502f486259
1121,,Whole Clean Corpus,32.453137473238655,3.479797124862671,36,procon_corpus.jsonl#L989,566f2651-07cf-48b3-b6ef-3e872771c868
1122,,Whole Clean Corpus,65.6955646468914,4.185031414031982,29,procon_corpus.jsonl#L990,3b94d0cf-908c-4009-99bd-b5022c5e25e9
1123,,Whole Clean Corpus,38.11814161542655,3.640690326690674,53,procon_corpus.jsonl#L991,f3f30cd1-3b82-48a1-b857-1291f6dc840f
1124,,Whole Clean Corpus,55.61967716684592,4.0185370445251465,52,procon_corpus.jsonl#L992,fe450f64-b4c6-44b4-95ed-6c48dd28de13
1125,,Whole Clean Corpus,35.852247664642135,3.579406261444092,145,procon_corpus.jsonl#L993,d861d157-b076-41b0-9719-3b43eb26512f
1126,,Whole Clean Corpus,25.32866938917034,3.2319369316101074,225,procon_corpus.jsonl#L994,56ef9a7e-c023-4f2f-9f42-83ed0952a943
1127,,Whole Clean Corpus,50.3798206812316,3.919590711593628,75,procon_corpus.jsonl#L994,5f5136d0-ebf8-4423-95d5-e6011cbe252e
1128,,Whole Clean Corpus,18.943431932408757,2.9414572715759277,64,procon_corpus.jsonl#L995,e85a8525-8f03-4b27-8a9f-9161de41bee2
1129,,Whole Clean Corpus,36.43319982482063,3.595480442047119,57,procon_corpus.jsonl#L996,7794b128-a51c-42db-aa1a-1f32bc0e3c73
1130,,Whole Clean Corpus,102.53387517489354,4.63019323348999,54,procon_corpus.jsonl#L997,c2fda868-a1b1-4413-a7d0-e79e6c2f3fe9
1131,,Whole Clean Corpus,38.76052287477298,3.657402276992798,45,procon_corpus.jsonl#L998,e8a79b7f-5fdc-4a8f-93f7-121ef9008421
1132,,Whole Clean Corpus,21.976578319483842,3.089977264404297,64,procon_corpus.jsonl#L999,95b68406-929b-4910-afc6-47484cb2a9af
1133,,Whole Clean Corpus,53.70249555828012,3.98345947265625,68,procon_corpus.jsonl#L1000,9a47863c-0dfd-46c6-86a6-4564b382e187
1134,,Whole Clean Corpus,68.09552527440913,4.220911502838135,64,procon_corpus.jsonl#L1001,34f9edeb-2100-4972-8e10-e15cb51d2c0b
1135,,Whole Clean Corpus,23.577696662166836,3.1603012084960938,77,procon_corpus.jsonl#L1002,a3a7e63a-dcb2-4702-b527-a3baf7f90941
1136,,Whole Clean Corpus,12.458730204742903,2.5224215984344482,66,procon_corpus.jsonl#L1003,c10e862a-8069-4d13-b610-c1568f1faac5
1137,,Whole Clean Corpus,51.26138855248292,3.9369378089904785,92,procon_corpus.jsonl#L1004,5552fc8b-9f6f-4fda-8e7a-c4dc2997745f
1138,,Whole Clean Corpus,18.214146148624046,2.902198553085327,107,procon_corpus.jsonl#L1005,a8c66f7b-d6d8-49f4-9f1e-6d734fab8805
1139,,Whole Clean Corpus,30.190007612292344,3.407510995864868,102,procon_corpus.jsonl#L1006,c9643532-da86-4430-8c98-8904de5b483f
1140,,Whole Clean Corpus,49.50012302260506,3.901975154876709,62,procon_corpus.jsonl#L1007,aa120374-0276-4a9a-b9e6-60ae1ef67f85
1141,,Whole Clean Corpus,72.07237772611757,4.277670860290527,42,procon_corpus.jsonl#L1008,057d9ac1-9531-44d4-ba04-dada3deaaab5
1142,,Whole Clean Corpus,55.21089868211486,4.011160373687744,120,procon_corpus.jsonl#L1009,2e15a979-5203-4e78-8a1e-9b14e9fad76c
1143,,Whole Clean Corpus,52.17462580685262,3.9545962810516357,76,procon_corpus.jsonl#L1010,c7b5e622-9876-4f5e-b07a-726f681cd953
1144,,Whole Clean Corpus,25.955094802109198,3.2563679218292236,99,procon_corpus.jsonl#L1011,7c45ba28-212f-4fdd-a900-8bcdb1e6cdb0
1145,,Whole Clean Corpus,17.23349177544624,2.8468546867370605,167,procon_corpus.jsonl#L1012,ad8dfea2-8966-427c-b5c1-33c4b9112961
1146,,Whole Clean Corpus,39.0649538563996,3.6652257442474365,76,procon_corpus.jsonl#L1013,5b2cb05d-bc97-4545-a3c4-d65c8f1e311b
1147,,Whole Clean Corpus,49.87488286453845,3.909517526626587,90,procon_corpus.jsonl#L1014,aa6ad470-ab6a-4e9c-adf9-3b2f8a1b19bb
1148,,Whole Clean Corpus,24.455883082122345,3.196870803833008,65,procon_corpus.jsonl#L1015,77a80904-fd64-4345-a6c6-0e2b46c0e64c
1149,,Whole Clean Corpus,49.112497827500555,3.894113540649414,67,procon_corpus.jsonl#L1016,99593128-3d19-4a91-ab3a-b8a93f557518
1150,,Whole Clean Corpus,24.306839009383,3.1907577514648438,92,procon_corpus.jsonl#L1017,98369a3f-9ed4-4735-8b36-dcedf97c7966
1151,,Whole Clean Corpus,44.97187019699918,3.806037187576294,61,procon_corpus.jsonl#L1018,5ebc6eb7-ba64-4461-abfe-c22dc25822eb
1152,,Whole Clean Corpus,78.67725156723328,4.365354061126709,109,procon_corpus.jsonl#L1019,d16253a0-eadf-4392-ae0a-7d14268032bd
1153,,Whole Clean Corpus,69.29351651674716,4.238351345062256,70,procon_corpus.jsonl#L1020,fb9fdc99-03f8-46a7-9270-b3bd5f23754b
1154,,Whole Clean Corpus,45.75640733189733,3.823331832885742,64,procon_corpus.jsonl#L1021,757f9e5d-97d6-40a5-9319-95d42abe5c8a
1155,,Whole Clean Corpus,65.1825149580309,4.177191257476807,70,procon_corpus.jsonl#L1022,c4760b26-998d-47b3-bb6b-5313fa992347
1156,,Whole Clean Corpus,46.59206218410653,3.841430187225342,31,procon_corpus.jsonl#L1023,175460d1-3753-44c7-a309-ef23c96ded70
1157,,Whole Clean Corpus,41.66808026633247,3.7297353744506836,61,procon_corpus.jsonl#L1024,4ee234f6-ca70-45bc-8fb0-5fca2bc3bd7f
1158,,Whole Clean Corpus,24.930658435617147,3.2160983085632324,41,procon_corpus.jsonl#L1025,59734f23-0792-4c27-9003-fd1c16f79f71
1159,,Whole Clean Corpus,26.973570115792825,3.2948575019836426,93,procon_corpus.jsonl#L1026,c5c3d28d-b788-4a38-97e7-5ba6ef53ba81
1160,,Whole Clean Corpus,23.375368825907785,3.1516828536987305,81,procon_corpus.jsonl#L1027,3101a048-6c62-4924-a965-8f87aecd9b60
1161,,Whole Clean Corpus,66.4285819356675,4.196127414703369,109,procon_corpus.jsonl#L1028,cd5d9c68-3b59-47c5-a8eb-db0c0112008b
1162,,Whole Clean Corpus,62.55522380327858,4.136049747467041,78,procon_corpus.jsonl#L1029,b72420d7-996e-435c-891d-c18a1b583c1e
1163,,Whole Clean Corpus,32.02056049600262,3.4663782119750977,140,procon_corpus.jsonl#L1030,b76551a9-efb1-4367-85b3-f148a4c0b4f5
1164,,Whole Clean Corpus,52.53810898278025,3.961538791656494,67,procon_corpus.jsonl#L1031,44f91ce8-363d-4fa9-af81-1f4a18667904
1165,,Whole Clean Corpus,23.7220322542762,3.1664042472839355,69,procon_corpus.jsonl#L1032,3a55891f-4884-4c65-8746-b92dcbddf965
1166,,Whole Clean Corpus,60.65963541711301,4.105278491973877,32,procon_corpus.jsonl#L1033,c2776843-4027-45e4-9f19-41e0280258b2
1167,,Whole Clean Corpus,85.63509407972842,4.450095176696777,71,procon_corpus.jsonl#L1034,aa8aeb29-e641-40a1-8fcf-6513fc73c315
1168,,Whole Clean Corpus,42.54556173165828,3.750575542449951,53,procon_corpus.jsonl#L1035,ae401327-3877-4c69-8f69-48d8cbca1df4
1169,,Whole Clean Corpus,33.435271248334715,3.5096113681793213,103,procon_corpus.jsonl#L1036,81a57e96-33fa-4df0-bf2a-beaef2063837
1170,,Whole Clean Corpus,98.23881382565501,4.587401390075684,59,procon_corpus.jsonl#L1037,2f801d15-e198-4a0a-822b-0b29ebf99325
1171,,Whole Clean Corpus,28.513150454637085,3.350365400314331,201,procon_corpus.jsonl#L1038,a0d27f6d-5528-4ca3-8c23-823d14da70d9
1172,,Whole Clean Corpus,47.18896488364996,3.8541600704193115,141,procon_corpus.jsonl#L1039,d3a5c14f-75ab-4ae4-9141-f79069b3a7e0
1173,,Whole Clean Corpus,26.62581762284845,3.281881332397461,166,procon_corpus.jsonl#L1040,3b467711-ca58-49a2-b44b-dc5825a99b1a
1174,,Whole Clean Corpus,43.80853005045191,3.7798285484313965,166,procon_corpus.jsonl#L1041,83945b66-f800-4453-bab1-ab637acff3cb
1175,,Whole Clean Corpus,40.892651402828456,3.7109503746032715,100,procon_corpus.jsonl#L1042,ccbe66f4-ae4b-49c8-b065-ab205003e2db
1176,,Whole Clean Corpus,17.103876990990674,2.8393051624298096,230,procon_corpus.jsonl#L1043,bb12371c-ee7f-4670-8f1d-fb6e02b35bcc
1177,,Whole Clean Corpus,42.39101041558865,3.746936321258545,93,procon_corpus.jsonl#L1043,77c6ddb0-8f5c-4243-8b4c-a666da176804
1178,,Whole Clean Corpus,22.77973173220348,3.125871181488037,189,procon_corpus.jsonl#L1044,9a04591a-80dd-4253-8b17-7ad55692de60
1179,,Whole Clean Corpus,31.38992400699859,3.4464869499206543,182,procon_corpus.jsonl#L1045,4ed0eeff-f165-43c9-bf67-3dfdbac608f4
1180,,Whole Clean Corpus,37.40593087211954,3.6218292713165283,142,procon_corpus.jsonl#L1045,1382578e-748d-4a62-993d-f2c32e64f2f9
1181,,Whole Clean Corpus,22.31221948036155,3.1051344871520996,202,procon_corpus.jsonl#L1046,99421678-a9b1-45bb-bed4-802dec0e0850
1182,,Whole Clean Corpus,62.658187479295876,4.137694358825684,74,procon_corpus.jsonl#L1046,e2dfc416-94b9-45a8-8a65-a6e5d3526c69
1183,,Whole Clean Corpus,20.03122448173014,2.9972922801971436,241,procon_corpus.jsonl#L1047,f3bedee5-4ca4-4831-826a-3188f260af6f
1184,,Whole Clean Corpus,32.089779026590165,3.4685375690460205,197,procon_corpus.jsonl#L1047,e5b5cebf-12e1-46ce-a381-617b6d07303f
1185,,Whole Clean Corpus,37.13789406536846,3.614637851715088,202,procon_corpus.jsonl#L1048,201fd506-8c6b-4d60-9fae-da0b09e5a80e
1186,,Whole Clean Corpus,61.87925664698749,4.125185012817383,110,procon_corpus.jsonl#L1048,cd4513be-f9ff-438a-9949-1b5bed3e02cf
1187,,Whole Clean Corpus,23.094154522493486,3.1395795345306396,207,procon_corpus.jsonl#L1049,24e74c26-6a77-4596-afaf-f8cee0b85f4c
1188,,Whole Clean Corpus,24.12223044821225,3.183133840560913,190,procon_corpus.jsonl#L1049,5bf88f69-0bc4-4945-a16c-dd3a2c405cbc
1189,,Whole Clean Corpus,58.88008231703076,4.075502872467041,55,procon_corpus.jsonl#L1049,5a9cfad0-8dec-4a33-ac60-6b4003925551
1190,,Whole Clean Corpus,75.58755351646977,4.325291633605957,143,procon_corpus.jsonl#L1050,e78ed1d2-9be6-435b-b0be-30e396290952
1191,,Whole Clean Corpus,39.88783522671479,3.6860713958740234,192,procon_corpus.jsonl#L1051,55505439-416a-481c-be72-c97d072737fc
1192,,Whole Clean Corpus,32.11223432543041,3.4692370891571045,195,procon_corpus.jsonl#L1052,95d852ef-6df3-44b2-8803-80a38e89ae79
1193,,Whole Clean Corpus,90.62784908892785,4.50676155090332,61,procon_corpus.jsonl#L1052,0c3d4972-a777-446e-95c5-a81e3dafde14
1194,,Whole Clean Corpus,41.424299570803264,3.723867654800415,166,procon_corpus.jsonl#L1053,27e0a97e-9caf-49f9-b1a5-e27809e2b3b4
1195,,Whole Clean Corpus,30.758431452268184,3.426164150238037,75,procon_corpus.jsonl#L1053,38a79534-d094-4838-8060-fb7e01d859f8
1196,,Whole Clean Corpus,23.26843744147681,3.1470978260040283,195,procon_corpus.jsonl#L1054,30c75131-c1b5-4b10-a832-4a91f78657cf
1197,,Whole Clean Corpus,32.96567760221858,3.495466947555542,119,procon_corpus.jsonl#L1054,ab74d570-5af7-4305-a9e0-b65901398af7
1198,,Whole Clean Corpus,47.15214437945616,3.853379487991333,135,procon_corpus.jsonl#L1055,eeb963c7-1550-4049-b71e-9a97a205a104
1199,,Whole Clean Corpus,30.327416990048523,3.4120521545410156,191,procon_corpus.jsonl#L1056,0fb1df9b-0aec-4490-ba37-5e000df2e99a
1200,,Whole Clean Corpus,43.79245850200554,3.779461622238159,183,procon_corpus.jsonl#L1057,43c6e2d4-3b0c-46f3-aeca-778dd91a289e
1201,,Whole Clean Corpus,52.33481702851811,3.9576618671417236,105,procon_corpus.jsonl#L1057,8629ea9e-cb80-4eae-bb65-31bc348780f0
1202,,Whole Clean Corpus,35.373283470302965,3.5659568309783936,196,procon_corpus.jsonl#L1058,02e8ff49-2cac-4281-938f-7d9440d3096f
1203,,Whole Clean Corpus,24.554802807065478,3.2009074687957764,175,procon_corpus.jsonl#L1059,e800436f-03bd-4234-9d9b-a8765aeb4894
1204,,Whole Clean Corpus,26.325858827607323,3.2705516815185547,161,procon_corpus.jsonl#L1059,e6ad8b9c-18d6-40ea-bbe3-53b8c63a6be5
1205,,Whole Clean Corpus,24.27433808370235,3.189419746398926,179,procon_corpus.jsonl#L1060,c2017814-8b73-4a8e-9301-5e124834f2c6
1206,,Whole Clean Corpus,76.43407787996034,4.336428642272949,69,procon_corpus.jsonl#L1060,bdb613c6-bfd1-4301-be41-f6892c119cec
1207,,Whole Clean Corpus,38.081852048471866,3.639737844467163,168,procon_corpus.jsonl#L1061,beb94144-23ea-46f5-926b-0aeff99d37d6
1208,,Whole Clean Corpus,26.263199160371514,3.2681686878204346,91,procon_corpus.jsonl#L1062,c33b05af-4b4f-4ce7-bc39-8b0eef2f6d6a
1209,,Whole Clean Corpus,26.46571330201971,3.2758500576019287,110,procon_corpus.jsonl#L1063,a0014511-f1dd-41be-903f-5c4e40713113
1210,,Whole Clean Corpus,14.516799407362996,2.675306558609009,206,procon_corpus.jsonl#L1064,017a4f73-97ed-4699-ada8-b46f9a7d8e73
1211,,Whole Clean Corpus,28.545058016420537,3.3514838218688965,75,procon_corpus.jsonl#L1064,9d58d943-89b0-48b5-b74f-a1e6ace0b97a
1212,,Whole Clean Corpus,27.510101398380872,3.3145532608032227,159,procon_corpus.jsonl#L1065,5dded7da-6f53-4cd8-8fa3-e008042c05cd
1213,,Whole Clean Corpus,11.154673506520707,2.411858558654785,88,procon_corpus.jsonl#L1066,475d1b99-9bb0-4d41-8229-ddfb12c36d01
1214,,Whole Clean Corpus,29.035800196978663,3.3685295581817627,146,procon_corpus.jsonl#L1067,fb2b771d-e311-4250-984d-f0122e3b79ab
1215,,Whole Clean Corpus,12.41121160068131,2.5186002254486084,95,procon_corpus.jsonl#L1068,94933c07-e0d2-4e01-9880-b305066375bc
1216,,Whole Clean Corpus,32.7880664344865,3.4900646209716797,114,procon_corpus.jsonl#L1069,c312422d-564b-498c-bc34-13ae215c946f
1217,,Whole Clean Corpus,14.362544439946506,2.664623737335205,203,procon_corpus.jsonl#L1070,c41ae29c-2610-48e8-a69b-c61078dbc752
1218,,Whole Clean Corpus,28.991521954747864,3.3670034408569336,120,procon_corpus.jsonl#L1071,4ebdee0b-17a4-4ed0-8f85-8bc8f67ed44c
1219,,Whole Clean Corpus,19.06247910356113,2.9477219581604004,151,procon_corpus.jsonl#L1072,cedee0c5-18a0-4286-bef6-c2abcf3a27ec
1220,,Whole Clean Corpus,42.792104732928905,3.7563536167144775,73,procon_corpus.jsonl#L1073,bb0ac66c-0766-419c-a508-ab808f32c2ef
1221,,Whole Clean Corpus,17.407774285434737,2.856916904449463,117,procon_corpus.jsonl#L1074,f18328b2-2fcb-489b-9e77-576af276f154
1222,,Whole Clean Corpus,18.202229636616032,2.9015440940856934,66,procon_corpus.jsonl#L1075,641b976c-c952-4e69-adb9-9cc2fa29a550
1223,,Whole Clean Corpus,14.585695864786745,2.6800413131713867,104,procon_corpus.jsonl#L1076,54236d03-60a7-40ea-ba0e-ddb3c8866df1
1224,,Whole Clean Corpus,37.866906414991384,3.634077548980713,84,procon_corpus.jsonl#L1077,ed510de7-eb41-4e73-a554-91147bab2129
1225,,Whole Clean Corpus,19.678783256368085,2.979541063308716,120,procon_corpus.jsonl#L1078,19015d51-cbcc-472c-8b67-63c9a0a835d9
1226,,Whole Clean Corpus,49.680439123528444,3.905611276626587,124,procon_corpus.jsonl#L1079,69971a00-1156-47f8-adb8-dfaaedce0604
1227,,Whole Clean Corpus,26.394104448506674,3.2731406688690186,47,procon_corpus.jsonl#L1080,66d7f8c5-d46e-4e47-8192-56c326d2a698
1228,,Whole Clean Corpus,35.340828823094036,3.5650389194488525,47,procon_corpus.jsonl#L1081,888906ae-de1d-4cd6-b3d6-24708a0ef1ce
1229,,Whole Clean Corpus,26.154690650212864,3.264028549194336,87,procon_corpus.jsonl#L1082,bed36191-ce7d-45e3-a5ae-00846836ddda
1230,,Whole Clean Corpus,25.427451377959994,3.2358293533325195,123,procon_corpus.jsonl#L1083,11730138-b28b-44d5-b1f9-6604d0638873
1231,,Whole Clean Corpus,30.00519476064562,3.4013705253601074,84,procon_corpus.jsonl#L1084,07736394-45b0-4a9a-a9ff-99712d552f49
1232,,Whole Clean Corpus,32.44653811574256,3.4795937538146973,190,procon_corpus.jsonl#L1085,71554abb-1183-4a48-8848-02bb12809e53
1233,,Whole Clean Corpus,34.210062206247315,3.532519817352295,87,procon_corpus.jsonl#L1085,7431ad87-8356-4491-aeab-4caab20e79cc
1234,,Whole Clean Corpus,20.0315396880713,2.9973080158233643,209,procon_corpus.jsonl#L1086,10d02ba2-b6c0-48a5-9874-f76cbfd4651e
1235,,Whole Clean Corpus,24.835961695490752,3.2122926712036133,200,procon_corpus.jsonl#L1087,a421f95e-964d-4725-894a-bfbe847311fb
1236,,Whole Clean Corpus,36.7864554418949,3.6051297187805176,137,procon_corpus.jsonl#L1088,8e7bf79e-3f1e-4719-901e-c09a43a49f9d
1237,,Whole Clean Corpus,28.793203507369793,3.3601393699645996,120,procon_corpus.jsonl#L1089,6c12591e-221a-465e-9e1b-3094d6db14f2
1238,,Whole Clean Corpus,67.71645244271834,4.215329170227051,19,procon_corpus.jsonl#L1090,b4aba9f1-d546-44e4-88c2-862aca06903c
1239,,Whole Clean Corpus,31.982991276802775,3.4652042388916016,116,procon_corpus.jsonl#L1091,dba483e3-a72d-4010-b5ba-2ecd7ab657e7
1240,,Whole Clean Corpus,55.57272736618168,4.017692565917969,139,procon_corpus.jsonl#L1092,4e1c1a3b-6c8a-4adc-b974-49c67441d9fc
1241,,Whole Clean Corpus,54.22969702228144,3.9932286739349365,93,procon_corpus.jsonl#L1093,8126c766-9def-40c1-9efa-16a9f38f2803
1242,,Whole Clean Corpus,58.1605141042883,4.063206672668457,92,procon_corpus.jsonl#L1094,6b6c9f11-ae0a-4dcc-8d20-e0401de43127
1243,,Whole Clean Corpus,32.082228575882326,3.4683022499084473,178,procon_corpus.jsonl#L1095,196dc3d1-4502-4822-81db-43c2c2d7d4f1
1244,,Whole Clean Corpus,55.8512399490729,4.02269172668457,126,procon_corpus.jsonl#L1096,6aa9d985-4a66-4fe1-8806-c2e874206aa8
1245,,Whole Clean Corpus,63.6968877871852,4.154135704040527,120,procon_corpus.jsonl#L1097,b3024994-e6d4-4494-a25b-31761eb09685
1246,,Whole Clean Corpus,17.064322486012117,2.8369898796081543,99,procon_corpus.jsonl#L1098,01007796-034a-4b74-bf49-3447d0636c48
1247,,Whole Clean Corpus,74.22462767618025,4.307096004486084,72,procon_corpus.jsonl#L1099,0bf92d6b-cd99-415c-a23c-a1b75aeae0bc
1248,,Whole Clean Corpus,38.56647313779121,3.652383327484131,124,procon_corpus.jsonl#L1100,3cfe76e6-9722-4886-a263-b6e7725f3862
1249,,Whole Clean Corpus,28.37851414582194,3.345632314682007,124,procon_corpus.jsonl#L1101,a9a7c9f0-74ba-4c70-bd0c-14d6f6e10434
1250,,Whole Clean Corpus,19.078410909032463,2.9485573768615723,175,procon_corpus.jsonl#L1102,33b9c98c-5619-4c7a-9922-19923a5be524
1251,,Whole Clean Corpus,6.017881652704267,1.794735312461853,57,procon_corpus.jsonl#L1103,dbb4e3be-a7f0-4514-b8d5-b7f1b4257df9
1252,,Whole Clean Corpus,42.42877614285366,3.7478268146514893,54,procon_corpus.jsonl#L1104,e250ee37-8480-4d12-8444-1abe70bfd874
1253,,Whole Clean Corpus,19.57589016820206,2.9742987155914307,112,procon_corpus.jsonl#L1105,c86c593e-a87c-4935-b705-330e8e1b99ec
1254,,Whole Clean Corpus,20.407622432044786,3.0159084796905518,68,procon_corpus.jsonl#L1106,6abdf20a-8de1-4440-be58-919bce67a455
1255,,Whole Clean Corpus,116.68200667844152,4.7594523429870605,89,procon_corpus.jsonl#L1107,2b8a2d0e-5e7e-4eb7-bd7b-0ae46bb7d1a4
1256,,Whole Clean Corpus,51.452843185657755,3.9406657218933105,158,procon_corpus.jsonl#L1108,a9301d1c-4693-48b8-ab16-91be17e0b27c
1257,,Whole Clean Corpus,98.28149790415065,4.587835788726807,43,procon_corpus.jsonl#L1109,64da26fa-3acc-430c-beff-3fe7a7ae7811
1258,,Whole Clean Corpus,43.21624717221997,3.766216516494751,176,procon_corpus.jsonl#L1110,ead8fc06-b755-479d-b14e-2c867a244e40
1259,,Whole Clean Corpus,18.9719522815855,2.9429616928100586,95,procon_corpus.jsonl#L1111,c85d0ded-4c8b-4ebe-9bb1-d2149646660e
1260,,Whole Clean Corpus,57.40863573162201,4.05019474029541,89,procon_corpus.jsonl#L1112,54e86db2-b107-4fc4-9ef3-118ba53e6916
1261,,Whole Clean Corpus,76.68988638106613,4.3397698402404785,117,procon_corpus.jsonl#L1113,4a6df487-7d1c-4c04-81b5-20f80585a5ab
1262,,Whole Clean Corpus,22.55518311725514,3.115964889526367,62,procon_corpus.jsonl#L1114,56b9afaf-9874-46ce-8a2c-d963a9875244
1263,,Whole Clean Corpus,31.613649152927636,3.4535889625549316,51,procon_corpus.jsonl#L1115,6877e171-4b3e-4e1f-9875-eba7b1cb2aa5
1264,,Whole Clean Corpus,72.45959378822835,4.283029079437256,74,procon_corpus.jsonl#L1116,bdb4a109-f884-40d1-869d-5748d9d75477
1265,,Whole Clean Corpus,19.15442884836081,2.9525339603424072,120,procon_corpus.jsonl#L1117,fd08cc59-2601-47e5-922f-bf3bcd47c468
1266,,Whole Clean Corpus,24.994518477249475,3.218656539916992,61,procon_corpus.jsonl#L1118,9452f351-3ceb-45c2-bd28-f3d04093bc9f
1267,,Whole Clean Corpus,23.103781148315523,3.139996290206909,148,procon_corpus.jsonl#L1119,1974ab6f-eb4a-484d-ae6a-66c73c8dcd53
1268,,Whole Clean Corpus,40.833485121557175,3.7095024585723877,37,procon_corpus.jsonl#L1120,23f08e11-f347-4989-ab5e-0eb5b39b7935
1269,,Whole Clean Corpus,12.332511410205,2.5122389793395996,40,procon_corpus.jsonl#L1121,6e708cc0-4c61-4ec9-bb6a-8be6e2be7831
1270,,Whole Clean Corpus,19.22986021798818,2.9564642906188965,81,procon_corpus.jsonl#L1122,6607db7f-942e-43f8-9bbc-2d5ee7a5b37f
1271,,Whole Clean Corpus,26.693472497108814,3.284419059753418,63,procon_corpus.jsonl#L1123,5ce4be25-1912-4a28-9c61-4f200a72f964
1272,,Whole Clean Corpus,100.88754889686756,4.614006519317627,13,procon_corpus.jsonl#L1124,c11ed7ab-8872-4ab2-aa1a-a512943da80a
1273,,Whole Clean Corpus,40.336107209409285,3.69724702835083,82,procon_corpus.jsonl#L1125,6756b280-7c10-47a1-9043-2e27d6756b75
1274,,Whole Clean Corpus,50.38001286536236,3.9195945262908936,53,procon_corpus.jsonl#L1126,19e2c437-ce40-4dfe-9039-67be09085bd9
1275,,Whole Clean Corpus,78.90139210500178,4.368198871612549,82,procon_corpus.jsonl#L1127,d862a0fe-1926-4c8b-a167-5f376df47b41
1276,,Whole Clean Corpus,33.95094364861262,3.524916648864746,73,procon_corpus.jsonl#L1128,d558b239-fe52-431e-8ff5-3e4a113d6e20
1277,,Whole Clean Corpus,79.96529679916317,4.381592750549316,56,procon_corpus.jsonl#L1129,f6f23616-33a2-45de-ab46-db91acb329f8
1278,,Whole Clean Corpus,38.60504689836787,3.6533830165863037,109,procon_corpus.jsonl#L1130,5e1a344d-4ac6-46ca-a3d0-c21a0acd25c5
1279,,Whole Clean Corpus,38.76513452225913,3.6575212478637695,87,procon_corpus.jsonl#L1131,7e4d2c0c-c8db-41be-9686-a8d89fac5f01
1280,,Whole Clean Corpus,69.53437878625839,4.2418212890625,129,procon_corpus.jsonl#L1132,d4025c9c-513f-4f37-9e39-7791b99ef6f5
1281,,Whole Clean Corpus,55.94087503563978,4.024295330047607,26,procon_corpus.jsonl#L1133,55bca3d7-7649-4a6f-b8ba-7bb88e2204a0
1282,,Whole Clean Corpus,59.52515988413937,4.086399078369141,114,procon_corpus.jsonl#L1134,dc4aab4c-db61-4e1c-adb1-2c0ac6006353
1283,,Whole Clean Corpus,73.90441151963653,4.302772521972656,116,procon_corpus.jsonl#L1135,32d66d3d-2948-48ec-8b18-f1db34eda8cc
1284,,Whole Clean Corpus,53.99539440441637,3.988898754119873,65,procon_corpus.jsonl#L1136,022e7b16-f6a3-4295-8733-ad6abb0d6089
1285,,Whole Clean Corpus,40.13369107168581,3.692216157913208,63,procon_corpus.jsonl#L1137,a4aa0b08-1720-47e9-8126-28260c7c6a26
1286,,Whole Clean Corpus,30.479909638245978,3.417067766189575,42,procon_corpus.jsonl#L1138,a628a013-bd83-4e9c-8a4b-8db11d59480f
1287,,Whole Clean Corpus,65.76407917406276,4.1860737800598145,37,procon_corpus.jsonl#L1139,8d07af3c-653a-434a-9b4c-aca5f580c369
1288,,Whole Clean Corpus,59.732893624400404,4.089882850646973,74,procon_corpus.jsonl#L1140,67830cb8-36e0-4087-88fe-0decbdb28e4f
1289,,Whole Clean Corpus,48.17118904014243,3.8747611045837402,99,procon_corpus.jsonl#L1141,bb79ab7e-e47f-4ee7-a7ff-db9bb7a15ec8
1290,,Whole Clean Corpus,73.77751429672387,4.301054000854492,49,procon_corpus.jsonl#L1142,0fcc6eef-a0e2-4e50-ac36-9239d1af4957
1291,,Whole Clean Corpus,33.10300334948435,3.499624013900757,15,procon_corpus.jsonl#L1143,2ec58286-7eb4-416a-a92d-4c65f58f6624
1292,,Whole Clean Corpus,39.5604633497787,3.677830219268799,191,procon_corpus.jsonl#L1144,1dd3b202-34ae-4353-bf2e-2e770b6ee7fb
1293,,Whole Clean Corpus,56.10965983136491,4.027307987213135,101,procon_corpus.jsonl#L1144,c6a1f507-7e09-4478-8739-9e05d862ba5e
1294,,Whole Clean Corpus,39.63868428044614,3.6798055171966553,201,procon_corpus.jsonl#L1145,254383d8-91d5-4e2d-a271-df6ab671595a
1295,,Whole Clean Corpus,96.00398544497747,4.564389705657959,97,procon_corpus.jsonl#L1145,2b2dac1f-3ac1-4609-9ec5-62685a6c9997
1296,,Whole Clean Corpus,36.99278080495955,3.610722780227661,195,procon_corpus.jsonl#L1146,9d56a541-d647-4645-b720-3f6459696786
1297,,Whole Clean Corpus,105.09039862387317,4.654820919036865,75,procon_corpus.jsonl#L1146,553cfd55-1692-4275-871f-36ffa91a1d9e
1298,,Whole Clean Corpus,25.86341219180306,3.2528293132781982,194,procon_corpus.jsonl#L1147,4d6cc5dd-d64b-4991-ae19-c526ce49b3e2
1299,,Whole Clean Corpus,114.05388029636104,4.736670970916748,68,procon_corpus.jsonl#L1147,21381674-13b5-4e3a-ac46-d59817a85cdf
1300,,Whole Clean Corpus,24.08947094203069,3.181774854660034,187,procon_corpus.jsonl#L1148,c5f3772a-5454-441d-ba60-b7f1be77d1a2
1301,,Whole Clean Corpus,28.266387394687715,3.3416733741760254,206,procon_corpus.jsonl#L1148,8fe923b8-7b4f-46db-a3ad-9893ba305183
1302,,Whole Clean Corpus,61.4098594877389,4.117570400238037,83,procon_corpus.jsonl#L1148,f37c15a3-e9ca-4864-8a0e-b2e4696bb2bb
1303,,Whole Clean Corpus,26.638224679749538,3.2823472023010254,223,procon_corpus.jsonl#L1149,886b3a50-290f-497b-9571-243b4c657d4f
1304,,Whole Clean Corpus,48.4320142730311,3.8801610469818115,131,procon_corpus.jsonl#L1149,a1690111-9fa6-46fd-b6d8-afe14a311048
1305,,Whole Clean Corpus,27.704192287583435,3.3215837478637695,157,procon_corpus.jsonl#L1150,31eaff05-5936-4ae0-a29a-e6f937e47689
1306,,Whole Clean Corpus,58.18065181619825,4.0635528564453125,94,procon_corpus.jsonl#L1150,a79688d7-de89-4946-adab-f29160e9bfdf
1307,,Whole Clean Corpus,34.37455329147612,3.5373165607452393,188,procon_corpus.jsonl#L1151,6d75f4d9-edbf-42a8-bc7b-31920b338299
1308,,Whole Clean Corpus,104.81864781958998,4.652231693267822,62,procon_corpus.jsonl#L1151,86fbd253-8cee-4ec6-8a0a-4af012e3bbe0
1309,,Whole Clean Corpus,35.13131853187467,3.5590929985046387,177,procon_corpus.jsonl#L1152,166a7db5-4a1b-445c-b84f-446b8ab9ca6a
1310,,Whole Clean Corpus,35.49233877419709,3.569316864013672,148,procon_corpus.jsonl#L1152,aaf85bca-0fe2-4ade-a618-ef756f75156d
1311,,Whole Clean Corpus,32.114515940159706,3.4693081378936768,210,procon_corpus.jsonl#L1153,23d451a1-b045-426a-bf15-1f67ea42ec91
1312,,Whole Clean Corpus,79.07996506856661,4.37045955657959,85,procon_corpus.jsonl#L1153,85240659-7937-4c69-b115-397d2ef3e76b
1313,,Whole Clean Corpus,44.06140421348729,3.7855842113494873,99,procon_corpus.jsonl#L1154,98d154f6-2841-44d0-9a6e-9ff3c6df9305
1314,,Whole Clean Corpus,28.758748938667264,3.3589420318603516,159,procon_corpus.jsonl#L1155,9214a163-4ee9-482f-bca8-bb107787d243
1315,,Whole Clean Corpus,21.531236427567077,3.069504737854004,86,procon_corpus.jsonl#L1156,dc5cccb5-7041-4738-9708-5b40ddc3e7e0
1316,,Whole Clean Corpus,26.405692118823353,3.2735795974731445,48,procon_corpus.jsonl#L1157,6f7945da-7384-4a16-b930-8a6677f343b5
1317,,Whole Clean Corpus,39.457901461926504,3.675234317779541,76,procon_corpus.jsonl#L1158,a7c0d1b8-ed07-4701-bcc2-78ebfaf4eb02
1318,,Whole Clean Corpus,24.711352525021695,3.2072627544403076,140,procon_corpus.jsonl#L1159,b77edfe3-c359-4dd3-8cae-1b76cc1d00c6
1319,,Whole Clean Corpus,25.905772450391705,3.2544658184051514,95,procon_corpus.jsonl#L1160,511570c5-446e-4ca8-9f64-63d1f46fa63b
1320,,Whole Clean Corpus,16.77334599457857,2.819791078567505,114,procon_corpus.jsonl#L1161,1211ce1a-c371-45e5-963d-8842d34d6911
1321,,Whole Clean Corpus,47.86188710595303,3.868319511413574,99,procon_corpus.jsonl#L1162,47cb7cc5-8753-45fe-824c-fdae034e9252
1322,,Whole Clean Corpus,33.68430987017867,3.5170321464538574,147,procon_corpus.jsonl#L1163,e31bfa34-f4ff-4622-8696-a39222f3e929
1323,,Whole Clean Corpus,70.00446306637083,4.24855899810791,42,procon_corpus.jsonl#L1164,3a16c707-c539-4068-8e32-baa7ff781e5e
1324,,Whole Clean Corpus,29.574347264228344,3.3869073390960693,60,procon_corpus.jsonl#L1165,b0a89256-146a-4bff-9a27-63533913fe1d
1325,,Whole Clean Corpus,25.43227142432606,3.2360188961029053,103,procon_corpus.jsonl#L1166,f2123dd5-199b-4c76-acdc-e85429b7cbae
1326,,Whole Clean Corpus,36.226074100153696,3.5897791385650635,88,procon_corpus.jsonl#L1167,4a693a9c-901d-43f1-9088-095fd72aa4aa
1327,,Whole Clean Corpus,16.178891200985042,2.7837073802948,82,procon_corpus.jsonl#L1168,55c8b4ab-11dc-49f6-bb47-8d93de05abaf
1328,,Whole Clean Corpus,47.92432403569661,3.8696231842041016,84,procon_corpus.jsonl#L1169,f955dc23-e3c5-4184-9837-c39d7c3f143e
1329,,Whole Clean Corpus,46.32520543544089,3.835686206817627,180,procon_corpus.jsonl#L1170,b8bd0a0e-f577-4990-8a8d-f9c573b3c6fd
1330,,Whole Clean Corpus,25.14416410000246,3.224625825881958,179,procon_corpus.jsonl#L1171,ccbe9282-a12b-4b64-9501-7bb79e49acf3
1331,,Whole Clean Corpus,46.25382278936977,3.834144115447998,110,procon_corpus.jsonl#L1172,0efca2d7-fad7-4c26-997b-016c50b7f825
1332,,Whole Clean Corpus,12.559888452125495,2.530508279800415,53,procon_corpus.jsonl#L1173,defbd131-65b3-41d7-ac0a-57f2727a0a22
1333,,Whole Clean Corpus,19.170346090912975,2.953364610671997,130,procon_corpus.jsonl#L1174,0a736d77-9da9-4f86-be81-be27c0fff24e
1334,,Whole Clean Corpus,27.02419738517435,3.2967326641082764,138,procon_corpus.jsonl#L1175,13935a6c-b533-46fa-aeef-b6d2ffddfdc9
1335,,Whole Clean Corpus,34.63664890015294,3.544912338256836,126,procon_corpus.jsonl#L1176,a5903efc-fe01-4e95-a45b-28d5e1b491db
1336,,Whole Clean Corpus,26.49750281478803,3.277050495147705,169,procon_corpus.jsonl#L1177,9f75a3a7-4ff9-49ea-9ece-f429e9027302
1337,,Whole Clean Corpus,24.731292002151577,3.208069324493408,153,procon_corpus.jsonl#L1178,d9ed2fa4-9263-4afd-b9fd-a50c131ec440
1338,,Whole Clean Corpus,65.17493152657092,4.177074909210205,193,procon_corpus.jsonl#L1179,e775ca34-d729-4900-8429-480bf8f06bf5
1339,,Whole Clean Corpus,62.8546122842349,4.140824317932129,72,procon_corpus.jsonl#L1180,11f1dc4c-17e8-45ef-9e7d-ba8c7de84761
1340,,Whole Clean Corpus,54.706508564515374,4.001982688903809,89,procon_corpus.jsonl#L1181,1d6d2454-5d31-47cf-9cb5-25367bebac11
1341,,Whole Clean Corpus,53.772679899647436,3.9847655296325684,75,procon_corpus.jsonl#L1182,78e763bb-9857-4cc0-9cb6-9645c375b828
1342,,Whole Clean Corpus,88.86816744907594,4.487154006958008,32,procon_corpus.jsonl#L1183,f1430ac4-dd6c-4c2c-9dfd-356e73d66f29
1343,,Whole Clean Corpus,49.83671515833332,3.908751964569092,123,procon_corpus.jsonl#L1184,b8e3fd0b-f882-4ad0-af3c-7628f1fdf9e4
1344,,Whole Clean Corpus,104.20229679920163,4.646334171295166,151,procon_corpus.jsonl#L1185,db6722fb-19b4-4d15-a7d6-e10f207938b9
1345,,Whole Clean Corpus,36.305422339729354,3.5919671058654785,99,procon_corpus.jsonl#L1186,6e70acff-e69f-4aa9-b122-4646bf7661db
1346,,Whole Clean Corpus,84.06790703838112,4.431624889373779,39,procon_corpus.jsonl#L1187,3e45fc9b-55c2-4c15-b115-c5d4abd5bc97
1347,,Whole Clean Corpus,43.32074834076063,3.76863169670105,73,procon_corpus.jsonl#L1188,cb6a14c0-de72-4346-95f1-14f28c9057db
1348,,Whole Clean Corpus,111.28508705946008,4.712095260620117,43,procon_corpus.jsonl#L1189,cdf663a1-9812-499e-83e9-3929919e55b8
1349,,Whole Clean Corpus,105.5815784551254,4.659483909606934,48,procon_corpus.jsonl#L1190,d8923312-1b27-4e26-867e-471da2d1c3ef
1350,,Whole Clean Corpus,120.13678424962853,4.788630962371826,34,procon_corpus.jsonl#L1191,eeed2f5b-b17d-44b6-a786-ffccc3f93fa5
1351,,Whole Clean Corpus,37.51130567221237,3.6246423721313477,186,procon_corpus.jsonl#L1192,0fcf7160-e792-49a2-af99-5847428aac55
1352,,Whole Clean Corpus,84.08017446412052,4.4317708015441895,60,procon_corpus.jsonl#L1192,59c29493-e439-4c2a-b69d-814986fb1361
1353,,Whole Clean Corpus,38.548629842191644,3.6519205570220947,201,procon_corpus.jsonl#L1193,25900bd5-37ec-4633-81df-45f9b10ab4d3
1354,,Whole Clean Corpus,107.98368307342791,4.681980133056641,62,procon_corpus.jsonl#L1193,28b789d9-300f-488f-9d29-e4d866b24202
1355,,Whole Clean Corpus,48.674229289688874,3.8851497173309326,185,procon_corpus.jsonl#L1194,efc39e83-ea3f-4b22-b037-8dea893a2eb2
1356,,Whole Clean Corpus,34.48290472423079,3.54046368598938,215,procon_corpus.jsonl#L1195,ecd1f820-34b0-4e12-8759-2d9eab5340d0
1357,,Whole Clean Corpus,36.77089096589063,3.6047065258026123,209,procon_corpus.jsonl#L1196,85e31bad-eed1-470d-8105-57269fb05f2a
1358,,Whole Clean Corpus,58.019855813855806,4.060785293579102,83,procon_corpus.jsonl#L1196,c15d94fd-e788-4dde-b8ea-326ed793c401
1359,,Whole Clean Corpus,71.01802592456288,4.262933731079102,209,procon_corpus.jsonl#L1197,3bdd0c54-725d-4940-8b86-65b696d20bfb
1360,,Whole Clean Corpus,78.11685098999281,4.358205795288086,139,procon_corpus.jsonl#L1197,90673316-d61d-4c81-a0cf-5520536182d7
1361,,Whole Clean Corpus,42.46478345979506,3.7486751079559326,225,procon_corpus.jsonl#L1198,6085afcd-cb52-4bcd-a9d7-c031683ab0ca
1362,,Whole Clean Corpus,146.69612436075752,4.988363265991211,64,procon_corpus.jsonl#L1198,56b3b5c1-e9cc-4d9a-a626-cc1ce9c85445
1363,,Whole Clean Corpus,40.82694341548872,3.7093422412872314,224,procon_corpus.jsonl#L1199,8e3db76d-8d23-4d12-90d5-13c43f8a61a4
1364,,Whole Clean Corpus,32.257354421624854,3.4737460613250732,147,procon_corpus.jsonl#L1200,484f55fa-e162-489e-b235-0f5950addbee
1365,,Whole Clean Corpus,35.273241900364084,3.563124656677246,218,procon_corpus.jsonl#L1201,fc13cfb2-e05a-4316-ba3e-53c48f72cbc9
1366,,Whole Clean Corpus,114.84421141952959,4.743576526641846,63,procon_corpus.jsonl#L1201,9d147b1a-0cfe-4dc8-b61c-d1465d0b4fa0
1367,,Whole Clean Corpus,18.175802404796155,2.9000911712646484,252,procon_corpus.jsonl#L1202,a1ab1bde-1ba6-4922-8c18-586a5126dc28
1368,,Whole Clean Corpus,65.01808429025864,4.174665451049805,88,procon_corpus.jsonl#L1202,f2250482-2420-4baf-aab7-1ebf85dfeff2
1369,,Whole Clean Corpus,52.549421233802,3.961754083633423,183,procon_corpus.jsonl#L1203,9a0f156f-9a04-4540-a299-d0d5ee1aee61
1370,,Whole Clean Corpus,44.459717702135315,3.794583559036255,153,procon_corpus.jsonl#L1203,f5ecc553-c837-4639-943e-c32905ac0bb4
1371,,Whole Clean Corpus,44.9958512699538,3.806570291519165,215,procon_corpus.jsonl#L1204,94779c26-ca70-4228-915b-c18dd6308ea9
1372,,Whole Clean Corpus,69.73154152943225,4.24465274810791,203,procon_corpus.jsonl#L1205,077aef45-6508-45d9-ae63-bb4c62bcdcfa
1373,,Whole Clean Corpus,107.65962483953923,4.678974628448486,61,procon_corpus.jsonl#L1205,413a2474-aeff-4d5a-b891-7e4638167133
1374,,Whole Clean Corpus,49.20372789587186,3.8959693908691406,189,procon_corpus.jsonl#L1206,d4ff8470-d658-4000-8e58-2ed79af29da4
1375,,Whole Clean Corpus,84.83677712017423,4.440729141235352,47,procon_corpus.jsonl#L1206,cdfe76e1-c7a9-40bf-9e19-e1e13e8aeea7
1376,,Whole Clean Corpus,27.089873965831895,3.2991600036621094,205,procon_corpus.jsonl#L1207,c8dedf23-2fd6-40e8-9b74-3ac7030760f7
1377,,Whole Clean Corpus,74.21921273544804,4.307023048400879,156,procon_corpus.jsonl#L1207,003c6f29-eeeb-48cf-8d9d-f23e754f1b00
1378,,Whole Clean Corpus,43.977873739424126,3.783686637878418,101,procon_corpus.jsonl#L1208,1bd80d25-9712-426a-ad87-c1aae3eea48d
1379,,Whole Clean Corpus,33.0211975710945,3.497149705886841,83,procon_corpus.jsonl#L1209,466be6e2-7ebb-4123-8bb0-220444e27510
1380,,Whole Clean Corpus,41.93049692765652,3.736013412475586,90,procon_corpus.jsonl#L1210,5374fafa-8cf2-4be8-8bd5-5fa8cfa996ee
1381,,Whole Clean Corpus,37.71498793168797,3.6300575733184814,148,procon_corpus.jsonl#L1211,61b6ce3c-973d-4338-b142-b8c692369b0b
1382,,Whole Clean Corpus,31.576783210342263,3.4524221420288086,214,procon_corpus.jsonl#L1212,fe16d6dd-4942-450a-80ef-e3ae3ee68910
1383,,Whole Clean Corpus,31.534110464831514,3.4510698318481445,85,procon_corpus.jsonl#L1213,3c3ca2ac-2ca4-45ad-9c95-98a29ae2570b
1384,,Whole Clean Corpus,46.7607815858681,3.8450448513031006,103,procon_corpus.jsonl#L1214,7a4a9d48-7f52-484b-9676-7a3f0f312097
1385,,Whole Clean Corpus,27.424601289285228,3.3114404678344727,215,procon_corpus.jsonl#L1215,9c7214c2-6047-418e-96fe-4120ed08bb35
1386,,Whole Clean Corpus,27.41780205642236,3.311192512512207,64,procon_corpus.jsonl#L1216,f2dbead7-feaf-49ab-a78d-262781562255
1387,,Whole Clean Corpus,30.47857981051206,3.4170241355895996,203,procon_corpus.jsonl#L1216,4f167266-5770-4bb3-b3ac-48cc429c9c66
1388,,Whole Clean Corpus,56.777478829492075,4.039139747619629,103,procon_corpus.jsonl#L1217,5391bd94-5a74-4e02-9aea-106cd37d7f56
1389,,Whole Clean Corpus,41.99427632066903,3.7375333309173584,185,procon_corpus.jsonl#L1218,68ee9c06-4add-421e-b78d-0d4b02a604df
1390,,Whole Clean Corpus,32.452085199693066,3.479764699935913,95,procon_corpus.jsonl#L1219,101a03df-9280-4af2-a35c-72862811de0b
1391,,Whole Clean Corpus,43.26803293775742,3.767414093017578,103,procon_corpus.jsonl#L1220,b17a8dda-2fdf-4f05-8031-b7c62a5b9f32
1392,,Whole Clean Corpus,32.31722088913806,3.475600242614746,139,procon_corpus.jsonl#L1221,22961af5-b570-45bd-834e-02c39db8c24f
1393,,Whole Clean Corpus,15.150261863774341,2.718017816543579,92,procon_corpus.jsonl#L1222,d2fe2335-8c83-4f06-97c9-faa87990070d
1394,,Whole Clean Corpus,33.30973177672411,3.505849599838257,124,procon_corpus.jsonl#L1223,0aa0ffe0-237e-4d21-bace-3de210dabe29
1395,,Whole Clean Corpus,29.795317311701094,3.3943512439727783,99,procon_corpus.jsonl#L1224,cf499774-8095-4996-a777-1076bda4853e
1396,,Whole Clean Corpus,48.40399758727973,3.879582405090332,165,procon_corpus.jsonl#L1225,631aa468-615e-4067-a0e3-4be1c80a29e2
1397,,Whole Clean Corpus,29.8371807201735,3.3957552909851074,169,procon_corpus.jsonl#L1226,0befac41-f1a4-4e20-9782-5c29cf3f94c8
1398,,Whole Clean Corpus,44.65294017646918,3.798920154571533,117,procon_corpus.jsonl#L1227,595a31ae-5094-4ae3-b693-f8f8fb8d2a47
1399,,Whole Clean Corpus,54.548290851218454,3.999086380004883,198,procon_corpus.jsonl#L1228,5dba0e11-7ee1-49c0-8f4b-15232f7f3b0a
1400,,Whole Clean Corpus,40.13849480518511,3.692335844039917,195,procon_corpus.jsonl#L1229,09b649a2-bb5d-490c-b837-ad0428e9450b
1401,,Whole Clean Corpus,88.47435585435446,4.482712745666504,53,procon_corpus.jsonl#L1229,c3d2dfde-bce0-4813-a594-8d297c08367c
1402,,Whole Clean Corpus,14.124994404486714,2.6479458808898926,79,procon_corpus.jsonl#L1230,68b65670-3728-4423-901b-6bd25c7760bc
1403,,Whole Clean Corpus,39.33542757949441,3.6721255779266357,112,procon_corpus.jsonl#L1231,230a5a61-58c9-4d29-bce6-e187cea08cd4
1404,,Whole Clean Corpus,31.361909156431697,3.445594072341919,163,procon_corpus.jsonl#L1232,56349f3b-f397-436a-b193-74682f16cd93
1405,,Whole Clean Corpus,25.420565450430185,3.23555850982666,192,procon_corpus.jsonl#L1233,773fce6a-1e89-4e64-8c14-c561dccc5782
1406,,Whole Clean Corpus,70.32897258363944,4.253183841705322,149,procon_corpus.jsonl#L1234,d68fe0eb-e5c8-44b9-ba3d-c546f1f12a66
1407,,Whole Clean Corpus,40.57753731462575,3.703214645385742,151,procon_corpus.jsonl#L1235,27d3361e-78c8-477f-b4ca-346b9271e4e4
1408,,Whole Clean Corpus,41.70397893500604,3.7305965423583984,148,procon_corpus.jsonl#L1236,f775b092-0031-4d3d-925e-8c0227ac62ac
1409,,Whole Clean Corpus,27.223023888530804,3.304063081741333,130,procon_corpus.jsonl#L1237,9037c0b3-0c7b-4010-8e9a-d842e00ddbc2
1410,,Whole Clean Corpus,40.65917484650051,3.7052245140075684,93,procon_corpus.jsonl#L1238,a8064f6e-b29a-4e19-8bab-045d712be322
1411,,Whole Clean Corpus,70.36483113679165,4.253693580627441,78,procon_corpus.jsonl#L1239,3e252de7-f18d-41c6-9c9d-81339c875b69
1412,,Whole Clean Corpus,65.23963658704707,4.178067207336426,102,procon_corpus.jsonl#L1240,b09f2b69-139a-4bc6-8f74-db5be9935638
1413,,Whole Clean Corpus,63.7887108708115,4.155576229095459,167,procon_corpus.jsonl#L1241,726133de-db10-4662-b699-c7c8f2cfb2bf
1414,,Whole Clean Corpus,59.054750305947834,4.078464984893799,91,procon_corpus.jsonl#L1242,6545ba82-5a5c-4717-ae39-9fc8821a5e49
1415,,Whole Clean Corpus,39.70413640248849,3.681455373764038,103,procon_corpus.jsonl#L1243,80f9523e-d8c3-4a0e-a9f7-af46b14c445b
1416,,Whole Clean Corpus,27.363729803136717,3.309218406677246,63,procon_corpus.jsonl#L1244,277f42a8-f1c9-4971-8c55-50f85d6a49ed
1417,,Whole Clean Corpus,79.73262094048489,4.378678798675537,47,procon_corpus.jsonl#L1245,75677b61-213e-4579-b5cb-b4f194466820
1418,,Whole Clean Corpus,107.93549859498124,4.6815338134765625,40,procon_corpus.jsonl#L1246,97e51aef-8f1a-4515-ab95-785d573b9fb7
1419,,Whole Clean Corpus,49.28495049235341,3.8976187705993652,160,procon_corpus.jsonl#L1247,2a5c6ce3-1e87-413a-8e5a-4ec2a5d70b35
1420,,Whole Clean Corpus,42.612745412163214,3.7521533966064453,153,procon_corpus.jsonl#L1248,159097fd-c1d1-4217-9e42-56e0ab7af2f9
1421,,Whole Clean Corpus,84.82419706806645,4.44058084487915,47,procon_corpus.jsonl#L1249,3a290b09-11c2-4924-a6a0-8280a09945e1
1422,,Whole Clean Corpus,31.95022673706271,3.464179277420044,100,procon_corpus.jsonl#L1250,cfb6a2c8-74f8-4d3a-b164-8a64d13cec01
1423,,Whole Clean Corpus,27.636387212953093,3.3191332817077637,67,procon_corpus.jsonl#L1251,688d0a37-e533-4c0d-8f50-863f8b836cf8
1424,,Whole Clean Corpus,31.409148652321317,3.447099208831787,21,procon_corpus.jsonl#L1252,6b1edb17-2b3c-414e-9a82-135c7873d71a
1425,,Whole Clean Corpus,39.393832036195015,3.6736092567443848,87,procon_corpus.jsonl#L1253,528b55aa-c692-4aa4-9bb6-c513326a87fa
1426,,Whole Clean Corpus,29.938338440254903,3.399139881134033,28,procon_corpus.jsonl#L1254,7fd69430-16e6-4f2e-867e-2691069ca243
1427,,Whole Clean Corpus,39.93298571592327,3.6872026920318604,77,procon_corpus.jsonl#L1255,4c9da62d-cbbc-46f7-b5e0-7b347a2224cb
1428,,Whole Clean Corpus,27.750546645640714,3.3232555389404297,57,procon_corpus.jsonl#L1256,453b9986-a3b8-485f-8b0f-8b6c2d7cdc1c
1429,,Whole Clean Corpus,32.29154253988984,3.4748053550720215,151,procon_corpus.jsonl#L1257,7873daa5-655e-4437-91df-fe521505d40a
1430,,Whole Clean Corpus,48.59637671757192,3.8835489749908447,33,procon_corpus.jsonl#L1258,6bef9f5d-af4b-4f85-a8e6-341cce55a1c6
1431,,Whole Clean Corpus,25.739164303965246,3.248013734817505,136,procon_corpus.jsonl#L1259,d9d1bd81-a2d4-477a-82ed-7cf231ecf148
1432,,Whole Clean Corpus,44.198023752365515,3.788680076599121,57,procon_corpus.jsonl#L1260,a01228a7-9b14-4374-9d6c-d7d7419da1b9
1433,,Whole Clean Corpus,26.907694350347118,3.292412281036377,190,procon_corpus.jsonl#L1261,74c76570-dbc7-4bba-a12d-6d8da5c380cd
1434,,Whole Clean Corpus,31.493282379312515,3.4497742652893066,80,procon_corpus.jsonl#L1262,d267a701-263a-4dbe-aba2-6ff7094e83b6
1435,,Whole Clean Corpus,27.792167548187585,3.324754238128662,120,procon_corpus.jsonl#L1263,40b446c5-0432-4804-b10b-d37f0a7da0ee
1436,,Whole Clean Corpus,87.9393084798752,4.476646900177002,56,procon_corpus.jsonl#L1264,cd088586-442d-49c9-88db-434fa574a8c7
1437,,Whole Clean Corpus,39.41432179798141,3.6741292476654053,212,procon_corpus.jsonl#L1265,96e9e1e6-ffee-4488-be5a-9d206361d1d8
1438,,Whole Clean Corpus,47.09614779064147,3.852191209793091,214,procon_corpus.jsonl#L1266,c35a416c-7ef5-47f7-a982-7731906d8829
1439,,Whole Clean Corpus,40.3655359674983,3.6979763507843018,191,procon_corpus.jsonl#L1267,642128fa-8b34-4af2-99c0-c112b090e8e8
1440,,Whole Clean Corpus,48.88862370855047,3.889544725418091,195,procon_corpus.jsonl#L1268,b944dcaf-55dd-49e0-a056-a12cef7bd104
1441,,Whole Clean Corpus,91.532497110856,4.516694068908691,66,procon_corpus.jsonl#L1268,b432077b-8b33-4d61-a31a-c34d0d517f2d
1442,,Whole Clean Corpus,27.645817720910195,3.319474458694458,229,procon_corpus.jsonl#L1269,53ba90ea-b1c0-4ca2-9756-2c0402ddf338
1443,,Whole Clean Corpus,65.15153412200056,4.176715850830078,114,procon_corpus.jsonl#L1269,5ca6e464-2069-44cc-b593-d287c9db2744
1444,,Whole Clean Corpus,49.384341861981476,3.8996334075927734,192,procon_corpus.jsonl#L1270,c0e150a7-471f-4724-b4b8-9e8e72801f8e
1445,,Whole Clean Corpus,33.636310897693164,3.515606164932251,162,procon_corpus.jsonl#L1271,36e6e03d-d01f-4dad-93ee-18052fba9213
1446,,Whole Clean Corpus,95.25151685561012,4.556520938873291,82,procon_corpus.jsonl#L1272,e31bc872-0970-47d4-b482-304dcf07b895
1447,,Whole Clean Corpus,42.12690688908041,3.7406866550445557,163,procon_corpus.jsonl#L1273,31ea56d3-b96a-4060-8700-f27deb42f45d
1448,,Whole Clean Corpus,41.918722104066,3.7357325553894043,189,procon_corpus.jsonl#L1274,cc7fcdf8-c912-4b98-8bc5-a1cfce726bf1
1449,,Whole Clean Corpus,58.6092941740045,4.070893287658691,193,procon_corpus.jsonl#L1275,799fbee5-87ad-41d7-a30a-f2b607fe9806
1450,,Whole Clean Corpus,76.50919478048716,4.337410926818848,105,procon_corpus.jsonl#L1275,4a2f99ad-b0e6-4f89-97b6-33d65cb33a16
1451,,Whole Clean Corpus,49.256217275885305,3.897035598754883,204,procon_corpus.jsonl#L1276,6539279a-fd6a-4eef-8d5e-c3fa8af76ec3
1452,,Whole Clean Corpus,96.35942337263157,4.568085193634033,98,procon_corpus.jsonl#L1276,f065e9ed-851a-4b5b-b838-54e7231c4c76
1453,,Whole Clean Corpus,49.71487186399924,3.906304121017456,201,procon_corpus.jsonl#L1277,c73ff091-370e-4bec-bab1-b59bb7145f24
1454,,Whole Clean Corpus,63.8970867373028,4.157273769378662,178,procon_corpus.jsonl#L1277,5c285597-3f33-4baa-b039-b7d67db8c6eb
1455,,Whole Clean Corpus,41.85589570642735,3.7342326641082764,163,procon_corpus.jsonl#L1278,2a10aa5d-3e8e-4e5d-b69d-358f44e7e89e
1456,,Whole Clean Corpus,93.23870505016232,4.535162925720215,63,procon_corpus.jsonl#L1279,3bdd32b0-1b93-48d8-9139-6ec7b4bba90e
1457,,Whole Clean Corpus,48.58240567365661,3.8832614421844482,82,procon_corpus.jsonl#L1280,de17049f-af91-4b6e-a8d3-92c1b54a67b7
1458,,Whole Clean Corpus,67.9903048947482,4.219365119934082,148,procon_corpus.jsonl#L1281,795e4260-1390-4e5c-8266-66edfda94b77
1459,,Whole Clean Corpus,34.53650030456902,3.5420167446136475,154,procon_corpus.jsonl#L1282,7d2e4883-cc59-430b-ab9b-0bda9a673499
1460,,Whole Clean Corpus,41.43144076754488,3.7240400314331055,176,procon_corpus.jsonl#L1283,27c8f069-2e6b-4f29-998e-f1bd8bf8683c
1461,,Whole Clean Corpus,54.45834222769046,3.997436046600342,72,procon_corpus.jsonl#L1284,8ec15865-ac62-4c7b-a69c-a2bd876e78d9
1462,,Whole Clean Corpus,36.89604882470537,3.6081044673919678,96,procon_corpus.jsonl#L1285,e3c5c845-610b-41e8-8173-f0d0943f63d8
1463,,Whole Clean Corpus,27.73580295153303,3.3227241039276123,151,procon_corpus.jsonl#L1286,35a285f5-f81f-4af7-8afc-425d1e35c637
1464,,Whole Clean Corpus,281.4387921978185,5.6399149894714355,54,procon_corpus.jsonl#L1287,958787e4-89ac-4b9c-9ddc-17251b2feb7d
1465,,Whole Clean Corpus,46.40820397965423,3.8374762535095215,128,procon_corpus.jsonl#L1288,bfcd08e4-9376-4baa-b401-9c3d2b5dd275
1466,,Whole Clean Corpus,32.19020722807358,3.4716622829437256,143,procon_corpus.jsonl#L1289,bfcd845a-3aac-46f6-aa0e-b495db3f3b0c
1467,,Whole Clean Corpus,42.67219042844063,3.753547430038452,52,procon_corpus.jsonl#L1290,41aac2ed-6440-4257-a5d4-7a5d2cf64ff2
1468,,Whole Clean Corpus,32.01914818229055,3.466334104537964,139,procon_corpus.jsonl#L1291,3e09c73b-76f2-423d-9925-710f692ce9d8
1469,,Whole Clean Corpus,45.64200422471302,3.820828437805176,88,procon_corpus.jsonl#L1292,802c15a7-ae28-4b37-8abc-3b2c8300d9c8
1470,,Whole Clean Corpus,46.92119516090037,3.8484694957733154,178,procon_corpus.jsonl#L1293,156aa678-1847-49d9-8cf5-6d70188e60e4
1471,,Whole Clean Corpus,34.93662478917095,3.5535356998443604,118,procon_corpus.jsonl#L1294,f8e48d71-b8de-4d55-81b0-a6b50ffd4646
1472,,Whole Clean Corpus,58.55912268814582,4.070036888122559,74,procon_corpus.jsonl#L1295,4e32ace8-5f1f-4f9c-b3af-a0c7045df8d9
1473,,Whole Clean Corpus,47.95926620040094,3.870352029800415,60,procon_corpus.jsonl#L1296,c426df52-3593-4a96-8384-c68ab6203ec6
1474,,Whole Clean Corpus,47.96030674027803,3.8703737258911133,186,procon_corpus.jsonl#L1297,497837a3-4d59-46a4-ac49-7dd7739d8580
1475,,Whole Clean Corpus,55.53376079690417,4.016991138458252,145,procon_corpus.jsonl#L1298,d409a6d1-b2c3-4eec-b609-17154480cdfb
1476,,Whole Clean Corpus,40.90002274041925,3.7111306190490723,110,procon_corpus.jsonl#L1299,8a46952e-0455-4ce2-9100-5b0775afab49
1477,,Whole Clean Corpus,45.25327000601987,3.812274932861328,55,procon_corpus.jsonl#L1300,698eaac5-3997-4fd8-a1ad-9c24968a3f13
1478,,Whole Clean Corpus,32.16203790259944,3.4707868099212646,138,procon_corpus.jsonl#L1301,80a4a174-7bfe-47d2-b06e-e727551ae23a
1479,,Whole Clean Corpus,40.599920462709505,3.703766107559204,109,procon_corpus.jsonl#L1302,dcf7cfdf-397b-4391-b199-c6108af0231d
1480,,Whole Clean Corpus,39.5939798241867,3.6786770820617676,75,procon_corpus.jsonl#L1303,5cd0d8b5-1a8f-4aef-a3cc-ade47fc57ae2
1481,,Whole Clean Corpus,43.185491702256115,3.7655045986175537,124,procon_corpus.jsonl#L1304,a396cdf1-2397-48bf-90ef-69aface3b68a
1482,,Whole Clean Corpus,26.460249477317916,3.2756435871124268,28,procon_corpus.jsonl#L1305,e01fdd80-34fa-4680-8573-8d0b5b5849a0
1483,,Whole Clean Corpus,30.55759798856728,3.4196133613586426,122,procon_corpus.jsonl#L1306,b911d01a-6332-441e-b828-b76545cd008f
1484,,Whole Clean Corpus,87.4734163652615,4.471334934234619,75,procon_corpus.jsonl#L1307,dbf08644-d0e2-4b11-bdf1-29d9f761f69e
1485,,Whole Clean Corpus,26.994221528127422,3.2956228256225586,146,procon_corpus.jsonl#L1308,428c8f53-760f-4382-a912-9d2749be6853
1486,,Whole Clean Corpus,172.555212626043,5.150717258453369,15,procon_corpus.jsonl#L1309,cca1809e-41a7-49b7-a796-ed5d6e481969
1487,,Whole Clean Corpus,43.93304116870757,3.7826666831970215,29,procon_corpus.jsonl#L1310,512349a0-6620-45c7-9578-4d9822f617be
1488,,Whole Clean Corpus,24.241302650762158,3.1880578994750977,110,procon_corpus.jsonl#L1311,fcd1ae57-6fed-494c-bb17-c92ac730ff4d
1489,,Whole Clean Corpus,41.21541048217529,3.7188122272491455,127,procon_corpus.jsonl#L1312,2782128f-e9ab-49cc-a39e-dad1d7a1e963
1490,,Whole Clean Corpus,58.27421986303218,4.065159797668457,125,procon_corpus.jsonl#L1313,682a5ad1-22ea-4023-bdb4-7d59f802cef2
1491,,Whole Clean Corpus,43.82976940974899,3.78031325340271,39,procon_corpus.jsonl#L1314,70fb878d-90be-408b-b619-610449e564cc
1492,,Whole Clean Corpus,18.481213369765683,2.916754722595215,88,procon_corpus.jsonl#L1315,51175fe2-3480-4e4b-95b3-064a0300ac6c
1493,,Whole Clean Corpus,58.6875703015648,4.072227954864502,119,procon_corpus.jsonl#L1316,a942c1d1-14b8-4c03-bd4f-90d1d319aefa
1494,,Whole Clean Corpus,69.72023724517447,4.244490623474121,58,procon_corpus.jsonl#L1317,01eebf9e-2c0f-46c1-8a79-4b634a883a26
1495,,Whole Clean Corpus,47.25419663495144,3.855541467666626,89,procon_corpus.jsonl#L1318,2df7c16d-c361-4b33-99c9-7a026e162d4f
1496,,Whole Clean Corpus,58.01941315917375,4.06077766418457,43,procon_corpus.jsonl#L1319,bce127ce-291a-461e-9ce5-c0005289fbc2
1497,,Whole Clean Corpus,21.234097718267034,3.0556082725524902,36,procon_corpus.jsonl#L1320,21366040-e3e9-4e24-aa0e-22bd8795d635
1498,,Whole Clean Corpus,54.74575612478693,4.002699851989746,90,procon_corpus.jsonl#L1321,73efc3a0-4cab-4c06-955f-260bbc39e873
1499,,Whole Clean Corpus,42.0370201836865,3.7385506629943848,80,procon_corpus.jsonl#L1322,e4ee9cea-c13c-410c-b851-b208c6aa68eb
1500,,Whole Clean Corpus,33.35010779661347,3.507061004638672,49,procon_corpus.jsonl#L1323,4181cdc3-3dbf-4606-ac65-9de579bc0c43
1501,,Whole Clean Corpus,48.31017276301821,3.8776421546936035,83,procon_corpus.jsonl#L1324,11df16d0-ad2d-474d-a11e-6f1470480b31
1502,,Whole Clean Corpus,38.21709353714165,3.643282890319824,106,procon_corpus.jsonl#L1325,7ad30a5b-ed91-416e-9e77-c65d0e9e1fab
1503,,Whole Clean Corpus,21.343045039998458,3.0607259273529053,143,procon_corpus.jsonl#L1326,78a9dc4b-c005-4d29-bfc2-e127d793b402
1504,,Whole Clean Corpus,23.05811237593133,3.1380176544189453,91,procon_corpus.jsonl#L1327,f3907397-e981-46f3-baa7-bcee3e00a164
1505,,Whole Clean Corpus,100.01049736350247,4.6052751541137695,108,procon_corpus.jsonl#L1328,d9a72c90-4bb5-4e25-8042-e0eabfb7287d
1506,,Whole Clean Corpus,52.0065794913841,3.9513702392578125,25,procon_corpus.jsonl#L1329,c3a05c06-bf64-45bc-a139-cd17e6122177
1507,,Whole Clean Corpus,30.208951119392978,3.4081382751464844,55,procon_corpus.jsonl#L1330,7ab1fe6c-2fb7-4fed-be3f-215422b72cc2
1508,,Whole Clean Corpus,22.812950882130114,3.127328395843506,69,procon_corpus.jsonl#L1331,4b820266-2512-48c3-bf31-6a45ea7134bb
1509,,Whole Clean Corpus,47.73554998653708,3.8656764030456543,105,procon_corpus.jsonl#L1332,541d3ee5-bd08-4f8f-a142-1fe5b71e065b
1510,,Whole Clean Corpus,20.342212764590865,3.012698173522949,44,procon_corpus.jsonl#L1333,bf6e032f-8abc-4130-8b68-19871a1a5043
1511,,Whole Clean Corpus,18.721002372720378,2.9296460151672363,72,procon_corpus.jsonl#L1334,a9525ac4-e7ba-42f4-8799-c2e6bdb224f9
1512,,Whole Clean Corpus,57.78718202703879,4.056766986846924,23,procon_corpus.jsonl#L1335,c2377ff3-5046-45e9-9cd9-649ea69d790e
1513,,Whole Clean Corpus,70.73160736567819,4.25889253616333,96,procon_corpus.jsonl#L1336,9d61a658-0638-46c5-afb5-81cecc5e09fa
1514,,Whole Clean Corpus,77.12202357903445,4.345388889312744,102,procon_corpus.jsonl#L1337,2f455423-0b3e-4dec-8067-2a36f7b76f67
1515,,Whole Clean Corpus,63.62964701294368,4.153079509735107,86,procon_corpus.jsonl#L1338,ac364100-57e0-4c4d-b876-6f3bfdd8e0f1
1516,,Whole Clean Corpus,65.68284748686682,4.184837818145752,43,procon_corpus.jsonl#L1339,29a66535-db5e-4877-80bf-868442a31400
1517,,Whole Clean Corpus,63.87588417617716,4.156941890716553,76,procon_corpus.jsonl#L1340,46ac1357-7cb8-4611-8982-355836c0f544
1518,,Whole Clean Corpus,658.8438930589905,6.4904866218566895,21,procon_corpus.jsonl#L1341,1c77bd7b-0f8f-4ab0-a50b-ff38c5ad154f
1519,,Whole Clean Corpus,173.6522786386092,5.157054901123047,68,procon_corpus.jsonl#L1342,13858570-e7b1-4ca5-bf3a-4d4a07703384
1520,,Whole Clean Corpus,69.46153881116068,4.2407732009887695,58,procon_corpus.jsonl#L1343,5929feb7-d1ac-48d6-8109-83c3214d21a1
1521,,Whole Clean Corpus,104.52820902964255,4.649456977844238,71,procon_corpus.jsonl#L1344,c28881a1-265d-4d89-b24b-f1a963f64594
1522,,Whole Clean Corpus,54.52835732949476,3.99872088432312,142,procon_corpus.jsonl#L1345,0cf4798a-e62a-4099-a300-fcc62f88b3e3
1523,,Whole Clean Corpus,81.81330851417262,4.404439926147461,85,procon_corpus.jsonl#L1346,6727249e-5441-4c6e-b07e-9bb672a0d1ca
1524,,Whole Clean Corpus,168.45882221820523,5.1266913414001465,82,procon_corpus.jsonl#L1347,e9d43486-9ea9-4641-87ad-ccf37d5c3868
1525,,Whole Clean Corpus,45.8000320978545,3.824284791946411,117,procon_corpus.jsonl#L1348,ccc9b302-9c39-4b54-8b4a-9bfffe22ea0f
1526,,Whole Clean Corpus,90.75442690389976,4.508157253265381,60,procon_corpus.jsonl#L1349,971b9d4c-bdd5-4bbc-8ae0-ad449119f105
1527,,Whole Clean Corpus,24.181794153803732,3.1856000423431396,59,procon_corpus.jsonl#L1350,7c96738f-fb9d-4097-9c73-f39402519429
1528,,Whole Clean Corpus,28.275183460658493,3.341984510421753,133,procon_corpus.jsonl#L1351,e6f31a20-f1ad-43f3-af53-ab3a668b541f
1529,,Whole Clean Corpus,37.46951860608526,3.623527765274048,94,procon_corpus.jsonl#L1352,02b4af7c-b9ed-42a8-83b7-bbb1849cf833
1530,,Whole Clean Corpus,65.19485545979265,4.177380561828613,140,procon_corpus.jsonl#L1353,1c1cbc8c-cebd-46d2-af04-c3e5ea703534
1531,,Whole Clean Corpus,143.88243245344842,4.968996524810791,14,procon_corpus.jsonl#L1354,1ed7817c-157d-4f04-be73-64f5b33e87a0
1532,,Whole Clean Corpus,61.134491140410226,4.113076210021973,75,procon_corpus.jsonl#L1355,a165c4e2-c0c4-4522-8e83-92ee31b2b03c
1533,,Whole Clean Corpus,67.71189974514293,4.215261936187744,70,procon_corpus.jsonl#L1356,76936fa5-f5d7-4197-aa7f-53eb5c13c8b7
1534,,Whole Clean Corpus,39.27107014310796,3.670488119125366,67,procon_corpus.jsonl#L1357,dae78637-a299-4fc3-bb63-4b7310dc619b
1535,,Whole Clean Corpus,38.89116400414194,3.660767078399658,31,procon_corpus.jsonl#L1358,9974e331-bd5c-421c-a043-c58eaf140d68
1536,,Whole Clean Corpus,393.1325541667384,5.974146842956543,36,procon_corpus.jsonl#L1359,1d6ed080-bd8d-4cda-a8a8-95f7c2eba995
1537,,Whole Clean Corpus,109.89672838167716,4.699541091918945,51,procon_corpus.jsonl#L1360,dbdae521-30e0-48ef-8a3d-d7ca9f3f428a
1538,,Whole Clean Corpus,43.72770996846637,3.777981996536255,72,procon_corpus.jsonl#L1361,95c62016-b973-4ef1-92fa-b4cd26acaddc
1539,,Whole Clean Corpus,98.239422798461,4.58740758895874,39,procon_corpus.jsonl#L1362,d0c84997-963c-4eaf-98e9-c0b58a61d92d
1540,,Whole Clean Corpus,61.25713648006766,4.1150803565979,87,procon_corpus.jsonl#L1363,2c713974-edc8-4371-980e-e94e91d04826
1541,,Whole Clean Corpus,130.2513216936273,4.8694658279418945,81,procon_corpus.jsonl#L1364,d7ec3fbb-3974-418d-81d9-ec2711151330
1542,,Whole Clean Corpus,49.900657533140475,3.9100341796875,22,procon_corpus.jsonl#L1365,208cbf9d-4163-4abd-8943-586ac0477b46
1543,,Whole Clean Corpus,89.78123284629234,4.497375965118408,60,procon_corpus.jsonl#L1366,3b88335d-bbc1-451e-a8fb-d1a508e74913
1544,,Whole Clean Corpus,113.20646073401106,4.729213237762451,22,procon_corpus.jsonl#L1367,675c9d1c-5dee-4577-9da7-1e568e0aaa6e
1545,,Whole Clean Corpus,51.69437516651518,3.9453489780426025,51,procon_corpus.jsonl#L1368,2d35b34c-f82f-4d05-bab5-e435ad42a66c
1546,,Whole Clean Corpus,120.43572855393948,4.791116237640381,88,procon_corpus.jsonl#L1369,04e4ebe4-1344-47f8-a121-6d590db3f7c3
1547,,Whole Clean Corpus,149.024868890943,5.00411319732666,39,procon_corpus.jsonl#L1370,5e716f52-822b-4c1b-af6f-52f90bf95856
1548,,Whole Clean Corpus,73.09120117541858,4.291707992553711,73,procon_corpus.jsonl#L1371,0d4aea30-9615-4be2-a7dc-127a81e5252b
1549,,Whole Clean Corpus,92.20417514037244,4.52400541305542,107,procon_corpus.jsonl#L1372,f929fe24-376e-4a55-b4b3-da7f9db58bb4
1550,,Whole Clean Corpus,48.11191747813197,3.8735299110412598,106,procon_corpus.jsonl#L1373,c2b1ad04-99b7-48f0-b0d8-0ac32e9c8cdc
1551,,Whole Clean Corpus,246.46694759190473,5.507227897644043,31,procon_corpus.jsonl#L1374,027cda22-1ccf-47e4-b417-309b5301fa65
1552,,Whole Clean Corpus,181.91505517696334,5.203539848327637,50,procon_corpus.jsonl#L1375,5960962b-15eb-4bc8-a3bf-715d5fe1e494
1553,,Whole Clean Corpus,67.11410265274667,4.206394195556641,94,procon_corpus.jsonl#L1376,33957090-6daf-4442-80b9-81443236dfdd
1554,,Whole Clean Corpus,158.74745795875808,5.067314624786377,80,procon_corpus.jsonl#L1377,c2da0c69-120d-4cc3-889f-cb0a1c5b258b
1555,,Whole Clean Corpus,169.11436128342697,5.130575180053711,32,procon_corpus.jsonl#L1378,574b0c50-6a13-4084-891a-790e2233f85b
1556,,Whole Clean Corpus,29.206737635494832,3.374399423599243,22,procon_corpus.jsonl#L1379,20574c60-6325-40e3-a8a0-a2b4f4d9ee80
1557,,Whole Clean Corpus,24.657349878506977,3.2050750255584717,180,procon_corpus.jsonl#L1380,9e8abcbc-fda5-4e3b-968a-d4e5a14853f8
1558,,Whole Clean Corpus,40.215030086095645,3.6942408084869385,79,procon_corpus.jsonl#L1381,61657f5d-9138-4e52-a691-41ed8ae0b04b
1559,,Whole Clean Corpus,17.07811196832452,2.8377976417541504,67,procon_corpus.jsonl#L1382,0c2d8a91-987e-4033-96b7-ab82c09b7bb4
1560,,Whole Clean Corpus,18.36857259923111,2.9106411933898926,61,procon_corpus.jsonl#L1383,08856a64-c488-4a39-b8db-9b16a1f3a499
1561,,Whole Clean Corpus,11.245039748867704,2.4199271202087402,89,procon_corpus.jsonl#L1384,d6f2b7f3-e65d-495b-ad95-044bac9aa966
1562,,Whole Clean Corpus,27.183778342285347,3.3026204109191895,67,procon_corpus.jsonl#L1385,b317014e-43a0-4620-9e4a-91c0160b1f87
1563,,Whole Clean Corpus,9.920102892363285,2.2945632934570312,75,procon_corpus.jsonl#L1386,5981596f-7782-4405-9ab2-94584997ae89
1564,,Whole Clean Corpus,40.78420477026822,3.7082948684692383,32,procon_corpus.jsonl#L1387,347f9b19-63b9-4e11-98cf-e36aa37f9bb4
1565,,Whole Clean Corpus,26.355519782665084,3.2716777324676514,106,procon_corpus.jsonl#L1388,71578b58-8b49-4e0b-acbb-93b1944591c1
1566,,Whole Clean Corpus,23.3917316639778,3.1523826122283936,74,procon_corpus.jsonl#L1389,d1025ee0-eaf4-43ac-a7fe-36b899535705
1567,,Whole Clean Corpus,31.73826680306491,3.4575231075286865,92,procon_corpus.jsonl#L1390,a1da61df-74f1-403e-a74a-5324a265fd81
1568,,Whole Clean Corpus,36.82334542136728,3.6061320304870605,105,procon_corpus.jsonl#L1391,43f3d518-2d34-48c1-bf1e-0fa70582c104
1569,,Whole Clean Corpus,57.07043752994495,4.044286251068115,78,procon_corpus.jsonl#L1392,2838098b-ebd7-4acc-a762-8fcd1a9fadb7
1570,,Whole Clean Corpus,36.53016407704623,3.5981383323669434,95,procon_corpus.jsonl#L1393,722687bf-c86a-4b69-819c-bccb6428a3b5
1571,,Whole Clean Corpus,22.979035060003255,3.134582281112671,177,procon_corpus.jsonl#L1394,a985fced-c462-4773-a3ce-e36de2d4e747
1572,,Whole Clean Corpus,23.683112905397074,3.164762258529663,87,procon_corpus.jsonl#L1395,8662d914-3171-4c0c-b731-e30a74671c50
1573,,Whole Clean Corpus,13.174483352473914,2.578281879425049,81,procon_corpus.jsonl#L1396,b61f9f75-66c3-49b2-867b-6fadbf7d4840
1574,,Whole Clean Corpus,12.249671551722232,2.5054991245269775,75,procon_corpus.jsonl#L1397,04963a38-d978-4c8b-b6ca-838f62f2ae58
1575,,Whole Clean Corpus,11.139583187581373,2.4105048179626465,62,procon_corpus.jsonl#L1398,295e2584-0f55-4e11-8d9e-574d19a554ce
1576,,Whole Clean Corpus,28.691167343202654,3.3565893173217773,67,procon_corpus.jsonl#L1399,26824fb8-a8c7-4e26-a9f2-653d46274187
1577,,Whole Clean Corpus,26.842747435102766,3.2899956703186035,183,procon_corpus.jsonl#L1400,df34e240-f0b6-4eff-912b-7a707e252219
1578,,Whole Clean Corpus,31.60056714004564,3.4531750679016113,80,procon_corpus.jsonl#L1401,d22dbcbb-9797-444f-806b-64d4d3df4133
1579,,Whole Clean Corpus,28.905249106783472,3.364023208618164,87,procon_corpus.jsonl#L1402,7722b1a5-a578-4a37-9d19-8972f01908dd
1580,,Whole Clean Corpus,36.215003197761675,3.5894734859466553,70,procon_corpus.jsonl#L1403,c6184a77-01db-497b-ad48-daae2d783fda
1581,,Whole Clean Corpus,89.52712437875086,4.494541645050049,41,procon_corpus.jsonl#L1404,7ab34a65-744d-41c6-abf7-95798aa19b7c
1582,,Whole Clean Corpus,49.27338940784249,3.8973841667175293,84,procon_corpus.jsonl#L1405,5ab54183-9326-4304-afdd-53c50928a1c4
1583,,Whole Clean Corpus,15.318268049746411,2.729046106338501,85,procon_corpus.jsonl#L1406,d270ddcb-2f57-4225-bb85-77b267de9f47
1584,,Whole Clean Corpus,31.877349299278897,3.461895704269409,66,procon_corpus.jsonl#L1407,0ee04049-421b-4e41-8468-c60f184c886d
1585,,Whole Clean Corpus,25.39270135142118,3.234461784362793,29,procon_corpus.jsonl#L1408,b6554d86-b22e-4388-b4c9-075504f8ce95
1586,,Whole Clean Corpus,28.79643702604926,3.3602516651153564,91,procon_corpus.jsonl#L1409,468702f1-195f-4f08-b353-98ca921b65a9
1587,,Whole Clean Corpus,34.26152644025623,3.5340230464935303,63,procon_corpus.jsonl#L1410,7544d455-8b8d-4b4d-a3dd-345412d5c5d7
1588,,Whole Clean Corpus,81.4539835963488,4.400038242340088,37,procon_corpus.jsonl#L1411,310da381-f219-456a-b0df-43b994556031
1589,,Whole Clean Corpus,31.96044347481277,3.464498996734619,61,procon_corpus.jsonl#L1412,358f323d-03d4-408d-8b2a-25e23526fc67
1590,,Whole Clean Corpus,28.442694128895372,3.347891330718994,60,procon_corpus.jsonl#L1413,92854117-526f-45b7-acc7-a27ce008a041
1591,,Whole Clean Corpus,18.940984165926317,2.9413280487060547,38,procon_corpus.jsonl#L1414,8e1bf7df-080e-476d-8160-ee1679917c98
1592,,Whole Clean Corpus,55.58401714703682,4.017895698547363,93,procon_corpus.jsonl#L1415,9a573167-1a92-43b2-9ae2-bd4aca09cdfe
1593,,Whole Clean Corpus,42.125480688328764,3.7406527996063232,43,procon_corpus.jsonl#L1416,6ba6c237-2f74-455e-a0c1-9786e84541a1
1594,,Whole Clean Corpus,23.18427163558117,3.1434741020202637,28,procon_corpus.jsonl#L1417,99f4f133-bd81-42c9-bc2d-bcf9abc18318
1595,,Whole Clean Corpus,11.74214884118052,2.4631848335266113,29,procon_corpus.jsonl#L1418,14f2a1c5-a5b5-4053-b72c-a593f4b09b84
1596,,Whole Clean Corpus,11.140807617206724,2.4106147289276123,99,procon_corpus.jsonl#L1419,25c54240-db67-4eda-8749-d4a0e296f138
1597,,Whole Clean Corpus,45.46575390349977,3.8169593811035156,35,procon_corpus.jsonl#L1420,40c311a9-e83f-495c-bf66-c3cc59ebfe6e
1598,,Whole Clean Corpus,50.77933696188255,3.9274895191192627,87,procon_corpus.jsonl#L1421,fea463f6-85a3-45c3-87b4-d190dd92d305
1599,,Whole Clean Corpus,37.137221139806144,3.614619731903076,57,procon_corpus.jsonl#L1422,c9e543bd-8d41-4bc8-83de-5ee7cb0c7862
1600,,Whole Clean Corpus,21.104930037920216,3.049506664276123,40,procon_corpus.jsonl#L1423,80100145-2a66-4c95-ab90-bd84442d8872
1601,,Whole Clean Corpus,19.395321210372423,2.965031862258911,71,procon_corpus.jsonl#L1424,4a05afc0-7782-402c-9298-ea5c3c5eb6d4
1602,,Whole Clean Corpus,59.997657229771654,4.094305515289307,53,procon_corpus.jsonl#L1425,f9159ccb-1e7d-43c9-afe1-88370dc6613d
1603,,Whole Clean Corpus,51.76688405516284,3.9467506408691406,30,procon_corpus.jsonl#L1426,8ac19402-7305-423c-9b01-2589f48f82f2
1604,,Whole Clean Corpus,51.52491501446165,3.942065477371216,135,procon_corpus.jsonl#L1427,e7619c2e-d168-4e6c-90ac-02ea3251ee84
1605,,Whole Clean Corpus,52.72753053083424,3.9651377201080322,71,procon_corpus.jsonl#L1428,6846d310-0ac1-4819-aa9d-8948025e5f26
1606,,Whole Clean Corpus,30.98051414443368,3.4333584308624268,126,procon_corpus.jsonl#L1429,c3844eab-6a4e-4835-88d2-ab177bc405ae
1607,,Whole Clean Corpus,58.08429807710192,4.061895370483398,103,procon_corpus.jsonl#L1430,18c431c4-f627-4946-980d-202a49207cd0
1608,,Whole Clean Corpus,54.820780501658746,4.0040693283081055,57,procon_corpus.jsonl#L1431,e15bbfeb-8e59-4ff8-a2c5-4b420bcd66e2
1609,,Whole Clean Corpus,51.30876939728873,3.937861680984497,63,procon_corpus.jsonl#L1432,df452350-3f7d-4efc-aeee-3005366e5528
1610,,Whole Clean Corpus,41.415559947328,3.72365665435791,72,procon_corpus.jsonl#L1433,a7ca0340-247f-4101-8ee4-b44b172d2954
1611,,Whole Clean Corpus,47.95836289287982,3.870333194732666,25,procon_corpus.jsonl#L1434,3d6a6207-a364-4326-b423-95cd2a518d56
1612,,Whole Clean Corpus,33.09953088837543,3.499519109725952,43,procon_corpus.jsonl#L1435,f7943550-8008-4280-92d3-8f042cf68924
1613,,Whole Clean Corpus,27.195680279345115,3.30305814743042,41,procon_corpus.jsonl#L1436,032ca740-1dd1-4edb-a8f7-eab942cf6dc7
1614,,Whole Clean Corpus,81.36807537818568,4.398983001708984,77,procon_corpus.jsonl#L1437,7195227f-1cca-404c-a0f8-49ecd294655e
1615,,Whole Clean Corpus,78.34682904899422,4.361145496368408,117,procon_corpus.jsonl#L1438,2fddd722-0d9e-47b8-bd30-1cf8ae2b5052
1616,,Whole Clean Corpus,64.56211679377752,4.167627811431885,128,procon_corpus.jsonl#L1439,e6da1dfe-d2f3-4981-9a81-2aa3dd86a1b7
1617,,Whole Clean Corpus,47.78281607706931,3.866666078567505,81,procon_corpus.jsonl#L1440,eab27bb0-41a1-4d66-b54d-32224662a869
1618,,Whole Clean Corpus,47.582005439888725,3.862454652786255,107,procon_corpus.jsonl#L1441,3a6075aa-fb3e-4cff-8ab3-d6faf49dffb7
1619,,Whole Clean Corpus,36.40329630821954,3.5946593284606934,128,procon_corpus.jsonl#L1442,441a1acc-4191-4931-bd8b-1710eb7483b3
1620,,Whole Clean Corpus,57.4262402792887,4.050501346588135,47,procon_corpus.jsonl#L1443,a37ad323-178f-4f0c-a83d-522612dfb25b
1621,,Whole Clean Corpus,59.52816864383377,4.08644962310791,73,procon_corpus.jsonl#L1444,09ccd7f9-d699-4037-b764-c169ad0490b5
1622,,Whole Clean Corpus,40.87990095631588,3.7106385231018066,70,procon_corpus.jsonl#L1445,22e611bf-a87b-4c90-bf1e-e1dfaed88309
1623,,Whole Clean Corpus,24.668075087471333,3.205509901046753,95,procon_corpus.jsonl#L1446,7009edb0-acdd-41bf-aa7c-acc0220a1bf4
1624,,Whole Clean Corpus,45.60474892417103,3.820011854171753,76,procon_corpus.jsonl#L1447,5f258e35-dc8c-4bfc-84b3-22b0cad2523c
1625,,Whole Clean Corpus,329.8592341801681,5.798666000366211,36,procon_corpus.jsonl#L1448,2d092875-65fc-4597-9fb1-30dc391f9ac0
1626,,Whole Clean Corpus,39.89096413975711,3.686149835586548,69,procon_corpus.jsonl#L1449,a700258c-43fd-4be6-8509-dc244ab00071
1627,,Whole Clean Corpus,43.534411855648784,3.7735517024993896,93,procon_corpus.jsonl#L1450,5c5ea0af-930d-4ca5-9a1c-361c6d83eb18
1628,,Whole Clean Corpus,42.76338432447309,3.7556822299957275,81,procon_corpus.jsonl#L1451,693b1db2-caea-4786-aae5-684738fbc893
1629,,Whole Clean Corpus,49.988333874060615,3.911789655685425,67,procon_corpus.jsonl#L1452,8d0d268a-9024-4c8e-adff-8106463fe88a
1630,,Whole Clean Corpus,115.6655524194594,4.750702857971191,27,procon_corpus.jsonl#L1453,101f68aa-fa33-4ae3-9977-b5e8739f8e8a
1631,,Whole Clean Corpus,36.3251977699594,3.5925116539001465,76,procon_corpus.jsonl#L1454,37992a29-b3ac-4548-b11b-4cf5840ed7d1
1632,,Whole Clean Corpus,22.035172420181198,3.092639923095703,55,procon_corpus.jsonl#L1455,d21ef38a-95db-4546-8de4-fb126a6f02a2
1633,,Whole Clean Corpus,21.55164127427238,3.0704519748687744,86,procon_corpus.jsonl#L1456,25a5d13d-7945-448d-a136-2f639a39be2d
1634,,Whole Clean Corpus,23.834036954231667,3.171114683151245,32,procon_corpus.jsonl#L1457,513202af-0562-4697-b7cd-1b296ffc31d7
1635,,Whole Clean Corpus,32.77634260467939,3.4897069931030273,39,procon_corpus.jsonl#L1458,82026b6a-f36f-445c-ae50-22da001022a4
1636,,Whole Clean Corpus,101.85880690868036,4.623587608337402,41,procon_corpus.jsonl#L1459,4b302fb2-a980-4a2c-a13a-5cdda1c5105e
1637,,Whole Clean Corpus,51.391763710813144,3.9394779205322266,211,procon_corpus.jsonl#L1460,5060053f-6853-49d9-9298-5f50a964bf48
1638,,Whole Clean Corpus,12.266599058265376,2.506880044937134,72,procon_corpus.jsonl#L1461,44420d98-5af7-4e46-a75e-912d4aaedec9
1639,,Whole Clean Corpus,41.12596842581537,3.716639757156372,33,procon_corpus.jsonl#L1462,752fd59f-fd95-44ab-a6c9-e529505be406
1640,,Whole Clean Corpus,39.98021758273825,3.688384771347046,119,procon_corpus.jsonl#L1463,49b018fe-e936-4280-abc5-6a8491092328
1641,,Whole Clean Corpus,40.22634552992147,3.6945221424102783,61,procon_corpus.jsonl#L1464,4f3beb10-648a-4aa9-a1f2-ffb1122375ff
1642,,Whole Clean Corpus,23.300691493143816,3.1484830379486084,78,procon_corpus.jsonl#L1465,c34e0d39-4056-429a-8ba2-f2d8d0a5fe8c
1643,,Whole Clean Corpus,90.43247014482179,4.504603385925293,51,procon_corpus.jsonl#L1466,dd46c244-a09c-4d91-9b25-268344f5e939
1644,,Whole Clean Corpus,59.68491927539967,4.0890793800354,56,procon_corpus.jsonl#L1467,f1f4db97-8468-494c-8328-348639dce21a
1645,,Whole Clean Corpus,23.321310839926767,3.149367570877075,63,procon_corpus.jsonl#L1468,02720fae-3bd5-494a-80ce-ac00dd76e0bf
1646,,Whole Clean Corpus,27.01242845833272,3.296297073364258,111,procon_corpus.jsonl#L1469,afad72bd-0664-4dd5-b1ac-62a8edb9c573
1647,,Whole Clean Corpus,36.15838040412708,3.5879087448120117,64,procon_corpus.jsonl#L1470,ec1a83fc-14a5-4c9a-b42d-aa49ba081465
1648,,Whole Clean Corpus,58.74507844624056,4.073207378387451,102,procon_corpus.jsonl#L1471,2471b888-e305-4cfa-90da-7d68a8fe3489
1649,,Whole Clean Corpus,45.87306581020637,3.825878143310547,121,procon_corpus.jsonl#L1472,ce376281-36f5-452c-919a-2b79b21af7d5
1650,,Whole Clean Corpus,18.268914572483535,2.905200958251953,72,procon_corpus.jsonl#L1473,8af548e3-981b-4813-8242-f210da75b5cd
1651,,Whole Clean Corpus,14.157796407922728,2.6502654552459717,49,procon_corpus.jsonl#L1474,86b8feff-5703-4e6c-822f-06f76f59dc56
1652,,Whole Clean Corpus,25.751274851338554,3.2484841346740723,67,procon_corpus.jsonl#L1475,f1cb880e-8fc2-4425-8f85-b8579d58093b
1653,,Whole Clean Corpus,31.012424741098286,3.4343879222869873,149,procon_corpus.jsonl#L1476,f042759e-5fd0-4f0d-8c66-8648df6f20de
1654,,Whole Clean Corpus,31.063729305337393,3.4360408782958984,70,procon_corpus.jsonl#L1477,fd6862e6-4e9a-4bbf-b26c-cce31fe39103
1655,,Whole Clean Corpus,64.12683523101997,4.160862922668457,76,procon_corpus.jsonl#L1478,acf3db54-5f95-4713-a961-3e1c13a37f14
