idx,topic,group,perplexity,log_perplexity,token_count,source_file,source_key
1,Should Abortion Be Legal?,Whole Clean Corpus,28.574385101425698,3.352510690689087,276,/m/home/home6/63/viljanj7/data/Desktop/dibaru/dibaru/data/procon_corpus.jsonl,procon_corpus.jsonl#L1
2,Should Abortion Be Legal?,Whole Clean Corpus,22.170741728235082,3.09877347946167,354,/m/home/home6/63/viljanj7/data/Desktop/dibaru/dibaru/data/procon_corpus.jsonl,procon_corpus.jsonl#L2
3,Should Abortion Be Legal?,Whole Clean Corpus,32.855035050448926,3.492105007171631,91,/m/home/home6/63/viljanj7/data/Desktop/dibaru/dibaru/data/procon_corpus.jsonl,procon_corpus.jsonl#L3
4,Should Abortion Be Legal?,Whole Clean Corpus,35.3271225257676,3.5646510124206543,164,/m/home/home6/63/viljanj7/data/Desktop/dibaru/dibaru/data/procon_corpus.jsonl,procon_corpus.jsonl#L4
5,Should Abortion Be Legal?,Whole Clean Corpus,40.6331453592947,3.7045841217041016,250,/m/home/home6/63/viljanj7/data/Desktop/dibaru/dibaru/data/procon_corpus.jsonl,procon_corpus.jsonl#L5
6,Should Abortion Be Legal?,Whole Clean Corpus,22.211777227680546,3.1006226539611816,270,/m/home/home6/63/viljanj7/data/Desktop/dibaru/dibaru/data/procon_corpus.jsonl,procon_corpus.jsonl#L6
7,Should Abortion Be Legal?,Whole Clean Corpus,27.903018549834126,3.328734874725342,246,/m/home/home6/63/viljanj7/data/Desktop/dibaru/dibaru/data/procon_corpus.jsonl,procon_corpus.jsonl#L7
8,Should Abortion Be Legal?,Whole Clean Corpus,31.03772232219861,3.4352033138275146,200,/m/home/home6/63/viljanj7/data/Desktop/dibaru/dibaru/data/procon_corpus.jsonl,procon_corpus.jsonl#L8
9,Should Abortion Be Legal?,Whole Clean Corpus,24.74512292499145,3.2086284160614014,365,/m/home/home6/63/viljanj7/data/Desktop/dibaru/dibaru/data/procon_corpus.jsonl,procon_corpus.jsonl#L9
10,Should Abortion Be Legal?,Whole Clean Corpus,15.55306813595248,2.744257926940918,177,/m/home/home6/63/viljanj7/data/Desktop/dibaru/dibaru/data/procon_corpus.jsonl,procon_corpus.jsonl#L10
11,Should Abortion Be Legal?,Whole Clean Corpus,36.05441639193811,3.585029363632202,318,/m/home/home6/63/viljanj7/data/Desktop/dibaru/dibaru/data/procon_corpus.jsonl,procon_corpus.jsonl#L11
12,Should Abortion Be Legal?,Whole Clean Corpus,25.22386560330909,3.227790594100952,382,/m/home/home6/63/viljanj7/data/Desktop/dibaru/dibaru/data/procon_corpus.jsonl,procon_corpus.jsonl#L12
13,Should Abortion Be Legal?,Whole Clean Corpus,21.63411442897304,3.0742714405059814,210,/m/home/home6/63/viljanj7/data/Desktop/dibaru/dibaru/data/procon_corpus.jsonl,procon_corpus.jsonl#L13
14,Should Abortion Be Legal?,Whole Clean Corpus,27.01246065967597,3.2962982654571533,202,/m/home/home6/63/viljanj7/data/Desktop/dibaru/dibaru/data/procon_corpus.jsonl,procon_corpus.jsonl#L14
15,Should Abortion Be Legal?,Whole Clean Corpus,21.05236792619322,3.0470130443573,282,/m/home/home6/63/viljanj7/data/Desktop/dibaru/dibaru/data/procon_corpus.jsonl,procon_corpus.jsonl#L15
16,Should Abortion Be Legal?,Whole Clean Corpus,25.14985384290429,3.2248520851135254,334,/m/home/home6/63/viljanj7/data/Desktop/dibaru/dibaru/data/procon_corpus.jsonl,procon_corpus.jsonl#L16
17,Should Abortion Be Legal?,Whole Clean Corpus,17.720843653039026,2.874741554260254,140,/m/home/home6/63/viljanj7/data/Desktop/dibaru/dibaru/data/procon_corpus.jsonl,procon_corpus.jsonl#L17
18,Should Abortion Be Legal?,Whole Clean Corpus,29.16031457100017,3.3728086948394775,182,/m/home/home6/63/viljanj7/data/Desktop/dibaru/dibaru/data/procon_corpus.jsonl,procon_corpus.jsonl#L18
19,Should Abortion Be Legal?,Whole Clean Corpus,17.831476402490644,2.880965232849121,261,/m/home/home6/63/viljanj7/data/Desktop/dibaru/dibaru/data/procon_corpus.jsonl,procon_corpus.jsonl#L19
20,Should Abortion Be Legal?,Whole Clean Corpus,17.87062327658979,2.8831582069396973,109,/m/home/home6/63/viljanj7/data/Desktop/dibaru/dibaru/data/procon_corpus.jsonl,procon_corpus.jsonl#L20
21,Should Abortion Be Legal?,Whole Clean Corpus,12.092672924086354,2.4925997257232666,75,/m/home/home6/63/viljanj7/data/Desktop/dibaru/dibaru/data/procon_corpus.jsonl,procon_corpus.jsonl#L21
22,Should Abortion Be Legal?,Whole Clean Corpus,23.572851546932796,3.160095691680908,80,/m/home/home6/63/viljanj7/data/Desktop/dibaru/dibaru/data/procon_corpus.jsonl,procon_corpus.jsonl#L22
23,Should Abortion Be Legal?,Whole Clean Corpus,34.62049172345074,3.544445753097534,105,/m/home/home6/63/viljanj7/data/Desktop/dibaru/dibaru/data/procon_corpus.jsonl,procon_corpus.jsonl#L23
24,Should Abortion Be Legal?,Whole Clean Corpus,160.43164833186262,5.0778679847717285,33,/m/home/home6/63/viljanj7/data/Desktop/dibaru/dibaru/data/procon_corpus.jsonl,procon_corpus.jsonl#L24
25,Should Abortion Be Legal?,Whole Clean Corpus,18.009646410050014,2.8909075260162354,92,/m/home/home6/63/viljanj7/data/Desktop/dibaru/dibaru/data/procon_corpus.jsonl,procon_corpus.jsonl#L25
26,Should Abortion Be Legal?,Whole Clean Corpus,31.64973562440509,3.4547297954559326,24,/m/home/home6/63/viljanj7/data/Desktop/dibaru/dibaru/data/procon_corpus.jsonl,procon_corpus.jsonl#L26
27,Should Abortion Be Legal?,Whole Clean Corpus,12.69827599868002,2.541466236114502,79,/m/home/home6/63/viljanj7/data/Desktop/dibaru/dibaru/data/procon_corpus.jsonl,procon_corpus.jsonl#L27
28,Should Abortion Be Legal?,Whole Clean Corpus,27.509694748390668,3.3145384788513184,63,/m/home/home6/63/viljanj7/data/Desktop/dibaru/dibaru/data/procon_corpus.jsonl,procon_corpus.jsonl#L28
29,Should Abortion Be Legal?,Whole Clean Corpus,33.9664401255356,3.5253729820251465,45,/m/home/home6/63/viljanj7/data/Desktop/dibaru/dibaru/data/procon_corpus.jsonl,procon_corpus.jsonl#L29
30,Should Abortion Be Legal?,Whole Clean Corpus,45.818326044579514,3.8246841430664062,56,/m/home/home6/63/viljanj7/data/Desktop/dibaru/dibaru/data/procon_corpus.jsonl,procon_corpus.jsonl#L30
31,Should Abortion Be Legal?,Whole Clean Corpus,138.67230716838142,4.9321136474609375,47,/m/home/home6/63/viljanj7/data/Desktop/dibaru/dibaru/data/procon_corpus.jsonl,procon_corpus.jsonl#L31
32,Should Abortion Be Legal?,Whole Clean Corpus,38.64456216044232,3.6544060707092285,52,/m/home/home6/63/viljanj7/data/Desktop/dibaru/dibaru/data/procon_corpus.jsonl,procon_corpus.jsonl#L32
33,Should Abortion Be Legal?,Whole Clean Corpus,40.398732796223,3.698798418045044,47,/m/home/home6/63/viljanj7/data/Desktop/dibaru/dibaru/data/procon_corpus.jsonl,procon_corpus.jsonl#L33
34,Should Abortion Be Legal?,Whole Clean Corpus,40.42507474496987,3.6994502544403076,104,/m/home/home6/63/viljanj7/data/Desktop/dibaru/dibaru/data/procon_corpus.jsonl,procon_corpus.jsonl#L34
35,Should Abortion Be Legal?,Whole Clean Corpus,28.21648031754995,3.3399062156677246,90,/m/home/home6/63/viljanj7/data/Desktop/dibaru/dibaru/data/procon_corpus.jsonl,procon_corpus.jsonl#L35
36,Should Abortion Be Legal?,Whole Clean Corpus,57.47182361523425,4.051294803619385,84,/m/home/home6/63/viljanj7/data/Desktop/dibaru/dibaru/data/procon_corpus.jsonl,procon_corpus.jsonl#L36
37,Should Abortion Be Legal?,Whole Clean Corpus,77.47461339252575,4.349950313568115,34,/m/home/home6/63/viljanj7/data/Desktop/dibaru/dibaru/data/procon_corpus.jsonl,procon_corpus.jsonl#L37
38,Should Abortion Be Legal?,Whole Clean Corpus,24.2634890340948,3.1889727115631104,50,/m/home/home6/63/viljanj7/data/Desktop/dibaru/dibaru/data/procon_corpus.jsonl,procon_corpus.jsonl#L38
39,Should Abortion Be Legal?,Whole Clean Corpus,49.90032441142416,3.910027503967285,64,/m/home/home6/63/viljanj7/data/Desktop/dibaru/dibaru/data/procon_corpus.jsonl,procon_corpus.jsonl#L39
40,Should Abortion Be Legal?,Whole Clean Corpus,44.24091162612447,3.7896499633789062,28,/m/home/home6/63/viljanj7/data/Desktop/dibaru/dibaru/data/procon_corpus.jsonl,procon_corpus.jsonl#L40
41,Should Abortion Be Legal?,Whole Clean Corpus,37.89261835179064,3.634756326675415,103,/m/home/home6/63/viljanj7/data/Desktop/dibaru/dibaru/data/procon_corpus.jsonl,procon_corpus.jsonl#L41
42,Should Abortion Be Legal?,Whole Clean Corpus,48.57598914416199,3.883129358291626,26,/m/home/home6/63/viljanj7/data/Desktop/dibaru/dibaru/data/procon_corpus.jsonl,procon_corpus.jsonl#L42
43,Should Abortion Be Legal?,Whole Clean Corpus,47.82841846072796,3.8676199913024902,82,/m/home/home6/63/viljanj7/data/Desktop/dibaru/dibaru/data/procon_corpus.jsonl,procon_corpus.jsonl#L43
44,Should Abortion Be Legal?,Whole Clean Corpus,59.91951945113522,4.0930023193359375,150,/m/home/home6/63/viljanj7/data/Desktop/dibaru/dibaru/data/procon_corpus.jsonl,procon_corpus.jsonl#L44
45,Should Abortion Be Legal?,Whole Clean Corpus,47.902322516729825,3.869163990020752,86,/m/home/home6/63/viljanj7/data/Desktop/dibaru/dibaru/data/procon_corpus.jsonl,procon_corpus.jsonl#L45
46,Should Abortion Be Legal?,Whole Clean Corpus,121.87398188646128,4.802987575531006,37,/m/home/home6/63/viljanj7/data/Desktop/dibaru/dibaru/data/procon_corpus.jsonl,procon_corpus.jsonl#L46
47,Should Abortion Be Legal?,Whole Clean Corpus,30.8695490769574,3.4297702312469482,166,/m/home/home6/63/viljanj7/data/Desktop/dibaru/dibaru/data/procon_corpus.jsonl,procon_corpus.jsonl#L47
48,Should Abortion Be Legal?,Whole Clean Corpus,70.14466882189613,4.2505598068237305,67,/m/home/home6/63/viljanj7/data/Desktop/dibaru/dibaru/data/procon_corpus.jsonl,procon_corpus.jsonl#L48
49,Should Abortion Be Legal?,Whole Clean Corpus,45.780512052280706,3.8238584995269775,72,/m/home/home6/63/viljanj7/data/Desktop/dibaru/dibaru/data/procon_corpus.jsonl,procon_corpus.jsonl#L49
50,Should Abortion Be Legal?,Whole Clean Corpus,22.24813545696334,3.1022582054138184,68,/m/home/home6/63/viljanj7/data/Desktop/dibaru/dibaru/data/procon_corpus.jsonl,procon_corpus.jsonl#L50
51,Should Abortion Be Legal?,Whole Clean Corpus,24.41805921789281,3.1953229904174805,52,/m/home/home6/63/viljanj7/data/Desktop/dibaru/dibaru/data/procon_corpus.jsonl,procon_corpus.jsonl#L51
52,Should Abortion Be Legal?,Whole Clean Corpus,21.228883876969014,3.0553627014160156,49,/m/home/home6/63/viljanj7/data/Desktop/dibaru/dibaru/data/procon_corpus.jsonl,procon_corpus.jsonl#L52
53,Should Abortion Be Legal?,Whole Clean Corpus,38.86063278782226,3.6599817276000977,61,/m/home/home6/63/viljanj7/data/Desktop/dibaru/dibaru/data/procon_corpus.jsonl,procon_corpus.jsonl#L53
54,Should Abortion Be Legal?,Whole Clean Corpus,20.997178169243107,3.0443880558013916,57,/m/home/home6/63/viljanj7/data/Desktop/dibaru/dibaru/data/procon_corpus.jsonl,procon_corpus.jsonl#L54
55,Should Abortion Be Legal?,Whole Clean Corpus,34.30374316712796,3.53525447845459,77,/m/home/home6/63/viljanj7/data/Desktop/dibaru/dibaru/data/procon_corpus.jsonl,procon_corpus.jsonl#L55
56,Should Abortion Be Legal?,Whole Clean Corpus,19.866495164568025,2.989034652709961,76,/m/home/home6/63/viljanj7/data/Desktop/dibaru/dibaru/data/procon_corpus.jsonl,procon_corpus.jsonl#L56
57,Should the US Become Socialist?,Whole Clean Corpus,25.793845026189988,3.250135898590088,27,/m/home/home6/63/viljanj7/data/Desktop/dibaru/dibaru/data/procon_corpus.jsonl,procon_corpus.jsonl#L57
58,Should the US Become Socialist?,Whole Clean Corpus,37.773453926127615,3.6316065788269043,174,/m/home/home6/63/viljanj7/data/Desktop/dibaru/dibaru/data/procon_corpus.jsonl,procon_corpus.jsonl#L58
59,Should the US Become Socialist?,Whole Clean Corpus,74.30745822754585,4.308211326599121,15,/m/home/home6/63/viljanj7/data/Desktop/dibaru/dibaru/data/procon_corpus.jsonl,procon_corpus.jsonl#L59
60,Should the US Become Socialist?,Whole Clean Corpus,10.984184659733563,2.396456480026245,56,/m/home/home6/63/viljanj7/data/Desktop/dibaru/dibaru/data/procon_corpus.jsonl,procon_corpus.jsonl#L60
61,Should the US Become Socialist?,Whole Clean Corpus,32.26407683978034,3.473954439163208,96,/m/home/home6/63/viljanj7/data/Desktop/dibaru/dibaru/data/procon_corpus.jsonl,procon_corpus.jsonl#L61
62,Should the US Become Socialist?,Whole Clean Corpus,42.65441025611194,3.7531306743621826,28,/m/home/home6/63/viljanj7/data/Desktop/dibaru/dibaru/data/procon_corpus.jsonl,procon_corpus.jsonl#L62
63,Should the US Become Socialist?,Whole Clean Corpus,110.7257609668345,4.707056522369385,57,/m/home/home6/63/viljanj7/data/Desktop/dibaru/dibaru/data/procon_corpus.jsonl,procon_corpus.jsonl#L63
64,Should the US Become Socialist?,Whole Clean Corpus,12.05158637328088,2.489196300506592,131,/m/home/home6/63/viljanj7/data/Desktop/dibaru/dibaru/data/procon_corpus.jsonl,procon_corpus.jsonl#L64
65,Should the US Become Socialist?,Whole Clean Corpus,20.048448699732017,2.9981517791748047,124,/m/home/home6/63/viljanj7/data/Desktop/dibaru/dibaru/data/procon_corpus.jsonl,procon_corpus.jsonl#L65
66,Should the US Become Socialist?,Whole Clean Corpus,28.337737933921492,3.3441944122314453,57,/m/home/home6/63/viljanj7/data/Desktop/dibaru/dibaru/data/procon_corpus.jsonl,procon_corpus.jsonl#L66
67,Should the US Become Socialist?,Whole Clean Corpus,38.17792435160485,3.6422574520111084,139,/m/home/home6/63/viljanj7/data/Desktop/dibaru/dibaru/data/procon_corpus.jsonl,procon_corpus.jsonl#L67
68,Should the US Become Socialist?,Whole Clean Corpus,33.7858616105657,3.5200424194335938,87,/m/home/home6/63/viljanj7/data/Desktop/dibaru/dibaru/data/procon_corpus.jsonl,procon_corpus.jsonl#L68
69,Should the US Become Socialist?,Whole Clean Corpus,15.576019902757025,2.745732545852661,65,/m/home/home6/63/viljanj7/data/Desktop/dibaru/dibaru/data/procon_corpus.jsonl,procon_corpus.jsonl#L69
70,Should the US Become Socialist?,Whole Clean Corpus,22.16836847864899,3.0986664295196533,116,/m/home/home6/63/viljanj7/data/Desktop/dibaru/dibaru/data/procon_corpus.jsonl,procon_corpus.jsonl#L70
71,Should K-12 Students Dissect Animals in Science Classrooms?,Whole Clean Corpus,69.46299618753103,4.2407941818237305,55,/m/home/home6/63/viljanj7/data/Desktop/dibaru/dibaru/data/procon_corpus.jsonl,procon_corpus.jsonl#L71
72,Should K-12 Students Dissect Animals in Science Classrooms?,Whole Clean Corpus,49.632822414379845,3.9046523571014404,74,/m/home/home6/63/viljanj7/data/Desktop/dibaru/dibaru/data/procon_corpus.jsonl,procon_corpus.jsonl#L72
73,Should K-12 Students Dissect Animals in Science Classrooms?,Whole Clean Corpus,52.88989850557508,3.968212366104126,46,/m/home/home6/63/viljanj7/data/Desktop/dibaru/dibaru/data/procon_corpus.jsonl,procon_corpus.jsonl#L73
74,Should K-12 Students Dissect Animals in Science Classrooms?,Whole Clean Corpus,60.16361893168467,4.097067832946777,75,/m/home/home6/63/viljanj7/data/Desktop/dibaru/dibaru/data/procon_corpus.jsonl,procon_corpus.jsonl#L74
75,Should K-12 Students Dissect Animals in Science Classrooms?,Whole Clean Corpus,54.37635885856845,3.995929479598999,47,/m/home/home6/63/viljanj7/data/Desktop/dibaru/dibaru/data/procon_corpus.jsonl,procon_corpus.jsonl#L75
76,Should K-12 Students Dissect Animals in Science Classrooms?,Whole Clean Corpus,49.93020713537873,3.910626173019409,120,/m/home/home6/63/viljanj7/data/Desktop/dibaru/dibaru/data/procon_corpus.jsonl,procon_corpus.jsonl#L76
77,Should K-12 Students Dissect Animals in Science Classrooms?,Whole Clean Corpus,68.98325752343544,4.233863830566406,33,/m/home/home6/63/viljanj7/data/Desktop/dibaru/dibaru/data/procon_corpus.jsonl,procon_corpus.jsonl#L77
78,Should K-12 Students Dissect Animals in Science Classrooms?,Whole Clean Corpus,58.09221988822639,4.0620317459106445,67,/m/home/home6/63/viljanj7/data/Desktop/dibaru/dibaru/data/procon_corpus.jsonl,procon_corpus.jsonl#L78
79,Should K-12 Students Dissect Animals in Science Classrooms?,Whole Clean Corpus,25.09092644867969,3.222506284713745,74,/m/home/home6/63/viljanj7/data/Desktop/dibaru/dibaru/data/procon_corpus.jsonl,procon_corpus.jsonl#L79
80,Should K-12 Students Dissect Animals in Science Classrooms?,Whole Clean Corpus,27.055541758671673,3.297891855239868,41,/m/home/home6/63/viljanj7/data/Desktop/dibaru/dibaru/data/procon_corpus.jsonl,procon_corpus.jsonl#L80
81,Should K-12 Students Dissect Animals in Science Classrooms?,Whole Clean Corpus,50.43639047876253,3.920712947845459,88,/m/home/home6/63/viljanj7/data/Desktop/dibaru/dibaru/data/procon_corpus.jsonl,procon_corpus.jsonl#L81
82,Should K-12 Students Dissect Animals in Science Classrooms?,Whole Clean Corpus,29.76275018871766,3.3932576179504395,53,/m/home/home6/63/viljanj7/data/Desktop/dibaru/dibaru/data/procon_corpus.jsonl,procon_corpus.jsonl#L82
83,Should K-12 Students Dissect Animals in Science Classrooms?,Whole Clean Corpus,37.43140119744753,3.6225099563598633,55,/m/home/home6/63/viljanj7/data/Desktop/dibaru/dibaru/data/procon_corpus.jsonl,procon_corpus.jsonl#L83
84,Should K-12 Students Dissect Animals in Science Classrooms?,Whole Clean Corpus,32.18454376565994,3.4714863300323486,83,/m/home/home6/63/viljanj7/data/Desktop/dibaru/dibaru/data/procon_corpus.jsonl,procon_corpus.jsonl#L84
85,Should K-12 Students Dissect Animals in Science Classrooms?,Whole Clean Corpus,57.10155081583191,4.044831275939941,83,/m/home/home6/63/viljanj7/data/Desktop/dibaru/dibaru/data/procon_corpus.jsonl,procon_corpus.jsonl#L85
86,Should K-12 Students Dissect Animals in Science Classrooms?,Whole Clean Corpus,60.07137093976806,4.09553337097168,86,/m/home/home6/63/viljanj7/data/Desktop/dibaru/dibaru/data/procon_corpus.jsonl,procon_corpus.jsonl#L86
87,Should K-12 Students Dissect Animals in Science Classrooms?,Whole Clean Corpus,59.38768579265753,4.084086894989014,31,/m/home/home6/63/viljanj7/data/Desktop/dibaru/dibaru/data/procon_corpus.jsonl,procon_corpus.jsonl#L87
88,Should K-12 Students Dissect Animals in Science Classrooms?,Whole Clean Corpus,58.915637531149464,4.076106548309326,34,/m/home/home6/63/viljanj7/data/Desktop/dibaru/dibaru/data/procon_corpus.jsonl,procon_corpus.jsonl#L88
89,Should K-12 Students Dissect Animals in Science Classrooms?,Whole Clean Corpus,194.05122996704046,5.26812219619751,42,/m/home/home6/63/viljanj7/data/Desktop/dibaru/dibaru/data/procon_corpus.jsonl,procon_corpus.jsonl#L89
90,Is Artificial Intelligence Good for Society?,Whole Clean Corpus,115.52609786292888,4.7494964599609375,52,/m/home/home6/63/viljanj7/data/Desktop/dibaru/dibaru/data/procon_corpus.jsonl,procon_corpus.jsonl#L90
91,Is Artificial Intelligence Good for Society?,Whole Clean Corpus,47.30722293812918,3.8566629886627197,65,/m/home/home6/63/viljanj7/data/Desktop/dibaru/dibaru/data/procon_corpus.jsonl,procon_corpus.jsonl#L91
92,Is Artificial Intelligence Good for Society?,Whole Clean Corpus,84.61889259793496,4.438157558441162,102,/m/home/home6/63/viljanj7/data/Desktop/dibaru/dibaru/data/procon_corpus.jsonl,procon_corpus.jsonl#L92
93,Is Artificial Intelligence Good for Society?,Whole Clean Corpus,47.11343177164519,3.852558135986328,83,/m/home/home6/63/viljanj7/data/Desktop/dibaru/dibaru/data/procon_corpus.jsonl,procon_corpus.jsonl#L93
94,Is Artificial Intelligence Good for Society?,Whole Clean Corpus,40.59853627843091,3.7037320137023926,55,/m/home/home6/63/viljanj7/data/Desktop/dibaru/dibaru/data/procon_corpus.jsonl,procon_corpus.jsonl#L94
95,Is Artificial Intelligence Good for Society?,Whole Clean Corpus,74.86048224464994,4.31562614440918,56,/m/home/home6/63/viljanj7/data/Desktop/dibaru/dibaru/data/procon_corpus.jsonl,procon_corpus.jsonl#L95
96,Is Artificial Intelligence Good for Society?,Whole Clean Corpus,68.41852592385747,4.225643634796143,111,/m/home/home6/63/viljanj7/data/Desktop/dibaru/dibaru/data/procon_corpus.jsonl,procon_corpus.jsonl#L96
97,Is Artificial Intelligence Good for Society?,Whole Clean Corpus,47.10534490919511,3.852386474609375,105,/m/home/home6/63/viljanj7/data/Desktop/dibaru/dibaru/data/procon_corpus.jsonl,procon_corpus.jsonl#L97
98,Is Artificial Intelligence Good for Society?,Whole Clean Corpus,51.78624022211876,3.947124481201172,86,/m/home/home6/63/viljanj7/data/Desktop/dibaru/dibaru/data/procon_corpus.jsonl,procon_corpus.jsonl#L98
99,Is Artificial Intelligence Good for Society?,Whole Clean Corpus,25.713746398562286,3.247025728225708,61,/m/home/home6/63/viljanj7/data/Desktop/dibaru/dibaru/data/procon_corpus.jsonl,procon_corpus.jsonl#L99
100,Is Artificial Intelligence Good for Society?,Whole Clean Corpus,54.705282531738234,4.001960277557373,57,/m/home/home6/63/viljanj7/data/Desktop/dibaru/dibaru/data/procon_corpus.jsonl,procon_corpus.jsonl#L100
101,Is Artificial Intelligence Good for Society?,Whole Clean Corpus,54.37870545369334,3.9959726333618164,64,/m/home/home6/63/viljanj7/data/Desktop/dibaru/dibaru/data/procon_corpus.jsonl,procon_corpus.jsonl#L101
102,Is Artificial Intelligence Good for Society?,Whole Clean Corpus,139.14789193311722,4.935537338256836,42,/m/home/home6/63/viljanj7/data/Desktop/dibaru/dibaru/data/procon_corpus.jsonl,procon_corpus.jsonl#L102
103,Is Artificial Intelligence Good for Society?,Whole Clean Corpus,40.395015089225396,3.6987063884735107,40,/m/home/home6/63/viljanj7/data/Desktop/dibaru/dibaru/data/procon_corpus.jsonl,procon_corpus.jsonl#L103
104,Is Artificial Intelligence Good for Society?,Whole Clean Corpus,52.68024623320614,3.964240550994873,56,/m/home/home6/63/viljanj7/data/Desktop/dibaru/dibaru/data/procon_corpus.jsonl,procon_corpus.jsonl#L104
105,Is Artificial Intelligence Good for Society?,Whole Clean Corpus,87.82440406876181,4.475339412689209,64,/m/home/home6/63/viljanj7/data/Desktop/dibaru/dibaru/data/procon_corpus.jsonl,procon_corpus.jsonl#L105
106,Is Artificial Intelligence Good for Society?,Whole Clean Corpus,55.17234366953852,4.010461807250977,54,/m/home/home6/63/viljanj7/data/Desktop/dibaru/dibaru/data/procon_corpus.jsonl,procon_corpus.jsonl#L106
107,Is Artificial Intelligence Good for Society?,Whole Clean Corpus,30.4309840580471,3.415461301803589,85,/m/home/home6/63/viljanj7/data/Desktop/dibaru/dibaru/data/procon_corpus.jsonl,procon_corpus.jsonl#L107
108,Is Artificial Intelligence Good for Society?,Whole Clean Corpus,74.58189285834302,4.3118977546691895,64,/m/home/home6/63/viljanj7/data/Desktop/dibaru/dibaru/data/procon_corpus.jsonl,procon_corpus.jsonl#L108
109,Is Artificial Intelligence Good for Society?,Whole Clean Corpus,60.9227545498337,4.109606742858887,25,/m/home/home6/63/viljanj7/data/Desktop/dibaru/dibaru/data/procon_corpus.jsonl,procon_corpus.jsonl#L109
110,Is Artificial Intelligence Good for Society?,Whole Clean Corpus,31.40798046420941,3.4470620155334473,59,/m/home/home6/63/viljanj7/data/Desktop/dibaru/dibaru/data/procon_corpus.jsonl,procon_corpus.jsonl#L110
111,Is Artificial Intelligence Good for Society?,Whole Clean Corpus,40.72064182891314,3.706735134124756,39,/m/home/home6/63/viljanj7/data/Desktop/dibaru/dibaru/data/procon_corpus.jsonl,procon_corpus.jsonl#L111
112,Is Artificial Intelligence Good for Society?,Whole Clean Corpus,39.047010265256134,3.664766311645508,158,/m/home/home6/63/viljanj7/data/Desktop/dibaru/dibaru/data/procon_corpus.jsonl,procon_corpus.jsonl#L112
113,Is Artificial Intelligence Good for Society?,Whole Clean Corpus,55.20434374586506,4.011041641235352,52,/m/home/home6/63/viljanj7/data/Desktop/dibaru/dibaru/data/procon_corpus.jsonl,procon_corpus.jsonl#L113
114,Is Artificial Intelligence Good for Society?,Whole Clean Corpus,55.85736563268049,4.022801399230957,43,/m/home/home6/63/viljanj7/data/Desktop/dibaru/dibaru/data/procon_corpus.jsonl,procon_corpus.jsonl#L114
115,Is Artificial Intelligence Good for Society?,Whole Clean Corpus,39.6300190286374,3.679586887359619,20,/m/home/home6/63/viljanj7/data/Desktop/dibaru/dibaru/data/procon_corpus.jsonl,procon_corpus.jsonl#L115
116,Is Artificial Intelligence Good for Society?,Whole Clean Corpus,46.99801118699988,3.8501052856445312,80,/m/home/home6/63/viljanj7/data/Desktop/dibaru/dibaru/data/procon_corpus.jsonl,procon_corpus.jsonl#L116
117,Is Artificial Intelligence Good for Society?,Whole Clean Corpus,86.82986540753765,4.4639506340026855,90,/m/home/home6/63/viljanj7/data/Desktop/dibaru/dibaru/data/procon_corpus.jsonl,procon_corpus.jsonl#L117
118,Is Artificial Intelligence Good for Society?,Whole Clean Corpus,38.179717552032415,3.6423044204711914,64,/m/home/home6/63/viljanj7/data/Desktop/dibaru/dibaru/data/procon_corpus.jsonl,procon_corpus.jsonl#L118
119,Is Artificial Intelligence Good for Society?,Whole Clean Corpus,108.86247747122577,4.690085411071777,72,/m/home/home6/63/viljanj7/data/Desktop/dibaru/dibaru/data/procon_corpus.jsonl,procon_corpus.jsonl#L119
120,Is Artificial Intelligence Good for Society?,Whole Clean Corpus,177.93120044320852,5.181396961212158,89,/m/home/home6/63/viljanj7/data/Desktop/dibaru/dibaru/data/procon_corpus.jsonl,procon_corpus.jsonl#L120
121,Is Artificial Intelligence Good for Society?,Whole Clean Corpus,43.75559663976476,3.7786195278167725,83,/m/home/home6/63/viljanj7/data/Desktop/dibaru/dibaru/data/procon_corpus.jsonl,procon_corpus.jsonl#L121
122,Is Artificial Intelligence Good for Society?,Whole Clean Corpus,33.61126724034367,3.5148613452911377,79,/m/home/home6/63/viljanj7/data/Desktop/dibaru/dibaru/data/procon_corpus.jsonl,procon_corpus.jsonl#L122
123,Is Artificial Intelligence Good for Society?,Whole Clean Corpus,43.578027222293066,3.774553060531616,101,/m/home/home6/63/viljanj7/data/Desktop/dibaru/dibaru/data/procon_corpus.jsonl,procon_corpus.jsonl#L123
124,Is Artificial Intelligence Good for Society?,Whole Clean Corpus,20.89390147983379,3.039457321166992,117,/m/home/home6/63/viljanj7/data/Desktop/dibaru/dibaru/data/procon_corpus.jsonl,procon_corpus.jsonl#L124
125,Is Artificial Intelligence Good for Society?,Whole Clean Corpus,39.90913380323849,3.686605215072632,82,/m/home/home6/63/viljanj7/data/Desktop/dibaru/dibaru/data/procon_corpus.jsonl,procon_corpus.jsonl#L125
126,Is Artificial Intelligence Good for Society?,Whole Clean Corpus,82.16685234336765,4.408751964569092,94,/m/home/home6/63/viljanj7/data/Desktop/dibaru/dibaru/data/procon_corpus.jsonl,procon_corpus.jsonl#L126
127,Is Artificial Intelligence Good for Society?,Whole Clean Corpus,68.02448448330136,4.219867706298828,64,/m/home/home6/63/viljanj7/data/Desktop/dibaru/dibaru/data/procon_corpus.jsonl,procon_corpus.jsonl#L127
128,Is Artificial Intelligence Good for Society?,Whole Clean Corpus,37.12005680701403,3.6141574382781982,87,/m/home/home6/63/viljanj7/data/Desktop/dibaru/dibaru/data/procon_corpus.jsonl,procon_corpus.jsonl#L128
129,Should Parents or Other Adults Be Able to Ban Books from Schools and Libraries?,Whole Clean Corpus,91.96837771880622,4.521444797515869,82,/m/home/home6/63/viljanj7/data/Desktop/dibaru/dibaru/data/procon_corpus.jsonl,procon_corpus.jsonl#L129
130,Should Parents or Other Adults Be Able to Ban Books from Schools and Libraries?,Whole Clean Corpus,72.45413486843691,4.28295373916626,40,/m/home/home6/63/viljanj7/data/Desktop/dibaru/dibaru/data/procon_corpus.jsonl,procon_corpus.jsonl#L130
131,Should Parents or Other Adults Be Able to Ban Books from Schools and Libraries?,Whole Clean Corpus,142.80501105138305,4.961480140686035,56,/m/home/home6/63/viljanj7/data/Desktop/dibaru/dibaru/data/procon_corpus.jsonl,procon_corpus.jsonl#L131
132,Should Parents or Other Adults Be Able to Ban Books from Schools and Libraries?,Whole Clean Corpus,57.91896265480314,4.05904483795166,66,/m/home/home6/63/viljanj7/data/Desktop/dibaru/dibaru/data/procon_corpus.jsonl,procon_corpus.jsonl#L132
133,Should Parents or Other Adults Be Able to Ban Books from Schools and Libraries?,Whole Clean Corpus,55.80569127193317,4.021875858306885,56,/m/home/home6/63/viljanj7/data/Desktop/dibaru/dibaru/data/procon_corpus.jsonl,procon_corpus.jsonl#L133
134,Should Parents or Other Adults Be Able to Ban Books from Schools and Libraries?,Whole Clean Corpus,24.08833378014004,3.181727647781372,37,/m/home/home6/63/viljanj7/data/Desktop/dibaru/dibaru/data/procon_corpus.jsonl,procon_corpus.jsonl#L134
135,Should Parents or Other Adults Be Able to Ban Books from Schools and Libraries?,Whole Clean Corpus,36.468405234244564,3.5964462757110596,74,/m/home/home6/63/viljanj7/data/Desktop/dibaru/dibaru/data/procon_corpus.jsonl,procon_corpus.jsonl#L135
136,Should Parents or Other Adults Be Able to Ban Books from Schools and Libraries?,Whole Clean Corpus,50.24281213324112,3.91686749458313,85,/m/home/home6/63/viljanj7/data/Desktop/dibaru/dibaru/data/procon_corpus.jsonl,procon_corpus.jsonl#L136
137,Should Parents or Other Adults Be Able to Ban Books from Schools and Libraries?,Whole Clean Corpus,55.039253300479295,4.008046627044678,118,/m/home/home6/63/viljanj7/data/Desktop/dibaru/dibaru/data/procon_corpus.jsonl,procon_corpus.jsonl#L137
138,Should Parents or Other Adults Be Able to Ban Books from Schools and Libraries?,Whole Clean Corpus,83.62762922297647,4.4263739585876465,25,/m/home/home6/63/viljanj7/data/Desktop/dibaru/dibaru/data/procon_corpus.jsonl,procon_corpus.jsonl#L138
139,Should Parents or Other Adults Be Able to Ban Books from Schools and Libraries?,Whole Clean Corpus,65.51777949387629,4.182321548461914,57,/m/home/home6/63/viljanj7/data/Desktop/dibaru/dibaru/data/procon_corpus.jsonl,procon_corpus.jsonl#L139
140,Should Parents or Other Adults Be Able to Ban Books from Schools and Libraries?,Whole Clean Corpus,49.14578702576429,3.8947911262512207,64,/m/home/home6/63/viljanj7/data/Desktop/dibaru/dibaru/data/procon_corpus.jsonl,procon_corpus.jsonl#L140
141,Should Parents or Other Adults Be Able to Ban Books from Schools and Libraries?,Whole Clean Corpus,51.841707045553335,3.948194980621338,81,/m/home/home6/63/viljanj7/data/Desktop/dibaru/dibaru/data/procon_corpus.jsonl,procon_corpus.jsonl#L141
142,Should Parents or Other Adults Be Able to Ban Books from Schools and Libraries?,Whole Clean Corpus,9.689162711418241,2.271008014678955,102,/m/home/home6/63/viljanj7/data/Desktop/dibaru/dibaru/data/procon_corpus.jsonl,procon_corpus.jsonl#L142
143,Should Parents or Other Adults Be Able to Ban Books from Schools and Libraries?,Whole Clean Corpus,63.30522159491613,4.14796781539917,51,/m/home/home6/63/viljanj7/data/Desktop/dibaru/dibaru/data/procon_corpus.jsonl,procon_corpus.jsonl#L143
144,Should Parents or Other Adults Be Able to Ban Books from Schools and Libraries?,Whole Clean Corpus,93.03951645891036,4.533024311065674,44,/m/home/home6/63/viljanj7/data/Desktop/dibaru/dibaru/data/procon_corpus.jsonl,procon_corpus.jsonl#L144
145,Should Parents or Other Adults Be Able to Ban Books from Schools and Libraries?,Whole Clean Corpus,77.69432749146081,4.352782249450684,21,/m/home/home6/63/viljanj7/data/Desktop/dibaru/dibaru/data/procon_corpus.jsonl,procon_corpus.jsonl#L145
146,Should Parents or Other Adults Be Able to Ban Books from Schools and Libraries?,Whole Clean Corpus,21.530610156166286,3.0694756507873535,33,/m/home/home6/63/viljanj7/data/Desktop/dibaru/dibaru/data/procon_corpus.jsonl,procon_corpus.jsonl#L146
147,Should Parents or Other Adults Be Able to Ban Books from Schools and Libraries?,Whole Clean Corpus,47.719767091022106,3.8653457164764404,114,/m/home/home6/63/viljanj7/data/Desktop/dibaru/dibaru/data/procon_corpus.jsonl,procon_corpus.jsonl#L147
148,Is Binge-Watching Good for You?,Whole Clean Corpus,38.42955548133591,3.648826837539673,79,/m/home/home6/63/viljanj7/data/Desktop/dibaru/dibaru/data/procon_corpus.jsonl,procon_corpus.jsonl#L148
149,Is Binge-Watching Good for You?,Whole Clean Corpus,92.00908318052971,4.521887302398682,72,/m/home/home6/63/viljanj7/data/Desktop/dibaru/dibaru/data/procon_corpus.jsonl,procon_corpus.jsonl#L149
150,Is Binge-Watching Good for You?,Whole Clean Corpus,23.65935309147884,3.1637585163116455,40,/m/home/home6/63/viljanj7/data/Desktop/dibaru/dibaru/data/procon_corpus.jsonl,procon_corpus.jsonl#L150
151,Is Binge-Watching Good for You?,Whole Clean Corpus,26.56431230154717,3.279568672180176,65,/m/home/home6/63/viljanj7/data/Desktop/dibaru/dibaru/data/procon_corpus.jsonl,procon_corpus.jsonl#L151
152,Is Binge-Watching Good for You?,Whole Clean Corpus,71.0850066857726,4.263876438140869,69,/m/home/home6/63/viljanj7/data/Desktop/dibaru/dibaru/data/procon_corpus.jsonl,procon_corpus.jsonl#L152
153,Is Binge-Watching Good for You?,Whole Clean Corpus,34.773672041733526,3.548860549926758,143,/m/home/home6/63/viljanj7/data/Desktop/dibaru/dibaru/data/procon_corpus.jsonl,procon_corpus.jsonl#L153
154,Is Binge-Watching Good for You?,Whole Clean Corpus,26.23743265848658,3.2671871185302734,89,/m/home/home6/63/viljanj7/data/Desktop/dibaru/dibaru/data/procon_corpus.jsonl,procon_corpus.jsonl#L154
155,Is Binge-Watching Good for You?,Whole Clean Corpus,92.690092427043,4.529261589050293,55,/m/home/home6/63/viljanj7/data/Desktop/dibaru/dibaru/data/procon_corpus.jsonl,procon_corpus.jsonl#L155
156,Is Binge-Watching Good for You?,Whole Clean Corpus,31.32235697130365,3.4443321228027344,74,/m/home/home6/63/viljanj7/data/Desktop/dibaru/dibaru/data/procon_corpus.jsonl,procon_corpus.jsonl#L156
157,Is Binge-Watching Good for You?,Whole Clean Corpus,31.053058847158002,3.435697317123413,150,/m/home/home6/63/viljanj7/data/Desktop/dibaru/dibaru/data/procon_corpus.jsonl,procon_corpus.jsonl#L157
158,Is Binge-Watching Good for You?,Whole Clean Corpus,45.08792590695553,3.808614492416382,87,/m/home/home6/63/viljanj7/data/Desktop/dibaru/dibaru/data/procon_corpus.jsonl,procon_corpus.jsonl#L158
159,Is Binge-Watching Good for You?,Whole Clean Corpus,16.782402349626594,2.820330858230591,70,/m/home/home6/63/viljanj7/data/Desktop/dibaru/dibaru/data/procon_corpus.jsonl,procon_corpus.jsonl#L159
160,Is Binge-Watching Good for You?,Whole Clean Corpus,16.896346513483344,2.8270974159240723,52,/m/home/home6/63/viljanj7/data/Desktop/dibaru/dibaru/data/procon_corpus.jsonl,procon_corpus.jsonl#L160
161,Is Binge-Watching Good for You?,Whole Clean Corpus,52.86468464860373,3.967735528945923,67,/m/home/home6/63/viljanj7/data/Desktop/dibaru/dibaru/data/procon_corpus.jsonl,procon_corpus.jsonl#L161
162,Is Binge-Watching Good for You?,Whole Clean Corpus,48.24966034234213,3.8763887882232666,81,/m/home/home6/63/viljanj7/data/Desktop/dibaru/dibaru/data/procon_corpus.jsonl,procon_corpus.jsonl#L162
163,Is Binge-Watching Good for You?,Whole Clean Corpus,78.63213247624346,4.364780426025391,55,/m/home/home6/63/viljanj7/data/Desktop/dibaru/dibaru/data/procon_corpus.jsonl,procon_corpus.jsonl#L163
164,Is Cancel Culture Good for Society?,Whole Clean Corpus,89.40997473867407,4.493232250213623,35,/m/home/home6/63/viljanj7/data/Desktop/dibaru/dibaru/data/procon_corpus.jsonl,procon_corpus.jsonl#L164
165,Is Cancel Culture Good for Society?,Whole Clean Corpus,79.83777605405037,4.3799967765808105,109,/m/home/home6/63/viljanj7/data/Desktop/dibaru/dibaru/data/procon_corpus.jsonl,procon_corpus.jsonl#L165
166,Is Cancel Culture Good for Society?,Whole Clean Corpus,52.290315908450594,3.9568111896514893,101,/m/home/home6/63/viljanj7/data/Desktop/dibaru/dibaru/data/procon_corpus.jsonl,procon_corpus.jsonl#L166
167,Is Cancel Culture Good for Society?,Whole Clean Corpus,35.07589669279881,3.557514190673828,99,/m/home/home6/63/viljanj7/data/Desktop/dibaru/dibaru/data/procon_corpus.jsonl,procon_corpus.jsonl#L167
168,Is Cancel Culture Good for Society?,Whole Clean Corpus,27.880528531703824,3.3279285430908203,83,/m/home/home6/63/viljanj7/data/Desktop/dibaru/dibaru/data/procon_corpus.jsonl,procon_corpus.jsonl#L168
169,Is Cancel Culture Good for Society?,Whole Clean Corpus,63.55196088458753,4.151857852935791,71,/m/home/home6/63/viljanj7/data/Desktop/dibaru/dibaru/data/procon_corpus.jsonl,procon_corpus.jsonl#L169
170,Is Cancel Culture Good for Society?,Whole Clean Corpus,33.94728511559121,3.524808883666992,63,/m/home/home6/63/viljanj7/data/Desktop/dibaru/dibaru/data/procon_corpus.jsonl,procon_corpus.jsonl#L170
171,Is Cancel Culture Good for Society?,Whole Clean Corpus,96.3340635503184,4.567821979522705,90,/m/home/home6/63/viljanj7/data/Desktop/dibaru/dibaru/data/procon_corpus.jsonl,procon_corpus.jsonl#L171
172,Is Cancel Culture Good for Society?,Whole Clean Corpus,72.78663328044053,4.287532329559326,70,/m/home/home6/63/viljanj7/data/Desktop/dibaru/dibaru/data/procon_corpus.jsonl,procon_corpus.jsonl#L172
173,Is Cancel Culture Good for Society?,Whole Clean Corpus,120.4641014414239,4.791351795196533,59,/m/home/home6/63/viljanj7/data/Desktop/dibaru/dibaru/data/procon_corpus.jsonl,procon_corpus.jsonl#L173
174,Is Cancel Culture Good for Society?,Whole Clean Corpus,46.179125912028,3.8325278759002686,146,/m/home/home6/63/viljanj7/data/Desktop/dibaru/dibaru/data/procon_corpus.jsonl,procon_corpus.jsonl#L174
175,Is Cancel Culture Good for Society?,Whole Clean Corpus,63.15350631306456,4.145568370819092,221,/m/home/home6/63/viljanj7/data/Desktop/dibaru/dibaru/data/procon_corpus.jsonl,procon_corpus.jsonl#L175
176,Is Cancel Culture Good for Society?,Whole Clean Corpus,64.5064803856281,4.1667656898498535,127,/m/home/home6/63/viljanj7/data/Desktop/dibaru/dibaru/data/procon_corpus.jsonl,procon_corpus.jsonl#L176
177,Is Cancel Culture Good for Society?,Whole Clean Corpus,36.87910147037459,3.607645034790039,81,/m/home/home6/63/viljanj7/data/Desktop/dibaru/dibaru/data/procon_corpus.jsonl,procon_corpus.jsonl#L177
178,Is Cancel Culture Good for Society?,Whole Clean Corpus,132.0771385824417,4.883386135101318,60,/m/home/home6/63/viljanj7/data/Desktop/dibaru/dibaru/data/procon_corpus.jsonl,procon_corpus.jsonl#L178
179,Is Cancel Culture Good for Society?,Whole Clean Corpus,78.93778204686116,4.368659973144531,107,/m/home/home6/63/viljanj7/data/Desktop/dibaru/dibaru/data/procon_corpus.jsonl,procon_corpus.jsonl#L179
180,Is Cancel Culture Good for Society?,Whole Clean Corpus,105.4804330420524,4.658525466918945,50,/m/home/home6/63/viljanj7/data/Desktop/dibaru/dibaru/data/procon_corpus.jsonl,procon_corpus.jsonl#L180
181,Is Cancel Culture Good for Society?,Whole Clean Corpus,86.99874953778344,4.465893745422363,61,/m/home/home6/63/viljanj7/data/Desktop/dibaru/dibaru/data/procon_corpus.jsonl,procon_corpus.jsonl#L181
182,Is Cancel Culture Good for Society?,Whole Clean Corpus,49.9959501504879,3.9119420051574707,154,/m/home/home6/63/viljanj7/data/Desktop/dibaru/dibaru/data/procon_corpus.jsonl,procon_corpus.jsonl#L182
183,Is Cancel Culture Good for Society?,Whole Clean Corpus,73.16756823796513,4.292752265930176,164,/m/home/home6/63/viljanj7/data/Desktop/dibaru/dibaru/data/procon_corpus.jsonl,procon_corpus.jsonl#L183
184,Is Cancel Culture Good for Society?,Whole Clean Corpus,117.63871368839212,4.767618179321289,116,/m/home/home6/63/viljanj7/data/Desktop/dibaru/dibaru/data/procon_corpus.jsonl,procon_corpus.jsonl#L184
185,Is Cancel Culture Good for Society?,Whole Clean Corpus,101.91244237573632,4.624114036560059,68,/m/home/home6/63/viljanj7/data/Desktop/dibaru/dibaru/data/procon_corpus.jsonl,procon_corpus.jsonl#L185
186,Is Cancel Culture Good for Society?,Whole Clean Corpus,32.112456354643086,3.4692440032958984,48,/m/home/home6/63/viljanj7/data/Desktop/dibaru/dibaru/data/procon_corpus.jsonl,procon_corpus.jsonl#L186
187,Is Cancel Culture Good for Society?,Whole Clean Corpus,40.78214339538845,3.7082443237304688,111,/m/home/home6/63/viljanj7/data/Desktop/dibaru/dibaru/data/procon_corpus.jsonl,procon_corpus.jsonl#L187
188,Is Cancel Culture Good for Society?,Whole Clean Corpus,80.05491534828006,4.3827128410339355,84,/m/home/home6/63/viljanj7/data/Desktop/dibaru/dibaru/data/procon_corpus.jsonl,procon_corpus.jsonl#L188
189,Is Cancel Culture Good for Society?,Whole Clean Corpus,85.48581275932627,4.448350429534912,111,/m/home/home6/63/viljanj7/data/Desktop/dibaru/dibaru/data/procon_corpus.jsonl,procon_corpus.jsonl#L189
190,Is Cancel Culture Good for Society?,Whole Clean Corpus,85.59912688554034,4.4496750831604,101,/m/home/home6/63/viljanj7/data/Desktop/dibaru/dibaru/data/procon_corpus.jsonl,procon_corpus.jsonl#L190
191,Is Cancel Culture Good for Society?,Whole Clean Corpus,262.2241210822962,5.569199562072754,26,/m/home/home6/63/viljanj7/data/Desktop/dibaru/dibaru/data/procon_corpus.jsonl,procon_corpus.jsonl#L191
192,Is Cancel Culture Good for Society?,Whole Clean Corpus,46.842818258681554,3.8467977046966553,115,/m/home/home6/63/viljanj7/data/Desktop/dibaru/dibaru/data/procon_corpus.jsonl,procon_corpus.jsonl#L192
193,Is Cancel Culture Good for Society?,Whole Clean Corpus,260.91599413372063,5.5641984939575195,39,/m/home/home6/63/viljanj7/data/Desktop/dibaru/dibaru/data/procon_corpus.jsonl,procon_corpus.jsonl#L193
194,Is Cancel Culture Good for Society?,Whole Clean Corpus,37.79455161770951,3.63216495513916,95,/m/home/home6/63/viljanj7/data/Desktop/dibaru/dibaru/data/procon_corpus.jsonl,procon_corpus.jsonl#L194
195,Is Cancel Culture Good for Society?,Whole Clean Corpus,63.729516789642915,4.1546478271484375,171,/m/home/home6/63/viljanj7/data/Desktop/dibaru/dibaru/data/procon_corpus.jsonl,procon_corpus.jsonl#L195
196,Is Cancel Culture Good for Society?,Whole Clean Corpus,41.178057164915145,3.7179055213928223,116,/m/home/home6/63/viljanj7/data/Desktop/dibaru/dibaru/data/procon_corpus.jsonl,procon_corpus.jsonl#L196
197,Is a College Education Worth It?,Whole Clean Corpus,24.04498366591566,3.1799263954162598,210,/m/home/home6/63/viljanj7/data/Desktop/dibaru/dibaru/data/procon_corpus.jsonl,procon_corpus.jsonl#L197
198,Is a College Education Worth It?,Whole Clean Corpus,25.78599301395286,3.249831438064575,273,/m/home/home6/63/viljanj7/data/Desktop/dibaru/dibaru/data/procon_corpus.jsonl,procon_corpus.jsonl#L198
199,Is a College Education Worth It?,Whole Clean Corpus,33.802338464224235,3.5205299854278564,177,/m/home/home6/63/viljanj7/data/Desktop/dibaru/dibaru/data/procon_corpus.jsonl,procon_corpus.jsonl#L199
200,Is a College Education Worth It?,Whole Clean Corpus,73.32117113361562,4.294849395751953,220,/m/home/home6/63/viljanj7/data/Desktop/dibaru/dibaru/data/procon_corpus.jsonl,procon_corpus.jsonl#L200
201,Is a College Education Worth It?,Whole Clean Corpus,42.132672446186305,3.74082350730896,208,/m/home/home6/63/viljanj7/data/Desktop/dibaru/dibaru/data/procon_corpus.jsonl,procon_corpus.jsonl#L201
202,Is a College Education Worth It?,Whole Clean Corpus,20.47238334856016,3.0190768241882324,283,/m/home/home6/63/viljanj7/data/Desktop/dibaru/dibaru/data/procon_corpus.jsonl,procon_corpus.jsonl#L202
203,Is a College Education Worth It?,Whole Clean Corpus,22.601633975043764,3.1180222034454346,376,/m/home/home6/63/viljanj7/data/Desktop/dibaru/dibaru/data/procon_corpus.jsonl,procon_corpus.jsonl#L203
204,Is a College Education Worth It?,Whole Clean Corpus,31.608584505619326,3.4534287452697754,311,/m/home/home6/63/viljanj7/data/Desktop/dibaru/dibaru/data/procon_corpus.jsonl,procon_corpus.jsonl#L204
205,Is a College Education Worth It?,Whole Clean Corpus,34.051399459972636,3.5278711318969727,126,/m/home/home6/63/viljanj7/data/Desktop/dibaru/dibaru/data/procon_corpus.jsonl,procon_corpus.jsonl#L205
206,Is a College Education Worth It?,Whole Clean Corpus,59.28495117037712,4.082355499267578,197,/m/home/home6/63/viljanj7/data/Desktop/dibaru/dibaru/data/procon_corpus.jsonl,procon_corpus.jsonl#L206
207,Is a College Education Worth It?,Whole Clean Corpus,38.18230282169549,3.6423721313476562,117,/m/home/home6/63/viljanj7/data/Desktop/dibaru/dibaru/data/procon_corpus.jsonl,procon_corpus.jsonl#L207
208,Is a College Education Worth It?,Whole Clean Corpus,30.379000666495354,3.4137516021728516,241,/m/home/home6/63/viljanj7/data/Desktop/dibaru/dibaru/data/procon_corpus.jsonl,procon_corpus.jsonl#L208
209,Is a College Education Worth It?,Whole Clean Corpus,15.363892901164258,2.732020139694214,137,/m/home/home6/63/viljanj7/data/Desktop/dibaru/dibaru/data/procon_corpus.jsonl,procon_corpus.jsonl#L209
210,Is a College Education Worth It?,Whole Clean Corpus,34.60872327990875,3.5441057682037354,66,/m/home/home6/63/viljanj7/data/Desktop/dibaru/dibaru/data/procon_corpus.jsonl,procon_corpus.jsonl#L210
211,Is a College Education Worth It?,Whole Clean Corpus,44.568872712549,3.7970356941223145,99,/m/home/home6/63/viljanj7/data/Desktop/dibaru/dibaru/data/procon_corpus.jsonl,procon_corpus.jsonl#L211
212,Is a College Education Worth It?,Whole Clean Corpus,12.66422899146121,2.5387814044952393,201,/m/home/home6/63/viljanj7/data/Desktop/dibaru/dibaru/data/procon_corpus.jsonl,procon_corpus.jsonl#L212
213,Is a College Education Worth It?,Whole Clean Corpus,21.515656922301837,3.0687808990478516,140,/m/home/home6/63/viljanj7/data/Desktop/dibaru/dibaru/data/procon_corpus.jsonl,procon_corpus.jsonl#L213
214,Is a College Education Worth It?,Whole Clean Corpus,13.327171055461879,2.5898048877716064,106,/m/home/home6/63/viljanj7/data/Desktop/dibaru/dibaru/data/procon_corpus.jsonl,procon_corpus.jsonl#L214
215,Is a College Education Worth It?,Whole Clean Corpus,13.888843231798166,2.6310858726501465,191,/m/home/home6/63/viljanj7/data/Desktop/dibaru/dibaru/data/procon_corpus.jsonl,procon_corpus.jsonl#L215
216,Is a College Education Worth It?,Whole Clean Corpus,37.714547328523814,3.6300458908081055,177,/m/home/home6/63/viljanj7/data/Desktop/dibaru/dibaru/data/procon_corpus.jsonl,procon_corpus.jsonl#L216
217,Is a College Education Worth It?,Whole Clean Corpus,21.73863456194854,3.0790910720825195,143,/m/home/home6/63/viljanj7/data/Desktop/dibaru/dibaru/data/procon_corpus.jsonl,procon_corpus.jsonl#L217
218,Is a College Education Worth It?,Whole Clean Corpus,17.506749604591633,2.862586498260498,173,/m/home/home6/63/viljanj7/data/Desktop/dibaru/dibaru/data/procon_corpus.jsonl,procon_corpus.jsonl#L218
219,Is a College Education Worth It?,Whole Clean Corpus,14.985741753776074,2.707099199295044,50,/m/home/home6/63/viljanj7/data/Desktop/dibaru/dibaru/data/procon_corpus.jsonl,procon_corpus.jsonl#L219
220,Is a College Education Worth It?,Whole Clean Corpus,23.663132749015077,3.1639182567596436,178,/m/home/home6/63/viljanj7/data/Desktop/dibaru/dibaru/data/procon_corpus.jsonl,procon_corpus.jsonl#L220
221,Is a College Education Worth It?,Whole Clean Corpus,12.924891003168295,2.559154987335205,142,/m/home/home6/63/viljanj7/data/Desktop/dibaru/dibaru/data/procon_corpus.jsonl,procon_corpus.jsonl#L221
222,Is a College Education Worth It?,Whole Clean Corpus,14.82143208862417,2.6960742473602295,197,/m/home/home6/63/viljanj7/data/Desktop/dibaru/dibaru/data/procon_corpus.jsonl,procon_corpus.jsonl#L222
223,Is a College Education Worth It?,Whole Clean Corpus,20.658935462579265,3.0281479358673096,170,/m/home/home6/63/viljanj7/data/Desktop/dibaru/dibaru/data/procon_corpus.jsonl,procon_corpus.jsonl#L223
224,Is a College Education Worth It?,Whole Clean Corpus,12.551479687468994,2.5298385620117188,127,/m/home/home6/63/viljanj7/data/Desktop/dibaru/dibaru/data/procon_corpus.jsonl,procon_corpus.jsonl#L224
225,Is a College Education Worth It?,Whole Clean Corpus,42.13529432806718,3.7408857345581055,158,/m/home/home6/63/viljanj7/data/Desktop/dibaru/dibaru/data/procon_corpus.jsonl,procon_corpus.jsonl#L225
226,Is a College Education Worth It?,Whole Clean Corpus,20.586525203906056,3.024636745452881,188,/m/home/home6/63/viljanj7/data/Desktop/dibaru/dibaru/data/procon_corpus.jsonl,procon_corpus.jsonl#L226
227,Is a College Education Worth It?,Whole Clean Corpus,11.294387442593182,2.4243059158325195,162,/m/home/home6/63/viljanj7/data/Desktop/dibaru/dibaru/data/procon_corpus.jsonl,procon_corpus.jsonl#L227
228,Is a College Education Worth It?,Whole Clean Corpus,27.52968674086693,3.315264940261841,58,/m/home/home6/63/viljanj7/data/Desktop/dibaru/dibaru/data/procon_corpus.jsonl,procon_corpus.jsonl#L228
229,Is a College Education Worth It?,Whole Clean Corpus,17.784721881334097,2.8783397674560547,66,/m/home/home6/63/viljanj7/data/Desktop/dibaru/dibaru/data/procon_corpus.jsonl,procon_corpus.jsonl#L229
230,Is a College Education Worth It?,Whole Clean Corpus,14.877426670031037,2.6998450756073,224,/m/home/home6/63/viljanj7/data/Desktop/dibaru/dibaru/data/procon_corpus.jsonl,procon_corpus.jsonl#L230
231,Is a College Education Worth It?,Whole Clean Corpus,20.935997604585147,3.0414700508117676,160,/m/home/home6/63/viljanj7/data/Desktop/dibaru/dibaru/data/procon_corpus.jsonl,procon_corpus.jsonl#L231
232,Is a College Education Worth It?,Whole Clean Corpus,29.28933602750902,3.377223491668701,154,/m/home/home6/63/viljanj7/data/Desktop/dibaru/dibaru/data/procon_corpus.jsonl,procon_corpus.jsonl#L232
233,Is a College Education Worth It?,Whole Clean Corpus,28.10351295325094,3.3358945846557617,124,/m/home/home6/63/viljanj7/data/Desktop/dibaru/dibaru/data/procon_corpus.jsonl,procon_corpus.jsonl#L233
234,Is a College Education Worth It?,Whole Clean Corpus,24.578823119359438,3.201885223388672,111,/m/home/home6/63/viljanj7/data/Desktop/dibaru/dibaru/data/procon_corpus.jsonl,procon_corpus.jsonl#L234
235,Is a College Education Worth It?,Whole Clean Corpus,17.937247990702183,2.8868794441223145,174,/m/home/home6/63/viljanj7/data/Desktop/dibaru/dibaru/data/procon_corpus.jsonl,procon_corpus.jsonl#L235
236,Is a College Education Worth It?,Whole Clean Corpus,16.686257013626083,2.8145854473114014,189,/m/home/home6/63/viljanj7/data/Desktop/dibaru/dibaru/data/procon_corpus.jsonl,procon_corpus.jsonl#L236
237,Is a College Education Worth It?,Whole Clean Corpus,22.558264678051223,3.1161015033721924,179,/m/home/home6/63/viljanj7/data/Desktop/dibaru/dibaru/data/procon_corpus.jsonl,procon_corpus.jsonl#L237
238,Is a College Education Worth It?,Whole Clean Corpus,10.38935710744602,2.3407819271087646,181,/m/home/home6/63/viljanj7/data/Desktop/dibaru/dibaru/data/procon_corpus.jsonl,procon_corpus.jsonl#L238
239,Should the Federal Corporate Income Tax Rate Be Raised?,Whole Clean Corpus,26.38105631451445,3.272646188735962,355,/m/home/home6/63/viljanj7/data/Desktop/dibaru/dibaru/data/procon_corpus.jsonl,procon_corpus.jsonl#L239
240,Should the Federal Corporate Income Tax Rate Be Raised?,Whole Clean Corpus,24.413751525858967,3.1951465606689453,289,/m/home/home6/63/viljanj7/data/Desktop/dibaru/dibaru/data/procon_corpus.jsonl,procon_corpus.jsonl#L240
241,Should the Federal Corporate Income Tax Rate Be Raised?,Whole Clean Corpus,26.797430280096318,3.2883059978485107,245,/m/home/home6/63/viljanj7/data/Desktop/dibaru/dibaru/data/procon_corpus.jsonl,procon_corpus.jsonl#L241
242,Should the Federal Corporate Income Tax Rate Be Raised?,Whole Clean Corpus,27.397414470344028,3.31044864654541,146,/m/home/home6/63/viljanj7/data/Desktop/dibaru/dibaru/data/procon_corpus.jsonl,procon_corpus.jsonl#L242
243,Should the Federal Corporate Income Tax Rate Be Raised?,Whole Clean Corpus,22.07615174002641,3.0944979190826416,323,/m/home/home6/63/viljanj7/data/Desktop/dibaru/dibaru/data/procon_corpus.jsonl,procon_corpus.jsonl#L243
244,Should the Federal Corporate Income Tax Rate Be Raised?,Whole Clean Corpus,20.493299334106702,3.0200979709625244,251,/m/home/home6/63/viljanj7/data/Desktop/dibaru/dibaru/data/procon_corpus.jsonl,procon_corpus.jsonl#L244
245,Should the Federal Corporate Income Tax Rate Be Raised?,Whole Clean Corpus,28.12898600926229,3.3368005752563477,291,/m/home/home6/63/viljanj7/data/Desktop/dibaru/dibaru/data/procon_corpus.jsonl,procon_corpus.jsonl#L245
246,Should the Federal Corporate Income Tax Rate Be Raised?,Whole Clean Corpus,41.71075067004674,3.7307589054107666,135,/m/home/home6/63/viljanj7/data/Desktop/dibaru/dibaru/data/procon_corpus.jsonl,procon_corpus.jsonl#L246
247,Should the Federal Corporate Income Tax Rate Be Raised?,Whole Clean Corpus,22.145484158323324,3.0976336002349854,340,/m/home/home6/63/viljanj7/data/Desktop/dibaru/dibaru/data/procon_corpus.jsonl,procon_corpus.jsonl#L247
248,Should the Federal Corporate Income Tax Rate Be Raised?,Whole Clean Corpus,20.89114689507815,3.039325475692749,274,/m/home/home6/63/viljanj7/data/Desktop/dibaru/dibaru/data/procon_corpus.jsonl,procon_corpus.jsonl#L248
249,Should the Federal Corporate Income Tax Rate Be Raised?,Whole Clean Corpus,26.862530133278742,3.2907323837280273,216,/m/home/home6/63/viljanj7/data/Desktop/dibaru/dibaru/data/procon_corpus.jsonl,procon_corpus.jsonl#L249
250,Should the Federal Corporate Income Tax Rate Be Raised?,Whole Clean Corpus,27.84865332840353,3.326784610748291,308,/m/home/home6/63/viljanj7/data/Desktop/dibaru/dibaru/data/procon_corpus.jsonl,procon_corpus.jsonl#L250
251,Should the Federal Corporate Income Tax Rate Be Raised?,Whole Clean Corpus,25.166174775896998,3.2255008220672607,200,/m/home/home6/63/viljanj7/data/Desktop/dibaru/dibaru/data/procon_corpus.jsonl,procon_corpus.jsonl#L251
252,Should the Federal Corporate Income Tax Rate Be Raised?,Whole Clean Corpus,41.36776660593526,3.7225019931793213,111,/m/home/home6/63/viljanj7/data/Desktop/dibaru/dibaru/data/procon_corpus.jsonl,procon_corpus.jsonl#L252
253,Should the Federal Corporate Income Tax Rate Be Raised?,Whole Clean Corpus,46.02290616401966,3.829139232635498,102,/m/home/home6/63/viljanj7/data/Desktop/dibaru/dibaru/data/procon_corpus.jsonl,procon_corpus.jsonl#L253
254,Should the Federal Corporate Income Tax Rate Be Raised?,Whole Clean Corpus,41.76664700859099,3.73209810256958,134,/m/home/home6/63/viljanj7/data/Desktop/dibaru/dibaru/data/procon_corpus.jsonl,procon_corpus.jsonl#L254
255,Should the Federal Corporate Income Tax Rate Be Raised?,Whole Clean Corpus,40.026598711055556,3.689544200897217,158,/m/home/home6/63/viljanj7/data/Desktop/dibaru/dibaru/data/procon_corpus.jsonl,procon_corpus.jsonl#L255
256,Should the Federal Corporate Income Tax Rate Be Raised?,Whole Clean Corpus,33.471505801006465,3.5106945037841797,41,/m/home/home6/63/viljanj7/data/Desktop/dibaru/dibaru/data/procon_corpus.jsonl,procon_corpus.jsonl#L256
257,Should the Federal Corporate Income Tax Rate Be Raised?,Whole Clean Corpus,17.91196561816208,2.8854689598083496,105,/m/home/home6/63/viljanj7/data/Desktop/dibaru/dibaru/data/procon_corpus.jsonl,procon_corpus.jsonl#L257
258,Should the Federal Corporate Income Tax Rate Be Raised?,Whole Clean Corpus,26.31936337511946,3.2703049182891846,133,/m/home/home6/63/viljanj7/data/Desktop/dibaru/dibaru/data/procon_corpus.jsonl,procon_corpus.jsonl#L258
259,Should the Federal Corporate Income Tax Rate Be Raised?,Whole Clean Corpus,19.71107984451436,2.9811809062957764,75,/m/home/home6/63/viljanj7/data/Desktop/dibaru/dibaru/data/procon_corpus.jsonl,procon_corpus.jsonl#L259
260,Should the Federal Corporate Income Tax Rate Be Raised?,Whole Clean Corpus,30.012843143091406,3.401625394821167,109,/m/home/home6/63/viljanj7/data/Desktop/dibaru/dibaru/data/procon_corpus.jsonl,procon_corpus.jsonl#L260
261,Should the Federal Corporate Income Tax Rate Be Raised?,Whole Clean Corpus,18.17777423103396,2.9001996517181396,79,/m/home/home6/63/viljanj7/data/Desktop/dibaru/dibaru/data/procon_corpus.jsonl,procon_corpus.jsonl#L261
262,Should the Federal Corporate Income Tax Rate Be Raised?,Whole Clean Corpus,23.594938055685837,3.161032199859619,50,/m/home/home6/63/viljanj7/data/Desktop/dibaru/dibaru/data/procon_corpus.jsonl,procon_corpus.jsonl#L262
263,Should the Federal Corporate Income Tax Rate Be Raised?,Whole Clean Corpus,30.87282439464647,3.4298763275146484,87,/m/home/home6/63/viljanj7/data/Desktop/dibaru/dibaru/data/procon_corpus.jsonl,procon_corpus.jsonl#L263
264,Should the Federal Corporate Income Tax Rate Be Raised?,Whole Clean Corpus,18.392438351154322,2.9119396209716797,59,/m/home/home6/63/viljanj7/data/Desktop/dibaru/dibaru/data/procon_corpus.jsonl,procon_corpus.jsonl#L264
265,Should the Federal Corporate Income Tax Rate Be Raised?,Whole Clean Corpus,27.333071041797723,3.3080973625183105,70,/m/home/home6/63/viljanj7/data/Desktop/dibaru/dibaru/data/procon_corpus.jsonl,procon_corpus.jsonl#L265
266,Should the Federal Corporate Income Tax Rate Be Raised?,Whole Clean Corpus,47.21936288108653,3.854804039001465,64,/m/home/home6/63/viljanj7/data/Desktop/dibaru/dibaru/data/procon_corpus.jsonl,procon_corpus.jsonl#L266
267,Should the Federal Corporate Income Tax Rate Be Raised?,Whole Clean Corpus,35.368704295867424,3.5658273696899414,107,/m/home/home6/63/viljanj7/data/Desktop/dibaru/dibaru/data/procon_corpus.jsonl,procon_corpus.jsonl#L267
268,Should the Federal Corporate Income Tax Rate Be Raised?,Whole Clean Corpus,60.073118265150526,4.09556245803833,60,/m/home/home6/63/viljanj7/data/Desktop/dibaru/dibaru/data/procon_corpus.jsonl,procon_corpus.jsonl#L268
269,Should the Federal Corporate Income Tax Rate Be Raised?,Whole Clean Corpus,55.05274476097437,4.008291721343994,65,/m/home/home6/63/viljanj7/data/Desktop/dibaru/dibaru/data/procon_corpus.jsonl,procon_corpus.jsonl#L269
270,Should the Federal Corporate Income Tax Rate Be Raised?,Whole Clean Corpus,20.529893781321086,3.0218820571899414,137,/m/home/home6/63/viljanj7/data/Desktop/dibaru/dibaru/data/procon_corpus.jsonl,procon_corpus.jsonl#L270
271,Should the United States Maintain Its Embargo against Cuba?,Whole Clean Corpus,20.58825296635573,3.0247206687927246,352,/m/home/home6/63/viljanj7/data/Desktop/dibaru/dibaru/data/procon_corpus.jsonl,procon_corpus.jsonl#L271
272,Should the United States Maintain Its Embargo against Cuba?,Whole Clean Corpus,20.468098282105693,3.0188674926757812,149,/m/home/home6/63/viljanj7/data/Desktop/dibaru/dibaru/data/procon_corpus.jsonl,procon_corpus.jsonl#L272
273,Should the United States Maintain Its Embargo against Cuba?,Whole Clean Corpus,29.57539084157023,3.3869426250457764,398,/m/home/home6/63/viljanj7/data/Desktop/dibaru/dibaru/data/procon_corpus.jsonl,procon_corpus.jsonl#L273
274,Should the United States Maintain Its Embargo against Cuba?,Whole Clean Corpus,34.36272917266911,3.5369725227355957,222,/m/home/home6/63/viljanj7/data/Desktop/dibaru/dibaru/data/procon_corpus.jsonl,procon_corpus.jsonl#L274
275,Should the United States Maintain Its Embargo against Cuba?,Whole Clean Corpus,20.110626554821206,3.001248359680176,357,/m/home/home6/63/viljanj7/data/Desktop/dibaru/dibaru/data/procon_corpus.jsonl,procon_corpus.jsonl#L275
276,Should the United States Maintain Its Embargo against Cuba?,Whole Clean Corpus,25.46552126318496,3.237325429916382,284,/m/home/home6/63/viljanj7/data/Desktop/dibaru/dibaru/data/procon_corpus.jsonl,procon_corpus.jsonl#L276
277,Should the United States Maintain Its Embargo against Cuba?,Whole Clean Corpus,36.414832822120836,3.5949761867523193,123,/m/home/home6/63/viljanj7/data/Desktop/dibaru/dibaru/data/procon_corpus.jsonl,procon_corpus.jsonl#L277
278,Should the United States Maintain Its Embargo against Cuba?,Whole Clean Corpus,35.47749947136298,3.5688986778259277,260,/m/home/home6/63/viljanj7/data/Desktop/dibaru/dibaru/data/procon_corpus.jsonl,procon_corpus.jsonl#L278
279,Should the United States Maintain Its Embargo against Cuba?,Whole Clean Corpus,48.04083975713084,3.872051477432251,231,/m/home/home6/63/viljanj7/data/Desktop/dibaru/dibaru/data/procon_corpus.jsonl,procon_corpus.jsonl#L279
280,Should the United States Maintain Its Embargo against Cuba?,Whole Clean Corpus,15.618844628177687,2.7484781742095947,316,/m/home/home6/63/viljanj7/data/Desktop/dibaru/dibaru/data/procon_corpus.jsonl,procon_corpus.jsonl#L280
281,Should the United States Maintain Its Embargo against Cuba?,Whole Clean Corpus,19.630606058292432,2.9770898818969727,299,/m/home/home6/63/viljanj7/data/Desktop/dibaru/dibaru/data/procon_corpus.jsonl,procon_corpus.jsonl#L281
282,Should the United States Maintain Its Embargo against Cuba?,Whole Clean Corpus,27.20359834140343,3.303349256515503,345,/m/home/home6/63/viljanj7/data/Desktop/dibaru/dibaru/data/procon_corpus.jsonl,procon_corpus.jsonl#L282
283,Should the United States Maintain Its Embargo against Cuba?,Whole Clean Corpus,35.03147685097012,3.5562469959259033,254,/m/home/home6/63/viljanj7/data/Desktop/dibaru/dibaru/data/procon_corpus.jsonl,procon_corpus.jsonl#L283
284,Should the United States Maintain Its Embargo against Cuba?,Whole Clean Corpus,19.90478907024277,2.9909603595733643,225,/m/home/home6/63/viljanj7/data/Desktop/dibaru/dibaru/data/procon_corpus.jsonl,procon_corpus.jsonl#L284
285,Should the United States Maintain Its Embargo against Cuba?,Whole Clean Corpus,23.706156158017144,3.1657347679138184,174,/m/home/home6/63/viljanj7/data/Desktop/dibaru/dibaru/data/procon_corpus.jsonl,procon_corpus.jsonl#L285
286,Should the United States Maintain Its Embargo against Cuba?,Whole Clean Corpus,22.880560126089332,3.1302876472473145,375,/m/home/home6/63/viljanj7/data/Desktop/dibaru/dibaru/data/procon_corpus.jsonl,procon_corpus.jsonl#L286
287,Should the United States Maintain Its Embargo against Cuba?,Whole Clean Corpus,27.803732618863453,3.3251702785491943,241,/m/home/home6/63/viljanj7/data/Desktop/dibaru/dibaru/data/procon_corpus.jsonl,procon_corpus.jsonl#L287
288,Should the United States Maintain Its Embargo against Cuba?,Whole Clean Corpus,37.94119077294884,3.6360373497009277,259,/m/home/home6/63/viljanj7/data/Desktop/dibaru/dibaru/data/procon_corpus.jsonl,procon_corpus.jsonl#L288
289,Should the United States Maintain Its Embargo against Cuba?,Whole Clean Corpus,38.51247217750034,3.650982141494751,89,/m/home/home6/63/viljanj7/data/Desktop/dibaru/dibaru/data/procon_corpus.jsonl,procon_corpus.jsonl#L289
290,Should the United States Maintain Its Embargo against Cuba?,Whole Clean Corpus,20.90126542580043,3.0398097038269043,70,/m/home/home6/63/viljanj7/data/Desktop/dibaru/dibaru/data/procon_corpus.jsonl,procon_corpus.jsonl#L290
291,Should the United States Maintain Its Embargo against Cuba?,Whole Clean Corpus,19.843403745223068,2.9878716468811035,101,/m/home/home6/63/viljanj7/data/Desktop/dibaru/dibaru/data/procon_corpus.jsonl,procon_corpus.jsonl#L291
292,Should the United States Maintain Its Embargo against Cuba?,Whole Clean Corpus,31.569564212039538,3.45219349861145,127,/m/home/home6/63/viljanj7/data/Desktop/dibaru/dibaru/data/procon_corpus.jsonl,procon_corpus.jsonl#L292
293,Should the United States Maintain Its Embargo against Cuba?,Whole Clean Corpus,58.69795343764498,4.072404861450195,54,/m/home/home6/63/viljanj7/data/Desktop/dibaru/dibaru/data/procon_corpus.jsonl,procon_corpus.jsonl#L293
294,Should the United States Maintain Its Embargo against Cuba?,Whole Clean Corpus,25.469061166528725,3.237464427947998,104,/m/home/home6/63/viljanj7/data/Desktop/dibaru/dibaru/data/procon_corpus.jsonl,procon_corpus.jsonl#L294
295,Should the United States Maintain Its Embargo against Cuba?,Whole Clean Corpus,44.620502680063105,3.7981934547424316,118,/m/home/home6/63/viljanj7/data/Desktop/dibaru/dibaru/data/procon_corpus.jsonl,procon_corpus.jsonl#L295
296,Should the United States Maintain Its Embargo against Cuba?,Whole Clean Corpus,24.304747031482744,3.190671682357788,216,/m/home/home6/63/viljanj7/data/Desktop/dibaru/dibaru/data/procon_corpus.jsonl,procon_corpus.jsonl#L296
297,Should the United States Maintain Its Embargo against Cuba?,Whole Clean Corpus,22.64645264206776,3.1200032234191895,67,/m/home/home6/63/viljanj7/data/Desktop/dibaru/dibaru/data/procon_corpus.jsonl,procon_corpus.jsonl#L297
298,Should the United States Maintain Its Embargo against Cuba?,Whole Clean Corpus,18.667615617501333,2.926790237426758,82,/m/home/home6/63/viljanj7/data/Desktop/dibaru/dibaru/data/procon_corpus.jsonl,procon_corpus.jsonl#L298
299,Should the United States Maintain Its Embargo against Cuba?,Whole Clean Corpus,40.759261355633406,3.7076830863952637,31,/m/home/home6/63/viljanj7/data/Desktop/dibaru/dibaru/data/procon_corpus.jsonl,procon_corpus.jsonl#L299
300,Should the United States Maintain Its Embargo against Cuba?,Whole Clean Corpus,77.241302353242,4.3469343185424805,29,/m/home/home6/63/viljanj7/data/Desktop/dibaru/dibaru/data/procon_corpus.jsonl,procon_corpus.jsonl#L300
301,Should the United States Maintain Its Embargo against Cuba?,Whole Clean Corpus,20.408542042912817,3.015953540802002,85,/m/home/home6/63/viljanj7/data/Desktop/dibaru/dibaru/data/procon_corpus.jsonl,procon_corpus.jsonl#L301
302,Should the United States Maintain Its Embargo against Cuba?,Whole Clean Corpus,20.98433640061757,3.043776273727417,109,/m/home/home6/63/viljanj7/data/Desktop/dibaru/dibaru/data/procon_corpus.jsonl,procon_corpus.jsonl#L302
303,Should the United States Maintain Its Embargo against Cuba?,Whole Clean Corpus,33.33527399816006,3.5066161155700684,103,/m/home/home6/63/viljanj7/data/Desktop/dibaru/dibaru/data/procon_corpus.jsonl,procon_corpus.jsonl#L303
304,Should the United States Maintain Its Embargo against Cuba?,Whole Clean Corpus,54.5481217822425,3.9990832805633545,38,/m/home/home6/63/viljanj7/data/Desktop/dibaru/dibaru/data/procon_corpus.jsonl,procon_corpus.jsonl#L304
305,Should the United States Maintain Its Embargo against Cuba?,Whole Clean Corpus,19.116762664041826,2.9505655765533447,107,/m/home/home6/63/viljanj7/data/Desktop/dibaru/dibaru/data/procon_corpus.jsonl,procon_corpus.jsonl#L305
306,Should the United States Maintain Its Embargo against Cuba?,Whole Clean Corpus,40.72549639704467,3.7068543434143066,40,/m/home/home6/63/viljanj7/data/Desktop/dibaru/dibaru/data/procon_corpus.jsonl,procon_corpus.jsonl#L306
307,Should the United States Maintain Its Embargo against Cuba?,Whole Clean Corpus,16.363815995624805,2.795072555541992,59,/m/home/home6/63/viljanj7/data/Desktop/dibaru/dibaru/data/procon_corpus.jsonl,procon_corpus.jsonl#L307
308,Should the United States Maintain Its Embargo against Cuba?,Whole Clean Corpus,28.968009558540988,3.366192102432251,37,/m/home/home6/63/viljanj7/data/Desktop/dibaru/dibaru/data/procon_corpus.jsonl,procon_corpus.jsonl#L308
309,Should the United States Maintain Its Embargo against Cuba?,Whole Clean Corpus,25.200548708637783,3.226865768432617,66,/m/home/home6/63/viljanj7/data/Desktop/dibaru/dibaru/data/procon_corpus.jsonl,procon_corpus.jsonl#L309
310,Should the United States Maintain Its Embargo against Cuba?,Whole Clean Corpus,23.39358888650329,3.1524620056152344,61,/m/home/home6/63/viljanj7/data/Desktop/dibaru/dibaru/data/procon_corpus.jsonl,procon_corpus.jsonl#L310
311,Should the United States Maintain Its Embargo against Cuba?,Whole Clean Corpus,27.27819032995755,3.3060874938964844,101,/m/home/home6/63/viljanj7/data/Desktop/dibaru/dibaru/data/procon_corpus.jsonl,procon_corpus.jsonl#L311
312,Should the United States Maintain Its Embargo against Cuba?,Whole Clean Corpus,11.814427916134841,2.4693214893341064,47,/m/home/home6/63/viljanj7/data/Desktop/dibaru/dibaru/data/procon_corpus.jsonl,procon_corpus.jsonl#L312
313,Should the United States Maintain Its Embargo against Cuba?,Whole Clean Corpus,25.300139941093484,3.2308099269866943,88,/m/home/home6/63/viljanj7/data/Desktop/dibaru/dibaru/data/procon_corpus.jsonl,procon_corpus.jsonl#L313
314,Should the United States Maintain Its Embargo against Cuba?,Whole Clean Corpus,25.98513101399888,3.2575244903564453,40,/m/home/home6/63/viljanj7/data/Desktop/dibaru/dibaru/data/procon_corpus.jsonl,procon_corpus.jsonl#L314
315,Should the United States Maintain Its Embargo against Cuba?,Whole Clean Corpus,29.25841712864398,3.3761672973632812,97,/m/home/home6/63/viljanj7/data/Desktop/dibaru/dibaru/data/procon_corpus.jsonl,procon_corpus.jsonl#L315
316,Should the United States Maintain Its Embargo against Cuba?,Whole Clean Corpus,23.154442011985353,3.1421866416931152,29,/m/home/home6/63/viljanj7/data/Desktop/dibaru/dibaru/data/procon_corpus.jsonl,procon_corpus.jsonl#L316
317,Should the United States Maintain Its Embargo against Cuba?,Whole Clean Corpus,26.420075202355218,3.2741241455078125,46,/m/home/home6/63/viljanj7/data/Desktop/dibaru/dibaru/data/procon_corpus.jsonl,procon_corpus.jsonl#L317
318,Should the United States Maintain Its Embargo against Cuba?,Whole Clean Corpus,68.32140654711823,4.2242231369018555,61,/m/home/home6/63/viljanj7/data/Desktop/dibaru/dibaru/data/procon_corpus.jsonl,procon_corpus.jsonl#L318
319,Should the United States Maintain Its Embargo against Cuba?,Whole Clean Corpus,29.975035217045065,3.400364875793457,85,/m/home/home6/63/viljanj7/data/Desktop/dibaru/dibaru/data/procon_corpus.jsonl,procon_corpus.jsonl#L319
320,Should the United States Maintain Its Embargo against Cuba?,Whole Clean Corpus,38.29244830760254,3.6452527046203613,65,/m/home/home6/63/viljanj7/data/Desktop/dibaru/dibaru/data/procon_corpus.jsonl,procon_corpus.jsonl#L320
321,Should the United States Maintain Its Embargo against Cuba?,Whole Clean Corpus,47.205753952708704,3.854515790939331,75,/m/home/home6/63/viljanj7/data/Desktop/dibaru/dibaru/data/procon_corpus.jsonl,procon_corpus.jsonl#L321
322,Should the United States Maintain Its Embargo against Cuba?,Whole Clean Corpus,21.24916937229561,3.0563178062438965,79,/m/home/home6/63/viljanj7/data/Desktop/dibaru/dibaru/data/procon_corpus.jsonl,procon_corpus.jsonl#L322
323,Should the United States Maintain Its Embargo against Cuba?,Whole Clean Corpus,38.46257233316231,3.6496856212615967,64,/m/home/home6/63/viljanj7/data/Desktop/dibaru/dibaru/data/procon_corpus.jsonl,procon_corpus.jsonl#L323
324,Should the United States Maintain Its Embargo against Cuba?,Whole Clean Corpus,23.64863230458566,3.1633052825927734,71,/m/home/home6/63/viljanj7/data/Desktop/dibaru/dibaru/data/procon_corpus.jsonl,procon_corpus.jsonl#L324
325,Should the United States Maintain Its Embargo against Cuba?,Whole Clean Corpus,36.17214186635666,3.588289260864258,49,/m/home/home6/63/viljanj7/data/Desktop/dibaru/dibaru/data/procon_corpus.jsonl,procon_corpus.jsonl#L325
326,Should the United States Maintain Its Embargo against Cuba?,Whole Clean Corpus,23.55744597890372,3.1594419479370117,74,/m/home/home6/63/viljanj7/data/Desktop/dibaru/dibaru/data/procon_corpus.jsonl,procon_corpus.jsonl#L326
327,Should the United States Maintain Its Embargo against Cuba?,Whole Clean Corpus,21.405981596041556,3.0636703968048096,79,/m/home/home6/63/viljanj7/data/Desktop/dibaru/dibaru/data/procon_corpus.jsonl,procon_corpus.jsonl#L327
328,Should the United States Maintain Its Embargo against Cuba?,Whole Clean Corpus,23.939594732388787,3.1755337715148926,72,/m/home/home6/63/viljanj7/data/Desktop/dibaru/dibaru/data/procon_corpus.jsonl,procon_corpus.jsonl#L328
329,Should the United States Maintain Its Embargo against Cuba?,Whole Clean Corpus,8.578205634739696,2.1492247581481934,83,/m/home/home6/63/viljanj7/data/Desktop/dibaru/dibaru/data/procon_corpus.jsonl,procon_corpus.jsonl#L329
330,Should the United States Maintain Its Embargo against Cuba?,Whole Clean Corpus,16.96261040208299,2.8310115337371826,97,/m/home/home6/63/viljanj7/data/Desktop/dibaru/dibaru/data/procon_corpus.jsonl,procon_corpus.jsonl#L330
331,Should the Death Penalty Be Legal?,Whole Clean Corpus,48.928281691977446,3.8903555870056152,226,/m/home/home6/63/viljanj7/data/Desktop/dibaru/dibaru/data/procon_corpus.jsonl,procon_corpus.jsonl#L331
332,Should the Death Penalty Be Legal?,Whole Clean Corpus,21.566562956378004,3.0711441040039062,316,/m/home/home6/63/viljanj7/data/Desktop/dibaru/dibaru/data/procon_corpus.jsonl,procon_corpus.jsonl#L332
333,Should the Death Penalty Be Legal?,Whole Clean Corpus,29.178806759265715,3.3734426498413086,175,/m/home/home6/63/viljanj7/data/Desktop/dibaru/dibaru/data/procon_corpus.jsonl,procon_corpus.jsonl#L333
334,Should the Death Penalty Be Legal?,Whole Clean Corpus,35.37697760100034,3.56606125831604,225,/m/home/home6/63/viljanj7/data/Desktop/dibaru/dibaru/data/procon_corpus.jsonl,procon_corpus.jsonl#L334
335,Should the Death Penalty Be Legal?,Whole Clean Corpus,51.618854101633765,3.9438869953155518,294,/m/home/home6/63/viljanj7/data/Desktop/dibaru/dibaru/data/procon_corpus.jsonl,procon_corpus.jsonl#L335
336,Should the Death Penalty Be Legal?,Whole Clean Corpus,30.08563236062902,3.404047727584839,272,/m/home/home6/63/viljanj7/data/Desktop/dibaru/dibaru/data/procon_corpus.jsonl,procon_corpus.jsonl#L336
337,Should the Death Penalty Be Legal?,Whole Clean Corpus,35.84801673254525,3.5792882442474365,149,/m/home/home6/63/viljanj7/data/Desktop/dibaru/dibaru/data/procon_corpus.jsonl,procon_corpus.jsonl#L337
338,Should the Death Penalty Be Legal?,Whole Clean Corpus,21.63862812774163,3.0744800567626953,195,/m/home/home6/63/viljanj7/data/Desktop/dibaru/dibaru/data/procon_corpus.jsonl,procon_corpus.jsonl#L338
339,Should the Death Penalty Be Legal?,Whole Clean Corpus,42.04753500306191,3.7388007640838623,19,/m/home/home6/63/viljanj7/data/Desktop/dibaru/dibaru/data/procon_corpus.jsonl,procon_corpus.jsonl#L339
340,Should the Death Penalty Be Legal?,Whole Clean Corpus,26.722515491752205,3.2855064868927,148,/m/home/home6/63/viljanj7/data/Desktop/dibaru/dibaru/data/procon_corpus.jsonl,procon_corpus.jsonl#L340
341,Should the Death Penalty Be Legal?,Whole Clean Corpus,29.661542211823836,3.3898513317108154,113,/m/home/home6/63/viljanj7/data/Desktop/dibaru/dibaru/data/procon_corpus.jsonl,procon_corpus.jsonl#L341
342,Should the Death Penalty Be Legal?,Whole Clean Corpus,68.24176675848145,4.223056793212891,80,/m/home/home6/63/viljanj7/data/Desktop/dibaru/dibaru/data/procon_corpus.jsonl,procon_corpus.jsonl#L342
343,Should the Death Penalty Be Legal?,Whole Clean Corpus,44.22050623341542,3.7891886234283447,180,/m/home/home6/63/viljanj7/data/Desktop/dibaru/dibaru/data/procon_corpus.jsonl,procon_corpus.jsonl#L343
344,Should the Death Penalty Be Legal?,Whole Clean Corpus,28.143770959698138,3.3373260498046875,29,/m/home/home6/63/viljanj7/data/Desktop/dibaru/dibaru/data/procon_corpus.jsonl,procon_corpus.jsonl#L344
345,Should the Death Penalty Be Legal?,Whole Clean Corpus,37.31715691313772,3.619453191757202,90,/m/home/home6/63/viljanj7/data/Desktop/dibaru/dibaru/data/procon_corpus.jsonl,procon_corpus.jsonl#L345
346,Should the Death Penalty Be Legal?,Whole Clean Corpus,18.328064005084038,2.908433437347412,136,/m/home/home6/63/viljanj7/data/Desktop/dibaru/dibaru/data/procon_corpus.jsonl,procon_corpus.jsonl#L346
347,Should the Death Penalty Be Legal?,Whole Clean Corpus,34.4602294364726,3.5398058891296387,40,/m/home/home6/63/viljanj7/data/Desktop/dibaru/dibaru/data/procon_corpus.jsonl,procon_corpus.jsonl#L347
348,Should the Death Penalty Be Legal?,Whole Clean Corpus,44.62587537370461,3.798313856124878,79,/m/home/home6/63/viljanj7/data/Desktop/dibaru/dibaru/data/procon_corpus.jsonl,procon_corpus.jsonl#L348
349,Should the Death Penalty Be Legal?,Whole Clean Corpus,43.43108306974829,3.7711753845214844,61,/m/home/home6/63/viljanj7/data/Desktop/dibaru/dibaru/data/procon_corpus.jsonl,procon_corpus.jsonl#L349
350,Should the Death Penalty Be Legal?,Whole Clean Corpus,36.77040002480774,3.6046931743621826,79,/m/home/home6/63/viljanj7/data/Desktop/dibaru/dibaru/data/procon_corpus.jsonl,procon_corpus.jsonl#L350
351,Should the Death Penalty Be Legal?,Whole Clean Corpus,45.77604806575772,3.823760986328125,112,/m/home/home6/63/viljanj7/data/Desktop/dibaru/dibaru/data/procon_corpus.jsonl,procon_corpus.jsonl#L351
352,Should the Death Penalty Be Legal?,Whole Clean Corpus,50.006560043540325,3.912154197692871,118,/m/home/home6/63/viljanj7/data/Desktop/dibaru/dibaru/data/procon_corpus.jsonl,procon_corpus.jsonl#L352
353,Should the Death Penalty Be Legal?,Whole Clean Corpus,34.219288241709656,3.532789468765259,154,/m/home/home6/63/viljanj7/data/Desktop/dibaru/dibaru/data/procon_corpus.jsonl,procon_corpus.jsonl#L353
354,Should the Death Penalty Be Legal?,Whole Clean Corpus,24.958259492250153,3.2172048091888428,89,/m/home/home6/63/viljanj7/data/Desktop/dibaru/dibaru/data/procon_corpus.jsonl,procon_corpus.jsonl#L354
355,Should the Death Penalty Be Legal?,Whole Clean Corpus,45.39527348688628,3.8154079914093018,89,/m/home/home6/63/viljanj7/data/Desktop/dibaru/dibaru/data/procon_corpus.jsonl,procon_corpus.jsonl#L355
356,Should the Death Penalty Be Legal?,Whole Clean Corpus,36.59705300309578,3.5999677181243896,82,/m/home/home6/63/viljanj7/data/Desktop/dibaru/dibaru/data/procon_corpus.jsonl,procon_corpus.jsonl#L356
357,Should the Death Penalty Be Legal?,Whole Clean Corpus,62.85386300333344,4.140812397003174,60,/m/home/home6/63/viljanj7/data/Desktop/dibaru/dibaru/data/procon_corpus.jsonl,procon_corpus.jsonl#L357
358,Should the Death Penalty Be Legal?,Whole Clean Corpus,37.652464807077415,3.6283984184265137,94,/m/home/home6/63/viljanj7/data/Desktop/dibaru/dibaru/data/procon_corpus.jsonl,procon_corpus.jsonl#L358
359,Should the Death Penalty Be Legal?,Whole Clean Corpus,49.61000105914355,3.9041924476623535,47,/m/home/home6/63/viljanj7/data/Desktop/dibaru/dibaru/data/procon_corpus.jsonl,procon_corpus.jsonl#L359
360,Should the Death Penalty Be Legal?,Whole Clean Corpus,54.05057267508163,3.989920139312744,40,/m/home/home6/63/viljanj7/data/Desktop/dibaru/dibaru/data/procon_corpus.jsonl,procon_corpus.jsonl#L360
361,Should the Death Penalty Be Legal?,Whole Clean Corpus,33.045951265518745,3.497899055480957,19,/m/home/home6/63/viljanj7/data/Desktop/dibaru/dibaru/data/procon_corpus.jsonl,procon_corpus.jsonl#L361
362,Should the Death Penalty Be Legal?,Whole Clean Corpus,17.806440757568815,2.8795602321624756,54,/m/home/home6/63/viljanj7/data/Desktop/dibaru/dibaru/data/procon_corpus.jsonl,procon_corpus.jsonl#L362
363,Should the Death Penalty Be Legal?,Whole Clean Corpus,54.0348274694358,3.989628791809082,47,/m/home/home6/63/viljanj7/data/Desktop/dibaru/dibaru/data/procon_corpus.jsonl,procon_corpus.jsonl#L363
364,Should the Death Penalty Be Legal?,Whole Clean Corpus,43.06069680118857,3.762610673904419,124,/m/home/home6/63/viljanj7/data/Desktop/dibaru/dibaru/data/procon_corpus.jsonl,procon_corpus.jsonl#L364
365,Should the Death Penalty Be Legal?,Whole Clean Corpus,72.3502520012576,4.281518936157227,27,/m/home/home6/63/viljanj7/data/Desktop/dibaru/dibaru/data/procon_corpus.jsonl,procon_corpus.jsonl#L365
366,Should the Death Penalty Be Legal?,Whole Clean Corpus,79.61750510769505,4.377233982086182,59,/m/home/home6/63/viljanj7/data/Desktop/dibaru/dibaru/data/procon_corpus.jsonl,procon_corpus.jsonl#L366
367,Should the Death Penalty Be Legal?,Whole Clean Corpus,20.37059997771845,3.0140926837921143,21,/m/home/home6/63/viljanj7/data/Desktop/dibaru/dibaru/data/procon_corpus.jsonl,procon_corpus.jsonl#L367
368,Should the Death Penalty Be Legal?,Whole Clean Corpus,44.77331779992525,3.801612377166748,177,/m/home/home6/63/viljanj7/data/Desktop/dibaru/dibaru/data/procon_corpus.jsonl,procon_corpus.jsonl#L368
369,Should the Death Penalty Be Legal?,Whole Clean Corpus,42.912816414028626,3.7591705322265625,129,/m/home/home6/63/viljanj7/data/Desktop/dibaru/dibaru/data/procon_corpus.jsonl,procon_corpus.jsonl#L369
370,Should the Death Penalty Be Legal?,Whole Clean Corpus,45.6129152928515,3.820190906524658,129,/m/home/home6/63/viljanj7/data/Desktop/dibaru/dibaru/data/procon_corpus.jsonl,procon_corpus.jsonl#L370
371,Should the Death Penalty Be Legal?,Whole Clean Corpus,99.00728032606534,4.595193386077881,62,/m/home/home6/63/viljanj7/data/Desktop/dibaru/dibaru/data/procon_corpus.jsonl,procon_corpus.jsonl#L371
372,Should the Drinking Age Be Lowered from 21 to a Younger Age?,Whole Clean Corpus,33.327231846758096,3.5063748359680176,207,/m/home/home6/63/viljanj7/data/Desktop/dibaru/dibaru/data/procon_corpus.jsonl,procon_corpus.jsonl#L372
373,Should the Drinking Age Be Lowered from 21 to a Younger Age?,Whole Clean Corpus,33.80055744882892,3.520477294921875,297,/m/home/home6/63/viljanj7/data/Desktop/dibaru/dibaru/data/procon_corpus.jsonl,procon_corpus.jsonl#L373
374,Should the Drinking Age Be Lowered from 21 to a Younger Age?,Whole Clean Corpus,23.64473094129727,3.163140296936035,364,/m/home/home6/63/viljanj7/data/Desktop/dibaru/dibaru/data/procon_corpus.jsonl,procon_corpus.jsonl#L374
375,Should the Drinking Age Be Lowered from 21 to a Younger Age?,Whole Clean Corpus,42.27287518530846,3.744145631790161,254,/m/home/home6/63/viljanj7/data/Desktop/dibaru/dibaru/data/procon_corpus.jsonl,procon_corpus.jsonl#L375
376,Should the Drinking Age Be Lowered from 21 to a Younger Age?,Whole Clean Corpus,42.59227859334548,3.7516729831695557,234,/m/home/home6/63/viljanj7/data/Desktop/dibaru/dibaru/data/procon_corpus.jsonl,procon_corpus.jsonl#L376
377,Should the Drinking Age Be Lowered from 21 to a Younger Age?,Whole Clean Corpus,41.1539031040258,3.7173187732696533,223,/m/home/home6/63/viljanj7/data/Desktop/dibaru/dibaru/data/procon_corpus.jsonl,procon_corpus.jsonl#L377
378,Should the Drinking Age Be Lowered from 21 to a Younger Age?,Whole Clean Corpus,42.11952531546153,3.740511417388916,172,/m/home/home6/63/viljanj7/data/Desktop/dibaru/dibaru/data/procon_corpus.jsonl,procon_corpus.jsonl#L378
379,Should the Drinking Age Be Lowered from 21 to a Younger Age?,Whole Clean Corpus,31.822106114479404,3.4601612091064453,232,/m/home/home6/63/viljanj7/data/Desktop/dibaru/dibaru/data/procon_corpus.jsonl,procon_corpus.jsonl#L379
380,Should the Drinking Age Be Lowered from 21 to a Younger Age?,Whole Clean Corpus,32.02482835216101,3.4665114879608154,319,/m/home/home6/63/viljanj7/data/Desktop/dibaru/dibaru/data/procon_corpus.jsonl,procon_corpus.jsonl#L380
381,Should the Drinking Age Be Lowered from 21 to a Younger Age?,Whole Clean Corpus,19.122041315127515,2.9508416652679443,240,/m/home/home6/63/viljanj7/data/Desktop/dibaru/dibaru/data/procon_corpus.jsonl,procon_corpus.jsonl#L381
382,Should the Drinking Age Be Lowered from 21 to a Younger Age?,Whole Clean Corpus,25.83293771729082,3.251650333404541,211,/m/home/home6/63/viljanj7/data/Desktop/dibaru/dibaru/data/procon_corpus.jsonl,procon_corpus.jsonl#L382
383,Should the Drinking Age Be Lowered from 21 to a Younger Age?,Whole Clean Corpus,15.157419131694827,2.7184901237487793,262,/m/home/home6/63/viljanj7/data/Desktop/dibaru/dibaru/data/procon_corpus.jsonl,procon_corpus.jsonl#L383
384,Should the Drinking Age Be Lowered from 21 to a Younger Age?,Whole Clean Corpus,30.86408117487434,3.429593086242676,256,/m/home/home6/63/viljanj7/data/Desktop/dibaru/dibaru/data/procon_corpus.jsonl,procon_corpus.jsonl#L384
385,Should the Drinking Age Be Lowered from 21 to a Younger Age?,Whole Clean Corpus,20.692302914225657,3.029761791229248,222,/m/home/home6/63/viljanj7/data/Desktop/dibaru/dibaru/data/procon_corpus.jsonl,procon_corpus.jsonl#L385
386,Should the Drinking Age Be Lowered from 21 to a Younger Age?,Whole Clean Corpus,19.987111155686836,2.9950876235961914,213,/m/home/home6/63/viljanj7/data/Desktop/dibaru/dibaru/data/procon_corpus.jsonl,procon_corpus.jsonl#L386
387,Should the Drinking Age Be Lowered from 21 to a Younger Age?,Whole Clean Corpus,27.273560140271545,3.305917739868164,284,/m/home/home6/63/viljanj7/data/Desktop/dibaru/dibaru/data/procon_corpus.jsonl,procon_corpus.jsonl#L387
388,Should the Drinking Age Be Lowered from 21 to a Younger Age?,Whole Clean Corpus,30.62405561877354,3.421785831451416,29,/m/home/home6/63/viljanj7/data/Desktop/dibaru/dibaru/data/procon_corpus.jsonl,procon_corpus.jsonl#L388
389,Should the Drinking Age Be Lowered from 21 to a Younger Age?,Whole Clean Corpus,18.575128371954506,2.921823501586914,68,/m/home/home6/63/viljanj7/data/Desktop/dibaru/dibaru/data/procon_corpus.jsonl,procon_corpus.jsonl#L389
390,Should the Drinking Age Be Lowered from 21 to a Younger Age?,Whole Clean Corpus,28.74175639966864,3.358350992202759,43,/m/home/home6/63/viljanj7/data/Desktop/dibaru/dibaru/data/procon_corpus.jsonl,procon_corpus.jsonl#L390
391,Should the Drinking Age Be Lowered from 21 to a Younger Age?,Whole Clean Corpus,36.9857168467392,3.610531806945801,43,/m/home/home6/63/viljanj7/data/Desktop/dibaru/dibaru/data/procon_corpus.jsonl,procon_corpus.jsonl#L391
392,Should the Drinking Age Be Lowered from 21 to a Younger Age?,Whole Clean Corpus,62.20761553075947,4.130477428436279,46,/m/home/home6/63/viljanj7/data/Desktop/dibaru/dibaru/data/procon_corpus.jsonl,procon_corpus.jsonl#L392
393,Should the Drinking Age Be Lowered from 21 to a Younger Age?,Whole Clean Corpus,47.44287690140419,3.8595263957977295,106,/m/home/home6/63/viljanj7/data/Desktop/dibaru/dibaru/data/procon_corpus.jsonl,procon_corpus.jsonl#L393
394,Should the Drinking Age Be Lowered from 21 to a Younger Age?,Whole Clean Corpus,16.417940221127868,2.798374652862549,49,/m/home/home6/63/viljanj7/data/Desktop/dibaru/dibaru/data/procon_corpus.jsonl,procon_corpus.jsonl#L394
395,Should the Drinking Age Be Lowered from 21 to a Younger Age?,Whole Clean Corpus,25.27659585141813,3.2298789024353027,49,/m/home/home6/63/viljanj7/data/Desktop/dibaru/dibaru/data/procon_corpus.jsonl,procon_corpus.jsonl#L395
396,Should the Drinking Age Be Lowered from 21 to a Younger Age?,Whole Clean Corpus,47.2843322686258,3.8561789989471436,77,/m/home/home6/63/viljanj7/data/Desktop/dibaru/dibaru/data/procon_corpus.jsonl,procon_corpus.jsonl#L396
397,Should the Drinking Age Be Lowered from 21 to a Younger Age?,Whole Clean Corpus,48.42432452027345,3.88000226020813,56,/m/home/home6/63/viljanj7/data/Desktop/dibaru/dibaru/data/procon_corpus.jsonl,procon_corpus.jsonl#L397
398,Should the Drinking Age Be Lowered from 21 to a Younger Age?,Whole Clean Corpus,42.52253173245731,3.7500340938568115,59,/m/home/home6/63/viljanj7/data/Desktop/dibaru/dibaru/data/procon_corpus.jsonl,procon_corpus.jsonl#L398
399,Should the Drinking Age Be Lowered from 21 to a Younger Age?,Whole Clean Corpus,49.388969317605245,3.8997271060943604,77,/m/home/home6/63/viljanj7/data/Desktop/dibaru/dibaru/data/procon_corpus.jsonl,procon_corpus.jsonl#L399
400,Should the Drinking Age Be Lowered from 21 to a Younger Age?,Whole Clean Corpus,40.2412618459582,3.6948928833007812,64,/m/home/home6/63/viljanj7/data/Desktop/dibaru/dibaru/data/procon_corpus.jsonl,procon_corpus.jsonl#L400
401,Should the Drinking Age Be Lowered from 21 to a Younger Age?,Whole Clean Corpus,28.247160169083205,3.3409929275512695,75,/m/home/home6/63/viljanj7/data/Desktop/dibaru/dibaru/data/procon_corpus.jsonl,procon_corpus.jsonl#L401
402,Should the Drinking Age Be Lowered from 21 to a Younger Age?,Whole Clean Corpus,27.80385193979513,3.325174570083618,110,/m/home/home6/63/viljanj7/data/Desktop/dibaru/dibaru/data/procon_corpus.jsonl,procon_corpus.jsonl#L402
403,Should the Drinking Age Be Lowered from 21 to a Younger Age?,Whole Clean Corpus,46.5009402245803,3.839472532272339,78,/m/home/home6/63/viljanj7/data/Desktop/dibaru/dibaru/data/procon_corpus.jsonl,procon_corpus.jsonl#L403
404,Should the Drinking Age Be Lowered from 21 to a Younger Age?,Whole Clean Corpus,17.80381305735068,2.8794126510620117,139,/m/home/home6/63/viljanj7/data/Desktop/dibaru/dibaru/data/procon_corpus.jsonl,procon_corpus.jsonl#L404
405,Should the Drinking Age Be Lowered from 21 to a Younger Age?,Whole Clean Corpus,58.04894009147214,4.061286449432373,79,/m/home/home6/63/viljanj7/data/Desktop/dibaru/dibaru/data/procon_corpus.jsonl,procon_corpus.jsonl#L405
406,Should the Drinking Age Be Lowered from 21 to a Younger Age?,Whole Clean Corpus,18.766128437029284,2.932053565979004,73,/m/home/home6/63/viljanj7/data/Desktop/dibaru/dibaru/data/procon_corpus.jsonl,procon_corpus.jsonl#L406
407,Should the Drinking Age Be Lowered from 21 to a Younger Age?,Whole Clean Corpus,37.62210770075078,3.627591848373413,81,/m/home/home6/63/viljanj7/data/Desktop/dibaru/dibaru/data/procon_corpus.jsonl,procon_corpus.jsonl#L407
408,Should the Drinking Age Be Lowered from 21 to a Younger Age?,Whole Clean Corpus,30.245806530006742,3.4093575477600098,117,/m/home/home6/63/viljanj7/data/Desktop/dibaru/dibaru/data/procon_corpus.jsonl,procon_corpus.jsonl#L408
409,Should the Drinking Age Be Lowered from 21 to a Younger Age?,Whole Clean Corpus,23.988793742307266,3.177586793899536,104,/m/home/home6/63/viljanj7/data/Desktop/dibaru/dibaru/data/procon_corpus.jsonl,procon_corpus.jsonl#L409
410,Should the United States Continue Its Use of Drone Strikes Abroad?,Whole Clean Corpus,46.36687406607121,3.836585283279419,252,/m/home/home6/63/viljanj7/data/Desktop/dibaru/dibaru/data/procon_corpus.jsonl,procon_corpus.jsonl#L410
411,Should the United States Continue Its Use of Drone Strikes Abroad?,Whole Clean Corpus,19.115491082536128,2.9504990577697754,303,/m/home/home6/63/viljanj7/data/Desktop/dibaru/dibaru/data/procon_corpus.jsonl,procon_corpus.jsonl#L411
412,Should the United States Continue Its Use of Drone Strikes Abroad?,Whole Clean Corpus,15.274828884071827,2.7262063026428223,258,/m/home/home6/63/viljanj7/data/Desktop/dibaru/dibaru/data/procon_corpus.jsonl,procon_corpus.jsonl#L412
413,Should the United States Continue Its Use of Drone Strikes Abroad?,Whole Clean Corpus,26.66839652834088,3.2834792137145996,263,/m/home/home6/63/viljanj7/data/Desktop/dibaru/dibaru/data/procon_corpus.jsonl,procon_corpus.jsonl#L413
414,Should the United States Continue Its Use of Drone Strikes Abroad?,Whole Clean Corpus,26.30448949475315,3.2697396278381348,171,/m/home/home6/63/viljanj7/data/Desktop/dibaru/dibaru/data/procon_corpus.jsonl,procon_corpus.jsonl#L414
415,Should the United States Continue Its Use of Drone Strikes Abroad?,Whole Clean Corpus,30.33948729562446,3.412450075149536,320,/m/home/home6/63/viljanj7/data/Desktop/dibaru/dibaru/data/procon_corpus.jsonl,procon_corpus.jsonl#L415
416,Should the United States Continue Its Use of Drone Strikes Abroad?,Whole Clean Corpus,35.49878742908931,3.5694985389709473,347,/m/home/home6/63/viljanj7/data/Desktop/dibaru/dibaru/data/procon_corpus.jsonl,procon_corpus.jsonl#L416
417,Should the United States Continue Its Use of Drone Strikes Abroad?,Whole Clean Corpus,53.936015851016826,3.9877984523773193,310,/m/home/home6/63/viljanj7/data/Desktop/dibaru/dibaru/data/procon_corpus.jsonl,procon_corpus.jsonl#L417
418,Should the United States Continue Its Use of Drone Strikes Abroad?,Whole Clean Corpus,37.49235047158319,3.6241369247436523,230,/m/home/home6/63/viljanj7/data/Desktop/dibaru/dibaru/data/procon_corpus.jsonl,procon_corpus.jsonl#L418
419,Should the United States Continue Its Use of Drone Strikes Abroad?,Whole Clean Corpus,22.38651474811194,3.1084587574005127,390,/m/home/home6/63/viljanj7/data/Desktop/dibaru/dibaru/data/procon_corpus.jsonl,procon_corpus.jsonl#L419
420,Should the United States Continue Its Use of Drone Strikes Abroad?,Whole Clean Corpus,20.35740851672637,3.0134449005126953,322,/m/home/home6/63/viljanj7/data/Desktop/dibaru/dibaru/data/procon_corpus.jsonl,procon_corpus.jsonl#L420
421,Should the United States Continue Its Use of Drone Strikes Abroad?,Whole Clean Corpus,28.11791580146495,3.336406946182251,214,/m/home/home6/63/viljanj7/data/Desktop/dibaru/dibaru/data/procon_corpus.jsonl,procon_corpus.jsonl#L421
422,Should the United States Continue Its Use of Drone Strikes Abroad?,Whole Clean Corpus,20.031272239947853,2.9972946643829346,293,/m/home/home6/63/viljanj7/data/Desktop/dibaru/dibaru/data/procon_corpus.jsonl,procon_corpus.jsonl#L422
423,Should the United States Continue Its Use of Drone Strikes Abroad?,Whole Clean Corpus,22.6263004965563,3.119112968444824,286,/m/home/home6/63/viljanj7/data/Desktop/dibaru/dibaru/data/procon_corpus.jsonl,procon_corpus.jsonl#L423
424,Should the United States Continue Its Use of Drone Strikes Abroad?,Whole Clean Corpus,24.855918753471247,3.2130959033966064,58,/m/home/home6/63/viljanj7/data/Desktop/dibaru/dibaru/data/procon_corpus.jsonl,procon_corpus.jsonl#L424
425,Should the United States Continue Its Use of Drone Strikes Abroad?,Whole Clean Corpus,38.83576396356044,3.65934157371521,72,/m/home/home6/63/viljanj7/data/Desktop/dibaru/dibaru/data/procon_corpus.jsonl,procon_corpus.jsonl#L425
426,Should the United States Continue Its Use of Drone Strikes Abroad?,Whole Clean Corpus,38.38756004458339,3.647733449935913,126,/m/home/home6/63/viljanj7/data/Desktop/dibaru/dibaru/data/procon_corpus.jsonl,procon_corpus.jsonl#L426
427,Should the United States Continue Its Use of Drone Strikes Abroad?,Whole Clean Corpus,30.403897529779762,3.4145708084106445,114,/m/home/home6/63/viljanj7/data/Desktop/dibaru/dibaru/data/procon_corpus.jsonl,procon_corpus.jsonl#L427
428,Should the United States Continue Its Use of Drone Strikes Abroad?,Whole Clean Corpus,26.632515699735475,3.282132863998413,150,/m/home/home6/63/viljanj7/data/Desktop/dibaru/dibaru/data/procon_corpus.jsonl,procon_corpus.jsonl#L428
429,Should the United States Continue Its Use of Drone Strikes Abroad?,Whole Clean Corpus,9.501200069260848,2.251418113708496,58,/m/home/home6/63/viljanj7/data/Desktop/dibaru/dibaru/data/procon_corpus.jsonl,procon_corpus.jsonl#L429
430,Should the United States Continue Its Use of Drone Strikes Abroad?,Whole Clean Corpus,17.710976851472065,2.8741846084594727,39,/m/home/home6/63/viljanj7/data/Desktop/dibaru/dibaru/data/procon_corpus.jsonl,procon_corpus.jsonl#L430
431,Should the United States Continue Its Use of Drone Strikes Abroad?,Whole Clean Corpus,39.198518182922086,3.6686389446258545,48,/m/home/home6/63/viljanj7/data/Desktop/dibaru/dibaru/data/procon_corpus.jsonl,procon_corpus.jsonl#L431
432,Should the United States Continue Its Use of Drone Strikes Abroad?,Whole Clean Corpus,66.29687875295183,4.194142818450928,48,/m/home/home6/63/viljanj7/data/Desktop/dibaru/dibaru/data/procon_corpus.jsonl,procon_corpus.jsonl#L432
433,Should the United States Continue Its Use of Drone Strikes Abroad?,Whole Clean Corpus,16.426616694796994,2.798902988433838,66,/m/home/home6/63/viljanj7/data/Desktop/dibaru/dibaru/data/procon_corpus.jsonl,procon_corpus.jsonl#L433
434,Should the United States Continue Its Use of Drone Strikes Abroad?,Whole Clean Corpus,15.940137715750277,2.7688403129577637,60,/m/home/home6/63/viljanj7/data/Desktop/dibaru/dibaru/data/procon_corpus.jsonl,procon_corpus.jsonl#L434
435,Should the United States Continue Its Use of Drone Strikes Abroad?,Whole Clean Corpus,31.10605475216929,3.4374024868011475,117,/m/home/home6/63/viljanj7/data/Desktop/dibaru/dibaru/data/procon_corpus.jsonl,procon_corpus.jsonl#L435
436,Should the United States Continue Its Use of Drone Strikes Abroad?,Whole Clean Corpus,25.138163985302324,3.2243871688842773,140,/m/home/home6/63/viljanj7/data/Desktop/dibaru/dibaru/data/procon_corpus.jsonl,procon_corpus.jsonl#L436
437,Should the United States Continue Its Use of Drone Strikes Abroad?,Whole Clean Corpus,24.595183956423735,3.2025506496429443,134,/m/home/home6/63/viljanj7/data/Desktop/dibaru/dibaru/data/procon_corpus.jsonl,procon_corpus.jsonl#L437
438,Should the United States Continue Its Use of Drone Strikes Abroad?,Whole Clean Corpus,26.46504445918877,3.275824785232544,78,/m/home/home6/63/viljanj7/data/Desktop/dibaru/dibaru/data/procon_corpus.jsonl,procon_corpus.jsonl#L438
439,Should the United States Continue Its Use of Drone Strikes Abroad?,Whole Clean Corpus,18.45204490877384,2.915175199508667,139,/m/home/home6/63/viljanj7/data/Desktop/dibaru/dibaru/data/procon_corpus.jsonl,procon_corpus.jsonl#L439
440,Should the United States Continue Its Use of Drone Strikes Abroad?,Whole Clean Corpus,35.22124045058073,3.5616493225097656,88,/m/home/home6/63/viljanj7/data/Desktop/dibaru/dibaru/data/procon_corpus.jsonl,procon_corpus.jsonl#L440
441,Should the United States Continue Its Use of Drone Strikes Abroad?,Whole Clean Corpus,46.60080532558065,3.8416178226470947,176,/m/home/home6/63/viljanj7/data/Desktop/dibaru/dibaru/data/procon_corpus.jsonl,procon_corpus.jsonl#L441
442,Should the United States Continue Its Use of Drone Strikes Abroad?,Whole Clean Corpus,26.616170274835675,3.2815189361572266,115,/m/home/home6/63/viljanj7/data/Desktop/dibaru/dibaru/data/procon_corpus.jsonl,procon_corpus.jsonl#L442
443,Should the United States Continue Its Use of Drone Strikes Abroad?,Whole Clean Corpus,41.3892633267461,3.7230215072631836,136,/m/home/home6/63/viljanj7/data/Desktop/dibaru/dibaru/data/procon_corpus.jsonl,procon_corpus.jsonl#L443
444,Should the United States Continue Its Use of Drone Strikes Abroad?,Whole Clean Corpus,37.1854192564755,3.6159167289733887,73,/m/home/home6/63/viljanj7/data/Desktop/dibaru/dibaru/data/procon_corpus.jsonl,procon_corpus.jsonl#L444
445,Should the United States Continue Its Use of Drone Strikes Abroad?,Whole Clean Corpus,36.742295814422576,3.603928565979004,136,/m/home/home6/63/viljanj7/data/Desktop/dibaru/dibaru/data/procon_corpus.jsonl,procon_corpus.jsonl#L445
446,Should the United States Continue Its Use of Drone Strikes Abroad?,Whole Clean Corpus,39.08678221133585,3.6657843589782715,99,/m/home/home6/63/viljanj7/data/Desktop/dibaru/dibaru/data/procon_corpus.jsonl,procon_corpus.jsonl#L446
447,Should the United States Continue Its Use of Drone Strikes Abroad?,Whole Clean Corpus,25.478748322628512,3.237844705581665,112,/m/home/home6/63/viljanj7/data/Desktop/dibaru/dibaru/data/procon_corpus.jsonl,procon_corpus.jsonl#L447
448,Should the United States Continue Its Use of Drone Strikes Abroad?,Whole Clean Corpus,66.89435002838847,4.2031145095825195,31,/m/home/home6/63/viljanj7/data/Desktop/dibaru/dibaru/data/procon_corpus.jsonl,procon_corpus.jsonl#L448
449,Should the United States Continue Its Use of Drone Strikes Abroad?,Whole Clean Corpus,56.05628191626202,4.026356220245361,83,/m/home/home6/63/viljanj7/data/Desktop/dibaru/dibaru/data/procon_corpus.jsonl,procon_corpus.jsonl#L449
450,Should the United States Continue Its Use of Drone Strikes Abroad?,Whole Clean Corpus,32.329790230059324,3.4759891033172607,84,/m/home/home6/63/viljanj7/data/Desktop/dibaru/dibaru/data/procon_corpus.jsonl,procon_corpus.jsonl#L450
451,Should the United States Continue Its Use of Drone Strikes Abroad?,Whole Clean Corpus,16.35489583960926,2.794527292251587,36,/m/home/home6/63/viljanj7/data/Desktop/dibaru/dibaru/data/procon_corpus.jsonl,procon_corpus.jsonl#L451
452,Should the United States Continue Its Use of Drone Strikes Abroad?,Whole Clean Corpus,65.40815182660724,4.180646896362305,119,/m/home/home6/63/viljanj7/data/Desktop/dibaru/dibaru/data/procon_corpus.jsonl,procon_corpus.jsonl#L452
453,Should the United States Continue Its Use of Drone Strikes Abroad?,Whole Clean Corpus,156.79530696028408,5.054941177368164,52,/m/home/home6/63/viljanj7/data/Desktop/dibaru/dibaru/data/procon_corpus.jsonl,procon_corpus.jsonl#L453
454,Should the United States Continue Its Use of Drone Strikes Abroad?,Whole Clean Corpus,73.84178069601852,4.301924705505371,103,/m/home/home6/63/viljanj7/data/Desktop/dibaru/dibaru/data/procon_corpus.jsonl,procon_corpus.jsonl#L454
455,Should the United States Continue Its Use of Drone Strikes Abroad?,Whole Clean Corpus,44.567523224972135,3.7970054149627686,174,/m/home/home6/63/viljanj7/data/Desktop/dibaru/dibaru/data/procon_corpus.jsonl,procon_corpus.jsonl#L455
456,Should the United States Continue Its Use of Drone Strikes Abroad?,Whole Clean Corpus,48.09250137489926,3.873126268386841,136,/m/home/home6/63/viljanj7/data/Desktop/dibaru/dibaru/data/procon_corpus.jsonl,procon_corpus.jsonl#L456
457,Should Performance-Enhancing Drugs and Technologies Be Allowed in Sports?,Whole Clean Corpus,36.810599982832166,3.605785846710205,246,/m/home/home6/63/viljanj7/data/Desktop/dibaru/dibaru/data/procon_corpus.jsonl,procon_corpus.jsonl#L457
458,Should Performance-Enhancing Drugs and Technologies Be Allowed in Sports?,Whole Clean Corpus,60.49221891588926,4.102514743804932,252,/m/home/home6/63/viljanj7/data/Desktop/dibaru/dibaru/data/procon_corpus.jsonl,procon_corpus.jsonl#L458
459,Should Performance-Enhancing Drugs and Technologies Be Allowed in Sports?,Whole Clean Corpus,43.09726094999375,3.7634594440460205,190,/m/home/home6/63/viljanj7/data/Desktop/dibaru/dibaru/data/procon_corpus.jsonl,procon_corpus.jsonl#L459
460,Should Performance-Enhancing Drugs and Technologies Be Allowed in Sports?,Whole Clean Corpus,25.367093356271276,3.233452796936035,300,/m/home/home6/63/viljanj7/data/Desktop/dibaru/dibaru/data/procon_corpus.jsonl,procon_corpus.jsonl#L460
461,Should Performance-Enhancing Drugs and Technologies Be Allowed in Sports?,Whole Clean Corpus,32.879052738497705,3.492835760116577,192,/m/home/home6/63/viljanj7/data/Desktop/dibaru/dibaru/data/procon_corpus.jsonl,procon_corpus.jsonl#L461
462,Should Performance-Enhancing Drugs and Technologies Be Allowed in Sports?,Whole Clean Corpus,22.95027930844772,3.1333301067352295,188,/m/home/home6/63/viljanj7/data/Desktop/dibaru/dibaru/data/procon_corpus.jsonl,procon_corpus.jsonl#L462
463,Should Performance-Enhancing Drugs and Technologies Be Allowed in Sports?,Whole Clean Corpus,34.077177287745485,3.528627872467041,179,/m/home/home6/63/viljanj7/data/Desktop/dibaru/dibaru/data/procon_corpus.jsonl,procon_corpus.jsonl#L463
464,Should Performance-Enhancing Drugs and Technologies Be Allowed in Sports?,Whole Clean Corpus,47.96434333388882,3.870457887649536,211,/m/home/home6/63/viljanj7/data/Desktop/dibaru/dibaru/data/procon_corpus.jsonl,procon_corpus.jsonl#L464
465,Should Performance-Enhancing Drugs and Technologies Be Allowed in Sports?,Whole Clean Corpus,53.07728544369525,3.9717490673065186,47,/m/home/home6/63/viljanj7/data/Desktop/dibaru/dibaru/data/procon_corpus.jsonl,procon_corpus.jsonl#L465
466,Should Performance-Enhancing Drugs and Technologies Be Allowed in Sports?,Whole Clean Corpus,52.80315032544797,3.9665708541870117,108,/m/home/home6/63/viljanj7/data/Desktop/dibaru/dibaru/data/procon_corpus.jsonl,procon_corpus.jsonl#L466
467,Should Performance-Enhancing Drugs and Technologies Be Allowed in Sports?,Whole Clean Corpus,56.935537582203544,4.041919708251953,84,/m/home/home6/63/viljanj7/data/Desktop/dibaru/dibaru/data/procon_corpus.jsonl,procon_corpus.jsonl#L467
468,Should Performance-Enhancing Drugs and Technologies Be Allowed in Sports?,Whole Clean Corpus,49.37692470792897,3.8994832038879395,105,/m/home/home6/63/viljanj7/data/Desktop/dibaru/dibaru/data/procon_corpus.jsonl,procon_corpus.jsonl#L468
469,Should Performance-Enhancing Drugs and Technologies Be Allowed in Sports?,Whole Clean Corpus,143.0701453954196,4.963335037231445,31,/m/home/home6/63/viljanj7/data/Desktop/dibaru/dibaru/data/procon_corpus.jsonl,procon_corpus.jsonl#L469
470,Should Performance-Enhancing Drugs and Technologies Be Allowed in Sports?,Whole Clean Corpus,34.22931652466864,3.5330824851989746,86,/m/home/home6/63/viljanj7/data/Desktop/dibaru/dibaru/data/procon_corpus.jsonl,procon_corpus.jsonl#L470
471,Should Performance-Enhancing Drugs and Technologies Be Allowed in Sports?,Whole Clean Corpus,48.40743675232608,3.8796534538269043,28,/m/home/home6/63/viljanj7/data/Desktop/dibaru/dibaru/data/procon_corpus.jsonl,procon_corpus.jsonl#L471
472,Should Performance-Enhancing Drugs and Technologies Be Allowed in Sports?,Whole Clean Corpus,34.59728878066369,3.5437753200531006,128,/m/home/home6/63/viljanj7/data/Desktop/dibaru/dibaru/data/procon_corpus.jsonl,procon_corpus.jsonl#L472
473,Should Performance-Enhancing Drugs and Technologies Be Allowed in Sports?,Whole Clean Corpus,29.57048352816771,3.3867766857147217,153,/m/home/home6/63/viljanj7/data/Desktop/dibaru/dibaru/data/procon_corpus.jsonl,procon_corpus.jsonl#L473
474,Should Performance-Enhancing Drugs and Technologies Be Allowed in Sports?,Whole Clean Corpus,60.87603065099973,4.108839511871338,77,/m/home/home6/63/viljanj7/data/Desktop/dibaru/dibaru/data/procon_corpus.jsonl,procon_corpus.jsonl#L474
475,Should Performance-Enhancing Drugs and Technologies Be Allowed in Sports?,Whole Clean Corpus,48.99707427684902,3.8917605876922607,86,/m/home/home6/63/viljanj7/data/Desktop/dibaru/dibaru/data/procon_corpus.jsonl,procon_corpus.jsonl#L475
476,Should Performance-Enhancing Drugs and Technologies Be Allowed in Sports?,Whole Clean Corpus,12.450222935363808,2.5217385292053223,97,/m/home/home6/63/viljanj7/data/Desktop/dibaru/dibaru/data/procon_corpus.jsonl,procon_corpus.jsonl#L476
477,Should Performance-Enhancing Drugs and Technologies Be Allowed in Sports?,Whole Clean Corpus,38.501372631815315,3.650693893432617,42,/m/home/home6/63/viljanj7/data/Desktop/dibaru/dibaru/data/procon_corpus.jsonl,procon_corpus.jsonl#L477
478,Should Performance-Enhancing Drugs and Technologies Be Allowed in Sports?,Whole Clean Corpus,84.1449488726427,4.4325408935546875,67,/m/home/home6/63/viljanj7/data/Desktop/dibaru/dibaru/data/procon_corpus.jsonl,procon_corpus.jsonl#L478
479,Should Performance-Enhancing Drugs and Technologies Be Allowed in Sports?,Whole Clean Corpus,61.52308204358097,4.119412422180176,76,/m/home/home6/63/viljanj7/data/Desktop/dibaru/dibaru/data/procon_corpus.jsonl,procon_corpus.jsonl#L479
480,Should Performance-Enhancing Drugs and Technologies Be Allowed in Sports?,Whole Clean Corpus,56.0042098960121,4.025426864624023,153,/m/home/home6/63/viljanj7/data/Desktop/dibaru/dibaru/data/procon_corpus.jsonl,procon_corpus.jsonl#L480
481,Should Performance-Enhancing Drugs and Technologies Be Allowed in Sports?,Whole Clean Corpus,35.79375980227634,3.5777735710144043,139,/m/home/home6/63/viljanj7/data/Desktop/dibaru/dibaru/data/procon_corpus.jsonl,procon_corpus.jsonl#L481
482,Should Performance-Enhancing Drugs and Technologies Be Allowed in Sports?,Whole Clean Corpus,59.864030049310536,4.092075824737549,110,/m/home/home6/63/viljanj7/data/Desktop/dibaru/dibaru/data/procon_corpus.jsonl,procon_corpus.jsonl#L482
483,Should Performance-Enhancing Drugs and Technologies Be Allowed in Sports?,Whole Clean Corpus,31.796790845623782,3.4593653678894043,119,/m/home/home6/63/viljanj7/data/Desktop/dibaru/dibaru/data/procon_corpus.jsonl,procon_corpus.jsonl#L483
484,Should Performance-Enhancing Drugs and Technologies Be Allowed in Sports?,Whole Clean Corpus,66.53014817607746,4.197655200958252,96,/m/home/home6/63/viljanj7/data/Desktop/dibaru/dibaru/data/procon_corpus.jsonl,procon_corpus.jsonl#L484
485,Should Performance-Enhancing Drugs and Technologies Be Allowed in Sports?,Whole Clean Corpus,35.32346728809863,3.564547538757324,161,/m/home/home6/63/viljanj7/data/Desktop/dibaru/dibaru/data/procon_corpus.jsonl,procon_corpus.jsonl#L485
486,Should Performance-Enhancing Drugs and Technologies Be Allowed in Sports?,Whole Clean Corpus,63.547869984843146,4.151793479919434,127,/m/home/home6/63/viljanj7/data/Desktop/dibaru/dibaru/data/procon_corpus.jsonl,procon_corpus.jsonl#L486
487,Should Performance-Enhancing Drugs and Technologies Be Allowed in Sports?,Whole Clean Corpus,72.03448112595466,4.277144908905029,100,/m/home/home6/63/viljanj7/data/Desktop/dibaru/dibaru/data/procon_corpus.jsonl,procon_corpus.jsonl#L487
488,Should Performance-Enhancing Drugs and Technologies Be Allowed in Sports?,Whole Clean Corpus,42.127097722421006,3.7406911849975586,95,/m/home/home6/63/viljanj7/data/Desktop/dibaru/dibaru/data/procon_corpus.jsonl,procon_corpus.jsonl#L488
489,Should Performance-Enhancing Drugs and Technologies Be Allowed in Sports?,Whole Clean Corpus,115.03532531110773,4.7452392578125,115,/m/home/home6/63/viljanj7/data/Desktop/dibaru/dibaru/data/procon_corpus.jsonl,procon_corpus.jsonl#L489
490,Should Performance-Enhancing Drugs and Technologies Be Allowed in Sports?,Whole Clean Corpus,53.01903029800289,3.9706509113311768,70,/m/home/home6/63/viljanj7/data/Desktop/dibaru/dibaru/data/procon_corpus.jsonl,procon_corpus.jsonl#L490
491,Should Performance-Enhancing Drugs and Technologies Be Allowed in Sports?,Whole Clean Corpus,31.06375152385595,3.4360415935516357,86,/m/home/home6/63/viljanj7/data/Desktop/dibaru/dibaru/data/procon_corpus.jsonl,procon_corpus.jsonl#L491
492,Should Performance-Enhancing Drugs and Technologies Be Allowed in Sports?,Whole Clean Corpus,23.216254033248358,3.144852638244629,105,/m/home/home6/63/viljanj7/data/Desktop/dibaru/dibaru/data/procon_corpus.jsonl,procon_corpus.jsonl#L492
493,Should Performance-Enhancing Drugs and Technologies Be Allowed in Sports?,Whole Clean Corpus,69.35615888053395,4.239254951477051,102,/m/home/home6/63/viljanj7/data/Desktop/dibaru/dibaru/data/procon_corpus.jsonl,procon_corpus.jsonl#L493
494,Should Performance-Enhancing Drugs and Technologies Be Allowed in Sports?,Whole Clean Corpus,32.529999138581424,3.4821627140045166,57,/m/home/home6/63/viljanj7/data/Desktop/dibaru/dibaru/data/procon_corpus.jsonl,procon_corpus.jsonl#L494
495,Should Performance-Enhancing Drugs and Technologies Be Allowed in Sports?,Whole Clean Corpus,23.258808752397584,3.146683931350708,85,/m/home/home6/63/viljanj7/data/Desktop/dibaru/dibaru/data/procon_corpus.jsonl,procon_corpus.jsonl#L495
496,Should Performance-Enhancing Drugs and Technologies Be Allowed in Sports?,Whole Clean Corpus,53.5311107783459,3.9802629947662354,100,/m/home/home6/63/viljanj7/data/Desktop/dibaru/dibaru/data/procon_corpus.jsonl,procon_corpus.jsonl#L496
497,Should Performance-Enhancing Drugs and Technologies Be Allowed in Sports?,Whole Clean Corpus,56.09039941488966,4.0269646644592285,191,/m/home/home6/63/viljanj7/data/Desktop/dibaru/dibaru/data/procon_corpus.jsonl,procon_corpus.jsonl#L497
498,Should the United States Use the Electoral College in Presidential Elections?,Whole Clean Corpus,38.650560667567696,3.6545612812042236,63,/m/home/home6/63/viljanj7/data/Desktop/dibaru/dibaru/data/procon_corpus.jsonl,procon_corpus.jsonl#L498
499,Should the United States Use the Electoral College in Presidential Elections?,Whole Clean Corpus,32.4268717925167,3.478987455368042,47,/m/home/home6/63/viljanj7/data/Desktop/dibaru/dibaru/data/procon_corpus.jsonl,procon_corpus.jsonl#L499
500,Should the United States Use the Electoral College in Presidential Elections?,Whole Clean Corpus,57.62203290213166,4.053905010223389,99,/m/home/home6/63/viljanj7/data/Desktop/dibaru/dibaru/data/procon_corpus.jsonl,procon_corpus.jsonl#L500
501,Should the United States Use the Electoral College in Presidential Elections?,Whole Clean Corpus,55.28358159377586,4.012475967407227,41,/m/home/home6/63/viljanj7/data/Desktop/dibaru/dibaru/data/procon_corpus.jsonl,procon_corpus.jsonl#L501
502,Should the United States Use the Electoral College in Presidential Elections?,Whole Clean Corpus,21.323620603329765,3.0598154067993164,64,/m/home/home6/63/viljanj7/data/Desktop/dibaru/dibaru/data/procon_corpus.jsonl,procon_corpus.jsonl#L502
503,Should the United States Use the Electoral College in Presidential Elections?,Whole Clean Corpus,26.969563900169188,3.2947089672088623,42,/m/home/home6/63/viljanj7/data/Desktop/dibaru/dibaru/data/procon_corpus.jsonl,procon_corpus.jsonl#L503
504,Should the United States Use the Electoral College in Presidential Elections?,Whole Clean Corpus,35.67378697146805,3.574416160583496,59,/m/home/home6/63/viljanj7/data/Desktop/dibaru/dibaru/data/procon_corpus.jsonl,procon_corpus.jsonl#L504
505,Should the United States Use the Electoral College in Presidential Elections?,Whole Clean Corpus,32.99892487228362,3.4964749813079834,96,/m/home/home6/63/viljanj7/data/Desktop/dibaru/dibaru/data/procon_corpus.jsonl,procon_corpus.jsonl#L505
506,Should the United States Use the Electoral College in Presidential Elections?,Whole Clean Corpus,53.14087496150646,3.9729464054107666,97,/m/home/home6/63/viljanj7/data/Desktop/dibaru/dibaru/data/procon_corpus.jsonl,procon_corpus.jsonl#L506
507,Should the United States Use the Electoral College in Presidential Elections?,Whole Clean Corpus,15.862819972298531,2.7639780044555664,32,/m/home/home6/63/viljanj7/data/Desktop/dibaru/dibaru/data/procon_corpus.jsonl,procon_corpus.jsonl#L507
508,Should the United States Use the Electoral College in Presidential Elections?,Whole Clean Corpus,22.743779021570177,3.1242916584014893,52,/m/home/home6/63/viljanj7/data/Desktop/dibaru/dibaru/data/procon_corpus.jsonl,procon_corpus.jsonl#L508
509,Should the United States Use the Electoral College in Presidential Elections?,Whole Clean Corpus,21.713185909494243,3.0779197216033936,85,/m/home/home6/63/viljanj7/data/Desktop/dibaru/dibaru/data/procon_corpus.jsonl,procon_corpus.jsonl#L509
510,Should the United States Use the Electoral College in Presidential Elections?,Whole Clean Corpus,20.625582477529683,3.0265321731567383,47,/m/home/home6/63/viljanj7/data/Desktop/dibaru/dibaru/data/procon_corpus.jsonl,procon_corpus.jsonl#L510
511,Should the United States Use the Electoral College in Presidential Elections?,Whole Clean Corpus,34.07656794577929,3.5286099910736084,31,/m/home/home6/63/viljanj7/data/Desktop/dibaru/dibaru/data/procon_corpus.jsonl,procon_corpus.jsonl#L511
512,Should the United States Use the Electoral College in Presidential Elections?,Whole Clean Corpus,16.575089000318112,2.807900905609131,69,/m/home/home6/63/viljanj7/data/Desktop/dibaru/dibaru/data/procon_corpus.jsonl,procon_corpus.jsonl#L512
513,Should the United States Use the Electoral College in Presidential Elections?,Whole Clean Corpus,19.06142018311432,2.9476664066314697,74,/m/home/home6/63/viljanj7/data/Desktop/dibaru/dibaru/data/procon_corpus.jsonl,procon_corpus.jsonl#L513
514,Should the United States Use the Electoral College in Presidential Elections?,Whole Clean Corpus,42.23056608900839,3.7431442737579346,86,/m/home/home6/63/viljanj7/data/Desktop/dibaru/dibaru/data/procon_corpus.jsonl,procon_corpus.jsonl#L514
515,Should the United States Use the Electoral College in Presidential Elections?,Whole Clean Corpus,64.00854622382037,4.1590166091918945,113,/m/home/home6/63/viljanj7/data/Desktop/dibaru/dibaru/data/procon_corpus.jsonl,procon_corpus.jsonl#L515
516,Should the United States Use the Electoral College in Presidential Elections?,Whole Clean Corpus,39.19007062118066,3.6684234142303467,214,/m/home/home6/63/viljanj7/data/Desktop/dibaru/dibaru/data/procon_corpus.jsonl,procon_corpus.jsonl#L516
517,Should the United States Use the Electoral College in Presidential Elections?,Whole Clean Corpus,38.962729060028494,3.6626055240631104,35,/m/home/home6/63/viljanj7/data/Desktop/dibaru/dibaru/data/procon_corpus.jsonl,procon_corpus.jsonl#L517
518,Should the United States Use the Electoral College in Presidential Elections?,Whole Clean Corpus,32.934992177705084,3.4945356845855713,89,/m/home/home6/63/viljanj7/data/Desktop/dibaru/dibaru/data/procon_corpus.jsonl,procon_corpus.jsonl#L518
519,Should the United States Use the Electoral College in Presidential Elections?,Whole Clean Corpus,86.2319524227003,4.457040786743164,58,/m/home/home6/63/viljanj7/data/Desktop/dibaru/dibaru/data/procon_corpus.jsonl,procon_corpus.jsonl#L519
520,Should the United States Use the Electoral College in Presidential Elections?,Whole Clean Corpus,28.33327240903832,3.344036817550659,108,/m/home/home6/63/viljanj7/data/Desktop/dibaru/dibaru/data/procon_corpus.jsonl,procon_corpus.jsonl#L520
521,Should the United States Use the Electoral College in Presidential Elections?,Whole Clean Corpus,39.18922970251705,3.6684019565582275,81,/m/home/home6/63/viljanj7/data/Desktop/dibaru/dibaru/data/procon_corpus.jsonl,procon_corpus.jsonl#L521
522,Should the United States Use the Electoral College in Presidential Elections?,Whole Clean Corpus,100.18585928915758,4.607027053833008,44,/m/home/home6/63/viljanj7/data/Desktop/dibaru/dibaru/data/procon_corpus.jsonl,procon_corpus.jsonl#L522
523,Should the US Senate Keep the Filibuster?,Whole Clean Corpus,52.93764864943672,3.9691147804260254,40,/m/home/home6/63/viljanj7/data/Desktop/dibaru/dibaru/data/procon_corpus.jsonl,procon_corpus.jsonl#L523
524,Should the US Senate Keep the Filibuster?,Whole Clean Corpus,34.359788114547065,3.5368869304656982,126,/m/home/home6/63/viljanj7/data/Desktop/dibaru/dibaru/data/procon_corpus.jsonl,procon_corpus.jsonl#L524
525,Should the US Senate Keep the Filibuster?,Whole Clean Corpus,39.29798849066675,3.671173334121704,174,/m/home/home6/63/viljanj7/data/Desktop/dibaru/dibaru/data/procon_corpus.jsonl,procon_corpus.jsonl#L525
526,Should the US Senate Keep the Filibuster?,Whole Clean Corpus,29.705101480101806,3.3913187980651855,105,/m/home/home6/63/viljanj7/data/Desktop/dibaru/dibaru/data/procon_corpus.jsonl,procon_corpus.jsonl#L526
527,Should the US Senate Keep the Filibuster?,Whole Clean Corpus,27.356091240215964,3.308939218521118,62,/m/home/home6/63/viljanj7/data/Desktop/dibaru/dibaru/data/procon_corpus.jsonl,procon_corpus.jsonl#L527
528,Should the US Senate Keep the Filibuster?,Whole Clean Corpus,30.81616995580979,3.42803955078125,40,/m/home/home6/63/viljanj7/data/Desktop/dibaru/dibaru/data/procon_corpus.jsonl,procon_corpus.jsonl#L528
529,Should the US Senate Keep the Filibuster?,Whole Clean Corpus,42.301699836624316,3.7448272705078125,229,/m/home/home6/63/viljanj7/data/Desktop/dibaru/dibaru/data/procon_corpus.jsonl,procon_corpus.jsonl#L529
530,Should the US Senate Keep the Filibuster?,Whole Clean Corpus,110.03720530662723,4.7008185386657715,62,/m/home/home6/63/viljanj7/data/Desktop/dibaru/dibaru/data/procon_corpus.jsonl,procon_corpus.jsonl#L530
531,Should the US Senate Keep the Filibuster?,Whole Clean Corpus,77.70803629140724,4.352958679199219,87,/m/home/home6/63/viljanj7/data/Desktop/dibaru/dibaru/data/procon_corpus.jsonl,procon_corpus.jsonl#L531
532,Should the US Senate Keep the Filibuster?,Whole Clean Corpus,39.753903000765035,3.6827080249786377,132,/m/home/home6/63/viljanj7/data/Desktop/dibaru/dibaru/data/procon_corpus.jsonl,procon_corpus.jsonl#L532
533,Should the US Senate Keep the Filibuster?,Whole Clean Corpus,56.45123513765361,4.033377170562744,142,/m/home/home6/63/viljanj7/data/Desktop/dibaru/dibaru/data/procon_corpus.jsonl,procon_corpus.jsonl#L533
534,Should the US Senate Keep the Filibuster?,Whole Clean Corpus,20.192986294338056,3.0053353309631348,63,/m/home/home6/63/viljanj7/data/Desktop/dibaru/dibaru/data/procon_corpus.jsonl,procon_corpus.jsonl#L534
535,Should the US Senate Keep the Filibuster?,Whole Clean Corpus,26.68170128668878,3.28397798538208,27,/m/home/home6/63/viljanj7/data/Desktop/dibaru/dibaru/data/procon_corpus.jsonl,procon_corpus.jsonl#L535
536,Should the US Senate Keep the Filibuster?,Whole Clean Corpus,36.101045666469425,3.5863218307495117,74,/m/home/home6/63/viljanj7/data/Desktop/dibaru/dibaru/data/procon_corpus.jsonl,procon_corpus.jsonl#L536
537,Should the US Senate Keep the Filibuster?,Whole Clean Corpus,17.021616588653917,2.834484100341797,94,/m/home/home6/63/viljanj7/data/Desktop/dibaru/dibaru/data/procon_corpus.jsonl,procon_corpus.jsonl#L537
538,Should the US Senate Keep the Filibuster?,Whole Clean Corpus,33.730921689534014,3.5184149742126465,186,/m/home/home6/63/viljanj7/data/Desktop/dibaru/dibaru/data/procon_corpus.jsonl,procon_corpus.jsonl#L538
539,Should the US Senate Keep the Filibuster?,Whole Clean Corpus,30.69195295893775,3.4240005016326904,120,/m/home/home6/63/viljanj7/data/Desktop/dibaru/dibaru/data/procon_corpus.jsonl,procon_corpus.jsonl#L539
540,Should the US Senate Keep the Filibuster?,Whole Clean Corpus,40.27932109101641,3.695838212966919,152,/m/home/home6/63/viljanj7/data/Desktop/dibaru/dibaru/data/procon_corpus.jsonl,procon_corpus.jsonl#L540
541,Should the US Senate Keep the Filibuster?,Whole Clean Corpus,39.053648526286366,3.6649363040924072,71,/m/home/home6/63/viljanj7/data/Desktop/dibaru/dibaru/data/procon_corpus.jsonl,procon_corpus.jsonl#L541
542,Should the US Senate Keep the Filibuster?,Whole Clean Corpus,40.64882307641989,3.704969882965088,81,/m/home/home6/63/viljanj7/data/Desktop/dibaru/dibaru/data/procon_corpus.jsonl,procon_corpus.jsonl#L542
543,Should the US Senate Keep the Filibuster?,Whole Clean Corpus,73.26975968361316,4.294147968292236,39,/m/home/home6/63/viljanj7/data/Desktop/dibaru/dibaru/data/procon_corpus.jsonl,procon_corpus.jsonl#L543
544,Should the US Senate Keep the Filibuster?,Whole Clean Corpus,38.96506077886,3.662665367126465,54,/m/home/home6/63/viljanj7/data/Desktop/dibaru/dibaru/data/procon_corpus.jsonl,procon_corpus.jsonl#L544
545,Should the US Senate Keep the Filibuster?,Whole Clean Corpus,35.82456335085109,3.5786337852478027,43,/m/home/home6/63/viljanj7/data/Desktop/dibaru/dibaru/data/procon_corpus.jsonl,procon_corpus.jsonl#L545
546,Should the US Senate Keep the Filibuster?,Whole Clean Corpus,31.52298531739473,3.450716972351074,41,/m/home/home6/63/viljanj7/data/Desktop/dibaru/dibaru/data/procon_corpus.jsonl,procon_corpus.jsonl#L546
547,Should the US Senate Keep the Filibuster?,Whole Clean Corpus,49.36900253432264,3.899322748184204,30,/m/home/home6/63/viljanj7/data/Desktop/dibaru/dibaru/data/procon_corpus.jsonl,procon_corpus.jsonl#L547
548,Should the US Senate Keep the Filibuster?,Whole Clean Corpus,40.78721923243278,3.7083687782287598,62,/m/home/home6/63/viljanj7/data/Desktop/dibaru/dibaru/data/procon_corpus.jsonl,procon_corpus.jsonl#L548
549,Should the US Senate Keep the Filibuster?,Whole Clean Corpus,57.30049865262242,4.048309326171875,67,/m/home/home6/63/viljanj7/data/Desktop/dibaru/dibaru/data/procon_corpus.jsonl,procon_corpus.jsonl#L549
550,Should Public College Be Tuition-Free?,Whole Clean Corpus,19.05893445080269,2.947535991668701,80,/m/home/home6/63/viljanj7/data/Desktop/dibaru/dibaru/data/procon_corpus.jsonl,procon_corpus.jsonl#L550
551,Should Public College Be Tuition-Free?,Whole Clean Corpus,41.71575311280631,3.7308788299560547,51,/m/home/home6/63/viljanj7/data/Desktop/dibaru/dibaru/data/procon_corpus.jsonl,procon_corpus.jsonl#L551
552,Should Public College Be Tuition-Free?,Whole Clean Corpus,23.119975922999718,3.1406970024108887,83,/m/home/home6/63/viljanj7/data/Desktop/dibaru/dibaru/data/procon_corpus.jsonl,procon_corpus.jsonl#L552
553,Should Public College Be Tuition-Free?,Whole Clean Corpus,13.123799875721573,2.574427366256714,144,/m/home/home6/63/viljanj7/data/Desktop/dibaru/dibaru/data/procon_corpus.jsonl,procon_corpus.jsonl#L553
554,Should Public College Be Tuition-Free?,Whole Clean Corpus,30.239836277006297,3.4091601371765137,49,/m/home/home6/63/viljanj7/data/Desktop/dibaru/dibaru/data/procon_corpus.jsonl,procon_corpus.jsonl#L554
555,Should Public College Be Tuition-Free?,Whole Clean Corpus,14.575746652087211,2.679358959197998,123,/m/home/home6/63/viljanj7/data/Desktop/dibaru/dibaru/data/procon_corpus.jsonl,procon_corpus.jsonl#L555
556,Should Public College Be Tuition-Free?,Whole Clean Corpus,19.528365276351895,2.9718680381774902,28,/m/home/home6/63/viljanj7/data/Desktop/dibaru/dibaru/data/procon_corpus.jsonl,procon_corpus.jsonl#L556
557,Should Public College Be Tuition-Free?,Whole Clean Corpus,41.390950783903584,3.72306227684021,49,/m/home/home6/63/viljanj7/data/Desktop/dibaru/dibaru/data/procon_corpus.jsonl,procon_corpus.jsonl#L557
558,Should Public College Be Tuition-Free?,Whole Clean Corpus,21.417089875440464,3.0641891956329346,107,/m/home/home6/63/viljanj7/data/Desktop/dibaru/dibaru/data/procon_corpus.jsonl,procon_corpus.jsonl#L558
559,Should Public College Be Tuition-Free?,Whole Clean Corpus,33.63581369103809,3.5155913829803467,105,/m/home/home6/63/viljanj7/data/Desktop/dibaru/dibaru/data/procon_corpus.jsonl,procon_corpus.jsonl#L559
560,Should Public College Be Tuition-Free?,Whole Clean Corpus,32.58647122586173,3.4838972091674805,33,/m/home/home6/63/viljanj7/data/Desktop/dibaru/dibaru/data/procon_corpus.jsonl,procon_corpus.jsonl#L560
561,Should Public College Be Tuition-Free?,Whole Clean Corpus,22.302880134217485,3.1047158241271973,89,/m/home/home6/63/viljanj7/data/Desktop/dibaru/dibaru/data/procon_corpus.jsonl,procon_corpus.jsonl#L561
562,Should Public College Be Tuition-Free?,Whole Clean Corpus,71.5950299645069,4.271025657653809,30,/m/home/home6/63/viljanj7/data/Desktop/dibaru/dibaru/data/procon_corpus.jsonl,procon_corpus.jsonl#L562
563,Should Public College Be Tuition-Free?,Whole Clean Corpus,34.68932553923718,3.5464320182800293,52,/m/home/home6/63/viljanj7/data/Desktop/dibaru/dibaru/data/procon_corpus.jsonl,procon_corpus.jsonl#L563
564,Should Public College Be Tuition-Free?,Whole Clean Corpus,36.055129870543816,3.5850491523742676,106,/m/home/home6/63/viljanj7/data/Desktop/dibaru/dibaru/data/procon_corpus.jsonl,procon_corpus.jsonl#L564
565,Should Public College Be Tuition-Free?,Whole Clean Corpus,21.029472411186575,3.0459249019622803,73,/m/home/home6/63/viljanj7/data/Desktop/dibaru/dibaru/data/procon_corpus.jsonl,procon_corpus.jsonl#L565
566,Should Public College Be Tuition-Free?,Whole Clean Corpus,26.79010948024689,3.2880327701568604,119,/m/home/home6/63/viljanj7/data/Desktop/dibaru/dibaru/data/procon_corpus.jsonl,procon_corpus.jsonl#L566
567,Should Public College Be Tuition-Free?,Whole Clean Corpus,55.59806632037382,4.018148422241211,55,/m/home/home6/63/viljanj7/data/Desktop/dibaru/dibaru/data/procon_corpus.jsonl,procon_corpus.jsonl#L567
568,Should Public College Be Tuition-Free?,Whole Clean Corpus,38.79982725282579,3.6584157943725586,91,/m/home/home6/63/viljanj7/data/Desktop/dibaru/dibaru/data/procon_corpus.jsonl,procon_corpus.jsonl#L568
569,Should Public College Be Tuition-Free?,Whole Clean Corpus,43.65847697094326,3.776397466659546,65,/m/home/home6/63/viljanj7/data/Desktop/dibaru/dibaru/data/procon_corpus.jsonl,procon_corpus.jsonl#L569
570,Should Public College Be Tuition-Free?,Whole Clean Corpus,118.61191814079199,4.775856971740723,61,/m/home/home6/63/viljanj7/data/Desktop/dibaru/dibaru/data/procon_corpus.jsonl,procon_corpus.jsonl#L570
571,Should Fur Clothing Be Banned?,Whole Clean Corpus,75.66151377597673,4.326269626617432,80,/m/home/home6/63/viljanj7/data/Desktop/dibaru/dibaru/data/procon_corpus.jsonl,procon_corpus.jsonl#L571
572,Should Fur Clothing Be Banned?,Whole Clean Corpus,39.557803629443725,3.677762985229492,80,/m/home/home6/63/viljanj7/data/Desktop/dibaru/dibaru/data/procon_corpus.jsonl,procon_corpus.jsonl#L572
573,Should Fur Clothing Be Banned?,Whole Clean Corpus,44.64450926877263,3.7987313270568848,52,/m/home/home6/63/viljanj7/data/Desktop/dibaru/dibaru/data/procon_corpus.jsonl,procon_corpus.jsonl#L573
574,Should Fur Clothing Be Banned?,Whole Clean Corpus,52.80991118660092,3.9666988849639893,81,/m/home/home6/63/viljanj7/data/Desktop/dibaru/dibaru/data/procon_corpus.jsonl,procon_corpus.jsonl#L574
575,Should Fur Clothing Be Banned?,Whole Clean Corpus,46.28955553400311,3.834916353225708,109,/m/home/home6/63/viljanj7/data/Desktop/dibaru/dibaru/data/procon_corpus.jsonl,procon_corpus.jsonl#L575
576,Should Fur Clothing Be Banned?,Whole Clean Corpus,93.06707101622847,4.533320426940918,39,/m/home/home6/63/viljanj7/data/Desktop/dibaru/dibaru/data/procon_corpus.jsonl,procon_corpus.jsonl#L576
577,Should Fur Clothing Be Banned?,Whole Clean Corpus,58.78957808805438,4.073964595794678,60,/m/home/home6/63/viljanj7/data/Desktop/dibaru/dibaru/data/procon_corpus.jsonl,procon_corpus.jsonl#L577
578,Should Fur Clothing Be Banned?,Whole Clean Corpus,56.561922847594,4.035336017608643,69,/m/home/home6/63/viljanj7/data/Desktop/dibaru/dibaru/data/procon_corpus.jsonl,procon_corpus.jsonl#L578
579,Should Fur Clothing Be Banned?,Whole Clean Corpus,26.53372048416111,3.278416395187378,89,/m/home/home6/63/viljanj7/data/Desktop/dibaru/dibaru/data/procon_corpus.jsonl,procon_corpus.jsonl#L579
580,Should Fur Clothing Be Banned?,Whole Clean Corpus,27.226626340312187,3.3041954040527344,96,/m/home/home6/63/viljanj7/data/Desktop/dibaru/dibaru/data/procon_corpus.jsonl,procon_corpus.jsonl#L580
581,Should Fur Clothing Be Banned?,Whole Clean Corpus,41.868092093762186,3.7345240116119385,96,/m/home/home6/63/viljanj7/data/Desktop/dibaru/dibaru/data/procon_corpus.jsonl,procon_corpus.jsonl#L581
582,Should Fur Clothing Be Banned?,Whole Clean Corpus,45.139285427818955,3.809752941131592,128,/m/home/home6/63/viljanj7/data/Desktop/dibaru/dibaru/data/procon_corpus.jsonl,procon_corpus.jsonl#L582
583,Should Fur Clothing Be Banned?,Whole Clean Corpus,25.276818829574122,3.2298877239227295,73,/m/home/home6/63/viljanj7/data/Desktop/dibaru/dibaru/data/procon_corpus.jsonl,procon_corpus.jsonl#L583
584,Should Fur Clothing Be Banned?,Whole Clean Corpus,131.37352546289637,4.878044605255127,58,/m/home/home6/63/viljanj7/data/Desktop/dibaru/dibaru/data/procon_corpus.jsonl,procon_corpus.jsonl#L584
585,Should Fur Clothing Be Banned?,Whole Clean Corpus,27.008255489095358,3.296142578125,80,/m/home/home6/63/viljanj7/data/Desktop/dibaru/dibaru/data/procon_corpus.jsonl,procon_corpus.jsonl#L585
586,Should Fur Clothing Be Banned?,Whole Clean Corpus,69.91779362695993,4.247320175170898,150,/m/home/home6/63/viljanj7/data/Desktop/dibaru/dibaru/data/procon_corpus.jsonl,procon_corpus.jsonl#L586
587,Should Fur Clothing Be Banned?,Whole Clean Corpus,86.54506197526918,4.460665225982666,72,/m/home/home6/63/viljanj7/data/Desktop/dibaru/dibaru/data/procon_corpus.jsonl,procon_corpus.jsonl#L587
588,Should Fur Clothing Be Banned?,Whole Clean Corpus,51.03315741502491,3.9324755668640137,97,/m/home/home6/63/viljanj7/data/Desktop/dibaru/dibaru/data/procon_corpus.jsonl,procon_corpus.jsonl#L588
589,Should Fur Clothing Be Banned?,Whole Clean Corpus,27.811158007811386,3.325437307357788,63,/m/home/home6/63/viljanj7/data/Desktop/dibaru/dibaru/data/procon_corpus.jsonl,procon_corpus.jsonl#L589
590,Should Fur Clothing Be Banned?,Whole Clean Corpus,88.26021671273278,4.480289459228516,66,/m/home/home6/63/viljanj7/data/Desktop/dibaru/dibaru/data/procon_corpus.jsonl,procon_corpus.jsonl#L590
591,Should Fur Clothing Be Banned?,Whole Clean Corpus,32.61769513288449,3.4848549365997314,106,/m/home/home6/63/viljanj7/data/Desktop/dibaru/dibaru/data/procon_corpus.jsonl,procon_corpus.jsonl#L591
592,Should Fur Clothing Be Banned?,Whole Clean Corpus,62.47482762736148,4.134763717651367,91,/m/home/home6/63/viljanj7/data/Desktop/dibaru/dibaru/data/procon_corpus.jsonl,procon_corpus.jsonl#L592
593,Should Fur Clothing Be Banned?,Whole Clean Corpus,31.739280796253954,3.457555055618286,56,/m/home/home6/63/viljanj7/data/Desktop/dibaru/dibaru/data/procon_corpus.jsonl,procon_corpus.jsonl#L593
594,Should Fur Clothing Be Banned?,Whole Clean Corpus,42.07021747332275,3.73934006690979,72,/m/home/home6/63/viljanj7/data/Desktop/dibaru/dibaru/data/procon_corpus.jsonl,procon_corpus.jsonl#L594
595,Should Fur Clothing Be Banned?,Whole Clean Corpus,45.4057514340896,3.815638780593872,114,/m/home/home6/63/viljanj7/data/Desktop/dibaru/dibaru/data/procon_corpus.jsonl,procon_corpus.jsonl#L595
596,Should Fur Clothing Be Banned?,Whole Clean Corpus,27.445532583234723,3.3122034072875977,63,/m/home/home6/63/viljanj7/data/Desktop/dibaru/dibaru/data/procon_corpus.jsonl,procon_corpus.jsonl#L596
597,Should Fur Clothing Be Banned?,Whole Clean Corpus,67.00100521772707,4.204707622528076,82,/m/home/home6/63/viljanj7/data/Desktop/dibaru/dibaru/data/procon_corpus.jsonl,procon_corpus.jsonl#L597
598,Should Fur Clothing Be Banned?,Whole Clean Corpus,86.15267111277267,4.45612096786499,109,/m/home/home6/63/viljanj7/data/Desktop/dibaru/dibaru/data/procon_corpus.jsonl,procon_corpus.jsonl#L598
599,Should Fur Clothing Be Banned?,Whole Clean Corpus,36.53909237450513,3.5983827114105225,64,/m/home/home6/63/viljanj7/data/Desktop/dibaru/dibaru/data/procon_corpus.jsonl,procon_corpus.jsonl#L599
600,Should Fur Clothing Be Banned?,Whole Clean Corpus,42.44192873210973,3.7481367588043213,59,/m/home/home6/63/viljanj7/data/Desktop/dibaru/dibaru/data/procon_corpus.jsonl,procon_corpus.jsonl#L600
601,Should Fur Clothing Be Banned?,Whole Clean Corpus,62.304510628908304,4.132033824920654,75,/m/home/home6/63/viljanj7/data/Desktop/dibaru/dibaru/data/procon_corpus.jsonl,procon_corpus.jsonl#L601
602,Should Fur Clothing Be Banned?,Whole Clean Corpus,59.42119573927209,4.084650993347168,92,/m/home/home6/63/viljanj7/data/Desktop/dibaru/dibaru/data/procon_corpus.jsonl,procon_corpus.jsonl#L602
603,Should Fur Clothing Be Banned?,Whole Clean Corpus,75.57248906296591,4.325092315673828,98,/m/home/home6/63/viljanj7/data/Desktop/dibaru/dibaru/data/procon_corpus.jsonl,procon_corpus.jsonl#L603
604,Should Genetically Modified Organisms (GMOs) Be Grown?,Whole Clean Corpus,45.584551327967,3.8195688724517822,88,/m/home/home6/63/viljanj7/data/Desktop/dibaru/dibaru/data/procon_corpus.jsonl,procon_corpus.jsonl#L604
605,Should Genetically Modified Organisms (GMOs) Be Grown?,Whole Clean Corpus,44.81590911066511,3.802563190460205,77,/m/home/home6/63/viljanj7/data/Desktop/dibaru/dibaru/data/procon_corpus.jsonl,procon_corpus.jsonl#L605
606,Should Genetically Modified Organisms (GMOs) Be Grown?,Whole Clean Corpus,33.317833253869814,3.5060927867889404,46,/m/home/home6/63/viljanj7/data/Desktop/dibaru/dibaru/data/procon_corpus.jsonl,procon_corpus.jsonl#L606
607,Should Genetically Modified Organisms (GMOs) Be Grown?,Whole Clean Corpus,54.38177822031015,3.9960291385650635,55,/m/home/home6/63/viljanj7/data/Desktop/dibaru/dibaru/data/procon_corpus.jsonl,procon_corpus.jsonl#L607
608,Should Genetically Modified Organisms (GMOs) Be Grown?,Whole Clean Corpus,22.54077582037812,3.115325927734375,86,/m/home/home6/63/viljanj7/data/Desktop/dibaru/dibaru/data/procon_corpus.jsonl,procon_corpus.jsonl#L608
609,Should Genetically Modified Organisms (GMOs) Be Grown?,Whole Clean Corpus,29.095548884160404,3.3705852031707764,81,/m/home/home6/63/viljanj7/data/Desktop/dibaru/dibaru/data/procon_corpus.jsonl,procon_corpus.jsonl#L609
610,Should Genetically Modified Organisms (GMOs) Be Grown?,Whole Clean Corpus,30.716073699522298,3.42478609085083,82,/m/home/home6/63/viljanj7/data/Desktop/dibaru/dibaru/data/procon_corpus.jsonl,procon_corpus.jsonl#L610
611,Should Genetically Modified Organisms (GMOs) Be Grown?,Whole Clean Corpus,12.8423456533377,2.552747964859009,106,/m/home/home6/63/viljanj7/data/Desktop/dibaru/dibaru/data/procon_corpus.jsonl,procon_corpus.jsonl#L611
612,Should Genetically Modified Organisms (GMOs) Be Grown?,Whole Clean Corpus,23.505505462962557,3.1572346687316895,42,/m/home/home6/63/viljanj7/data/Desktop/dibaru/dibaru/data/procon_corpus.jsonl,procon_corpus.jsonl#L612
613,Should Genetically Modified Organisms (GMOs) Be Grown?,Whole Clean Corpus,21.052769472074463,3.047032117843628,144,/m/home/home6/63/viljanj7/data/Desktop/dibaru/dibaru/data/procon_corpus.jsonl,procon_corpus.jsonl#L613
614,Should Genetically Modified Organisms (GMOs) Be Grown?,Whole Clean Corpus,27.10180586574085,3.29960036277771,112,/m/home/home6/63/viljanj7/data/Desktop/dibaru/dibaru/data/procon_corpus.jsonl,procon_corpus.jsonl#L614
615,Should Genetically Modified Organisms (GMOs) Be Grown?,Whole Clean Corpus,31.210338646937444,3.440749406814575,80,/m/home/home6/63/viljanj7/data/Desktop/dibaru/dibaru/data/procon_corpus.jsonl,procon_corpus.jsonl#L615
616,Should Genetically Modified Organisms (GMOs) Be Grown?,Whole Clean Corpus,34.91289366239431,3.552856206893921,46,/m/home/home6/63/viljanj7/data/Desktop/dibaru/dibaru/data/procon_corpus.jsonl,procon_corpus.jsonl#L616
617,Should Genetically Modified Organisms (GMOs) Be Grown?,Whole Clean Corpus,68.55908593918487,4.227695941925049,65,/m/home/home6/63/viljanj7/data/Desktop/dibaru/dibaru/data/procon_corpus.jsonl,procon_corpus.jsonl#L617
618,Should Genetically Modified Organisms (GMOs) Be Grown?,Whole Clean Corpus,38.37540770413326,3.647416830062866,97,/m/home/home6/63/viljanj7/data/Desktop/dibaru/dibaru/data/procon_corpus.jsonl,procon_corpus.jsonl#L618
619,Should Genetically Modified Organisms (GMOs) Be Grown?,Whole Clean Corpus,90.64245684346173,4.506922721862793,73,/m/home/home6/63/viljanj7/data/Desktop/dibaru/dibaru/data/procon_corpus.jsonl,procon_corpus.jsonl#L619
620,Should Genetically Modified Organisms (GMOs) Be Grown?,Whole Clean Corpus,22.22319239422888,3.1011364459991455,69,/m/home/home6/63/viljanj7/data/Desktop/dibaru/dibaru/data/procon_corpus.jsonl,procon_corpus.jsonl#L620
621,Should Genetically Modified Organisms (GMOs) Be Grown?,Whole Clean Corpus,37.21994055483713,3.616844654083252,61,/m/home/home6/63/viljanj7/data/Desktop/dibaru/dibaru/data/procon_corpus.jsonl,procon_corpus.jsonl#L621
622,Should Genetically Modified Organisms (GMOs) Be Grown?,Whole Clean Corpus,26.26378776062204,3.26819109916687,102,/m/home/home6/63/viljanj7/data/Desktop/dibaru/dibaru/data/procon_corpus.jsonl,procon_corpus.jsonl#L622
623,Should Genetically Modified Organisms (GMOs) Be Grown?,Whole Clean Corpus,33.79692317914629,3.5203697681427,101,/m/home/home6/63/viljanj7/data/Desktop/dibaru/dibaru/data/procon_corpus.jsonl,procon_corpus.jsonl#L623
624,Should Genetically Modified Organisms (GMOs) Be Grown?,Whole Clean Corpus,65.08638883458825,4.175715446472168,45,/m/home/home6/63/viljanj7/data/Desktop/dibaru/dibaru/data/procon_corpus.jsonl,procon_corpus.jsonl#L624
625,Should Genetically Modified Organisms (GMOs) Be Grown?,Whole Clean Corpus,52.54637683371521,3.961696147918701,153,/m/home/home6/63/viljanj7/data/Desktop/dibaru/dibaru/data/procon_corpus.jsonl,procon_corpus.jsonl#L625
626,Should the United States Return to a Gold Standard?,Whole Clean Corpus,49.731551760917554,3.906639575958252,344,/m/home/home6/63/viljanj7/data/Desktop/dibaru/dibaru/data/procon_corpus.jsonl,procon_corpus.jsonl#L626
627,Should the United States Return to a Gold Standard?,Whole Clean Corpus,38.43717928770738,3.6490252017974854,373,/m/home/home6/63/viljanj7/data/Desktop/dibaru/dibaru/data/procon_corpus.jsonl,procon_corpus.jsonl#L627
628,Should the United States Return to a Gold Standard?,Whole Clean Corpus,47.07247263306,3.8516883850097656,249,/m/home/home6/63/viljanj7/data/Desktop/dibaru/dibaru/data/procon_corpus.jsonl,procon_corpus.jsonl#L628
629,Should the United States Return to a Gold Standard?,Whole Clean Corpus,29.977522338867598,3.4004478454589844,247,/m/home/home6/63/viljanj7/data/Desktop/dibaru/dibaru/data/procon_corpus.jsonl,procon_corpus.jsonl#L629
630,Should the United States Return to a Gold Standard?,Whole Clean Corpus,31.466420620679315,3.448920965194702,103,/m/home/home6/63/viljanj7/data/Desktop/dibaru/dibaru/data/procon_corpus.jsonl,procon_corpus.jsonl#L630
631,Should the United States Return to a Gold Standard?,Whole Clean Corpus,35.78486005393605,3.5775249004364014,334,/m/home/home6/63/viljanj7/data/Desktop/dibaru/dibaru/data/procon_corpus.jsonl,procon_corpus.jsonl#L631
632,Should the United States Return to a Gold Standard?,Whole Clean Corpus,47.31897703366726,3.8569114208221436,276,/m/home/home6/63/viljanj7/data/Desktop/dibaru/dibaru/data/procon_corpus.jsonl,procon_corpus.jsonl#L632
633,Should the United States Return to a Gold Standard?,Whole Clean Corpus,38.95414656424545,3.6623852252960205,343,/m/home/home6/63/viljanj7/data/Desktop/dibaru/dibaru/data/procon_corpus.jsonl,procon_corpus.jsonl#L633
634,Should the United States Return to a Gold Standard?,Whole Clean Corpus,33.959047245843855,3.5251553058624268,292,/m/home/home6/63/viljanj7/data/Desktop/dibaru/dibaru/data/procon_corpus.jsonl,procon_corpus.jsonl#L634
635,Should the United States Return to a Gold Standard?,Whole Clean Corpus,33.85579644257346,3.5221102237701416,384,/m/home/home6/63/viljanj7/data/Desktop/dibaru/dibaru/data/procon_corpus.jsonl,procon_corpus.jsonl#L635
636,Should the United States Return to a Gold Standard?,Whole Clean Corpus,27.70413284089977,3.3215816020965576,272,/m/home/home6/63/viljanj7/data/Desktop/dibaru/dibaru/data/procon_corpus.jsonl,procon_corpus.jsonl#L636
637,Should the United States Return to a Gold Standard?,Whole Clean Corpus,23.793481562617014,3.1694116592407227,379,/m/home/home6/63/viljanj7/data/Desktop/dibaru/dibaru/data/procon_corpus.jsonl,procon_corpus.jsonl#L637
638,Should the United States Return to a Gold Standard?,Whole Clean Corpus,41.670077137521936,3.729783296585083,182,/m/home/home6/63/viljanj7/data/Desktop/dibaru/dibaru/data/procon_corpus.jsonl,procon_corpus.jsonl#L638
639,Should the United States Return to a Gold Standard?,Whole Clean Corpus,23.03321124116503,3.136937141418457,407,/m/home/home6/63/viljanj7/data/Desktop/dibaru/dibaru/data/procon_corpus.jsonl,procon_corpus.jsonl#L639
640,Should the United States Return to a Gold Standard?,Whole Clean Corpus,34.445263210177615,3.5393714904785156,211,/m/home/home6/63/viljanj7/data/Desktop/dibaru/dibaru/data/procon_corpus.jsonl,procon_corpus.jsonl#L640
641,Should the United States Return to a Gold Standard?,Whole Clean Corpus,24.38319457000452,3.193894147872925,184,/m/home/home6/63/viljanj7/data/Desktop/dibaru/dibaru/data/procon_corpus.jsonl,procon_corpus.jsonl#L641
642,Should the United States Return to a Gold Standard?,Whole Clean Corpus,22.648056301357904,3.1200740337371826,353,/m/home/home6/63/viljanj7/data/Desktop/dibaru/dibaru/data/procon_corpus.jsonl,procon_corpus.jsonl#L642
643,Should the United States Return to a Gold Standard?,Whole Clean Corpus,19.545301559906854,2.9727349281311035,435,/m/home/home6/63/viljanj7/data/Desktop/dibaru/dibaru/data/procon_corpus.jsonl,procon_corpus.jsonl#L643
644,Should the United States Return to a Gold Standard?,Whole Clean Corpus,29.569221577768744,3.3867340087890625,342,/m/home/home6/63/viljanj7/data/Desktop/dibaru/dibaru/data/procon_corpus.jsonl,procon_corpus.jsonl#L644
645,Should the United States Return to a Gold Standard?,Whole Clean Corpus,27.521280067443485,3.3149595260620117,268,/m/home/home6/63/viljanj7/data/Desktop/dibaru/dibaru/data/procon_corpus.jsonl,procon_corpus.jsonl#L645
646,Should the United States Return to a Gold Standard?,Whole Clean Corpus,35.59509785605831,3.5722079277038574,125,/m/home/home6/63/viljanj7/data/Desktop/dibaru/dibaru/data/procon_corpus.jsonl,procon_corpus.jsonl#L646
647,Should the United States Return to a Gold Standard?,Whole Clean Corpus,40.00460794373199,3.6889946460723877,118,/m/home/home6/63/viljanj7/data/Desktop/dibaru/dibaru/data/procon_corpus.jsonl,procon_corpus.jsonl#L647
648,Should the United States Return to a Gold Standard?,Whole Clean Corpus,18.00467912890106,2.890631675720215,99,/m/home/home6/63/viljanj7/data/Desktop/dibaru/dibaru/data/procon_corpus.jsonl,procon_corpus.jsonl#L648
649,Should the United States Return to a Gold Standard?,Whole Clean Corpus,18.805641313365943,2.934156894683838,60,/m/home/home6/63/viljanj7/data/Desktop/dibaru/dibaru/data/procon_corpus.jsonl,procon_corpus.jsonl#L649
650,Should the United States Return to a Gold Standard?,Whole Clean Corpus,38.40064092023251,3.648074150085449,120,/m/home/home6/63/viljanj7/data/Desktop/dibaru/dibaru/data/procon_corpus.jsonl,procon_corpus.jsonl#L650
651,Should the United States Return to a Gold Standard?,Whole Clean Corpus,16.161881528328415,2.7826554775238037,61,/m/home/home6/63/viljanj7/data/Desktop/dibaru/dibaru/data/procon_corpus.jsonl,procon_corpus.jsonl#L651
652,Should the United States Return to a Gold Standard?,Whole Clean Corpus,30.279313713760814,3.4104647636413574,61,/m/home/home6/63/viljanj7/data/Desktop/dibaru/dibaru/data/procon_corpus.jsonl,procon_corpus.jsonl#L652
653,Should the United States Return to a Gold Standard?,Whole Clean Corpus,34.4843023846301,3.540504217147827,17,/m/home/home6/63/viljanj7/data/Desktop/dibaru/dibaru/data/procon_corpus.jsonl,procon_corpus.jsonl#L653
654,Should the United States Return to a Gold Standard?,Whole Clean Corpus,34.038144552368465,3.5274817943573,68,/m/home/home6/63/viljanj7/data/Desktop/dibaru/dibaru/data/procon_corpus.jsonl,procon_corpus.jsonl#L654
655,Should the United States Return to a Gold Standard?,Whole Clean Corpus,58.13417363124212,4.062753677368164,97,/m/home/home6/63/viljanj7/data/Desktop/dibaru/dibaru/data/procon_corpus.jsonl,procon_corpus.jsonl#L655
656,Should the United States Return to a Gold Standard?,Whole Clean Corpus,21.71029225607062,3.077786445617676,104,/m/home/home6/63/viljanj7/data/Desktop/dibaru/dibaru/data/procon_corpus.jsonl,procon_corpus.jsonl#L656
657,Should the United States Return to a Gold Standard?,Whole Clean Corpus,22.118356847317717,3.096407890319824,53,/m/home/home6/63/viljanj7/data/Desktop/dibaru/dibaru/data/procon_corpus.jsonl,procon_corpus.jsonl#L657
658,Should the United States Return to a Gold Standard?,Whole Clean Corpus,21.76273281919714,3.0801990032196045,54,/m/home/home6/63/viljanj7/data/Desktop/dibaru/dibaru/data/procon_corpus.jsonl,procon_corpus.jsonl#L658
659,Should the United States Return to a Gold Standard?,Whole Clean Corpus,26.662846361391292,3.283271074295044,57,/m/home/home6/63/viljanj7/data/Desktop/dibaru/dibaru/data/procon_corpus.jsonl,procon_corpus.jsonl#L659
660,Should the United States Return to a Gold Standard?,Whole Clean Corpus,14.222062478994005,2.654794454574585,79,/m/home/home6/63/viljanj7/data/Desktop/dibaru/dibaru/data/procon_corpus.jsonl,procon_corpus.jsonl#L660
661,Should the United States Return to a Gold Standard?,Whole Clean Corpus,32.869122254550575,3.4925336837768555,131,/m/home/home6/63/viljanj7/data/Desktop/dibaru/dibaru/data/procon_corpus.jsonl,procon_corpus.jsonl#L661
662,Should the United States Return to a Gold Standard?,Whole Clean Corpus,113.99358313357784,4.736142158508301,60,/m/home/home6/63/viljanj7/data/Desktop/dibaru/dibaru/data/procon_corpus.jsonl,procon_corpus.jsonl#L662
663,Should the United States Return to a Gold Standard?,Whole Clean Corpus,37.125296442606825,3.6142985820770264,102,/m/home/home6/63/viljanj7/data/Desktop/dibaru/dibaru/data/procon_corpus.jsonl,procon_corpus.jsonl#L663
664,Should the United States Return to a Gold Standard?,Whole Clean Corpus,26.565065989884527,3.279597043991089,18,/m/home/home6/63/viljanj7/data/Desktop/dibaru/dibaru/data/procon_corpus.jsonl,procon_corpus.jsonl#L664
665,Should the United States Return to a Gold Standard?,Whole Clean Corpus,11.795961475312952,2.467757225036621,88,/m/home/home6/63/viljanj7/data/Desktop/dibaru/dibaru/data/procon_corpus.jsonl,procon_corpus.jsonl#L665
666,Should the United States Return to a Gold Standard?,Whole Clean Corpus,26.11517954374899,3.262516736984253,40,/m/home/home6/63/viljanj7/data/Desktop/dibaru/dibaru/data/procon_corpus.jsonl,procon_corpus.jsonl#L666
667,Should the United States Return to a Gold Standard?,Whole Clean Corpus,30.692882299547925,3.4240307807922363,56,/m/home/home6/63/viljanj7/data/Desktop/dibaru/dibaru/data/procon_corpus.jsonl,procon_corpus.jsonl#L667
668,Should the United States Return to a Gold Standard?,Whole Clean Corpus,29.868041838246675,3.396789073944092,71,/m/home/home6/63/viljanj7/data/Desktop/dibaru/dibaru/data/procon_corpus.jsonl,procon_corpus.jsonl#L668
669,Should the United States Return to a Gold Standard?,Whole Clean Corpus,48.73697064564096,3.8864378929138184,83,/m/home/home6/63/viljanj7/data/Desktop/dibaru/dibaru/data/procon_corpus.jsonl,procon_corpus.jsonl#L669
670,Should the United States Return to a Gold Standard?,Whole Clean Corpus,17.60379862732833,2.868114709854126,150,/m/home/home6/63/viljanj7/data/Desktop/dibaru/dibaru/data/procon_corpus.jsonl,procon_corpus.jsonl#L670
671,Should the United States Return to a Gold Standard?,Whole Clean Corpus,12.936908406633046,2.560084342956543,144,/m/home/home6/63/viljanj7/data/Desktop/dibaru/dibaru/data/procon_corpus.jsonl,procon_corpus.jsonl#L671
672,Should the United States Return to a Gold Standard?,Whole Clean Corpus,21.690683557328164,3.076882839202881,70,/m/home/home6/63/viljanj7/data/Desktop/dibaru/dibaru/data/procon_corpus.jsonl,procon_corpus.jsonl#L672
673,Should the United States Return to a Gold Standard?,Whole Clean Corpus,35.42523912574222,3.5674245357513428,63,/m/home/home6/63/viljanj7/data/Desktop/dibaru/dibaru/data/procon_corpus.jsonl,procon_corpus.jsonl#L673
674,Should the United States Return to a Gold Standard?,Whole Clean Corpus,20.93389128455013,3.0413694381713867,73,/m/home/home6/63/viljanj7/data/Desktop/dibaru/dibaru/data/procon_corpus.jsonl,procon_corpus.jsonl#L674
675,Should the United States Return to a Gold Standard?,Whole Clean Corpus,24.285933120849656,3.189897298812866,94,/m/home/home6/63/viljanj7/data/Desktop/dibaru/dibaru/data/procon_corpus.jsonl,procon_corpus.jsonl#L675
676,Should the United States Return to a Gold Standard?,Whole Clean Corpus,57.49849457604048,4.051758766174316,40,/m/home/home6/63/viljanj7/data/Desktop/dibaru/dibaru/data/procon_corpus.jsonl,procon_corpus.jsonl#L676
677,Should the United States Return to a Gold Standard?,Whole Clean Corpus,31.459279356464673,3.4486939907073975,72,/m/home/home6/63/viljanj7/data/Desktop/dibaru/dibaru/data/procon_corpus.jsonl,procon_corpus.jsonl#L677
678,Should the United States Return to a Gold Standard?,Whole Clean Corpus,87.21169941622041,4.468338489532471,54,/m/home/home6/63/viljanj7/data/Desktop/dibaru/dibaru/data/procon_corpus.jsonl,procon_corpus.jsonl#L678
679,Should the United States Return to a Gold Standard?,Whole Clean Corpus,34.7840867069957,3.5491600036621094,35,/m/home/home6/63/viljanj7/data/Desktop/dibaru/dibaru/data/procon_corpus.jsonl,procon_corpus.jsonl#L679
680,Should the United States Return to a Gold Standard?,Whole Clean Corpus,51.623740169726965,3.943981647491455,64,/m/home/home6/63/viljanj7/data/Desktop/dibaru/dibaru/data/procon_corpus.jsonl,procon_corpus.jsonl#L680
681,Should the United States Return to a Gold Standard?,Whole Clean Corpus,51.55944601694308,3.942735433578491,65,/m/home/home6/63/viljanj7/data/Desktop/dibaru/dibaru/data/procon_corpus.jsonl,procon_corpus.jsonl#L681
682,Should the United States Return to a Gold Standard?,Whole Clean Corpus,51.76070098878933,3.9466311931610107,33,/m/home/home6/63/viljanj7/data/Desktop/dibaru/dibaru/data/procon_corpus.jsonl,procon_corpus.jsonl#L682
683,Should the United States Return to a Gold Standard?,Whole Clean Corpus,34.58867827588934,3.5435264110565186,88,/m/home/home6/63/viljanj7/data/Desktop/dibaru/dibaru/data/procon_corpus.jsonl,procon_corpus.jsonl#L683
684,Should the United States Return to a Gold Standard?,Whole Clean Corpus,93.20474404172545,4.534798622131348,49,/m/home/home6/63/viljanj7/data/Desktop/dibaru/dibaru/data/procon_corpus.jsonl,procon_corpus.jsonl#L684
685,Should the United States Return to a Gold Standard?,Whole Clean Corpus,34.27739350427382,3.5344860553741455,31,/m/home/home6/63/viljanj7/data/Desktop/dibaru/dibaru/data/procon_corpus.jsonl,procon_corpus.jsonl#L685
686,Should the United States Return to a Gold Standard?,Whole Clean Corpus,79.5400191555876,4.376260280609131,51,/m/home/home6/63/viljanj7/data/Desktop/dibaru/dibaru/data/procon_corpus.jsonl,procon_corpus.jsonl#L686
687,Should the United States Return to a Gold Standard?,Whole Clean Corpus,29.127580386225358,3.37168550491333,32,/m/home/home6/63/viljanj7/data/Desktop/dibaru/dibaru/data/procon_corpus.jsonl,procon_corpus.jsonl#L687
688,Should More Gun Control Laws Be Enacted?,Whole Clean Corpus,30.289747184025682,3.410809278488159,249,/m/home/home6/63/viljanj7/data/Desktop/dibaru/dibaru/data/procon_corpus.jsonl,procon_corpus.jsonl#L688
689,Should More Gun Control Laws Be Enacted?,Whole Clean Corpus,41.50492922675406,3.7258121967315674,206,/m/home/home6/63/viljanj7/data/Desktop/dibaru/dibaru/data/procon_corpus.jsonl,procon_corpus.jsonl#L689
690,Should More Gun Control Laws Be Enacted?,Whole Clean Corpus,31.38667614460694,3.446383476257324,299,/m/home/home6/63/viljanj7/data/Desktop/dibaru/dibaru/data/procon_corpus.jsonl,procon_corpus.jsonl#L690
691,Should More Gun Control Laws Be Enacted?,Whole Clean Corpus,29.886013768482286,3.397390604019165,208,/m/home/home6/63/viljanj7/data/Desktop/dibaru/dibaru/data/procon_corpus.jsonl,procon_corpus.jsonl#L691
692,Should More Gun Control Laws Be Enacted?,Whole Clean Corpus,44.93138023046953,3.8051364421844482,158,/m/home/home6/63/viljanj7/data/Desktop/dibaru/dibaru/data/procon_corpus.jsonl,procon_corpus.jsonl#L692
693,Should More Gun Control Laws Be Enacted?,Whole Clean Corpus,26.47794474822341,3.2763121128082275,281,/m/home/home6/63/viljanj7/data/Desktop/dibaru/dibaru/data/procon_corpus.jsonl,procon_corpus.jsonl#L693
694,Should More Gun Control Laws Be Enacted?,Whole Clean Corpus,24.21136560428087,3.1868221759796143,219,/m/home/home6/63/viljanj7/data/Desktop/dibaru/dibaru/data/procon_corpus.jsonl,procon_corpus.jsonl#L694
695,Should More Gun Control Laws Be Enacted?,Whole Clean Corpus,28.954641637340682,3.3657305240631104,328,/m/home/home6/63/viljanj7/data/Desktop/dibaru/dibaru/data/procon_corpus.jsonl,procon_corpus.jsonl#L695
696,Should More Gun Control Laws Be Enacted?,Whole Clean Corpus,13.289416214669025,2.586967945098877,351,/m/home/home6/63/viljanj7/data/Desktop/dibaru/dibaru/data/procon_corpus.jsonl,procon_corpus.jsonl#L696
697,Should More Gun Control Laws Be Enacted?,Whole Clean Corpus,30.35535450327473,3.412972927093506,391,/m/home/home6/63/viljanj7/data/Desktop/dibaru/dibaru/data/procon_corpus.jsonl,procon_corpus.jsonl#L697
698,Should More Gun Control Laws Be Enacted?,Whole Clean Corpus,35.40052620475352,3.5667266845703125,168,/m/home/home6/63/viljanj7/data/Desktop/dibaru/dibaru/data/procon_corpus.jsonl,procon_corpus.jsonl#L698
699,Should More Gun Control Laws Be Enacted?,Whole Clean Corpus,29.489496727132604,3.3840341567993164,196,/m/home/home6/63/viljanj7/data/Desktop/dibaru/dibaru/data/procon_corpus.jsonl,procon_corpus.jsonl#L699
700,Should More Gun Control Laws Be Enacted?,Whole Clean Corpus,44.699327979172324,3.7999584674835205,158,/m/home/home6/63/viljanj7/data/Desktop/dibaru/dibaru/data/procon_corpus.jsonl,procon_corpus.jsonl#L700
701,Should More Gun Control Laws Be Enacted?,Whole Clean Corpus,21.007353064267058,3.044872522354126,277,/m/home/home6/63/viljanj7/data/Desktop/dibaru/dibaru/data/procon_corpus.jsonl,procon_corpus.jsonl#L701
702,Should More Gun Control Laws Be Enacted?,Whole Clean Corpus,40.58329401401611,3.7033565044403076,146,/m/home/home6/63/viljanj7/data/Desktop/dibaru/dibaru/data/procon_corpus.jsonl,procon_corpus.jsonl#L702
703,Should More Gun Control Laws Be Enacted?,Whole Clean Corpus,24.582538670654184,3.2020363807678223,246,/m/home/home6/63/viljanj7/data/Desktop/dibaru/dibaru/data/procon_corpus.jsonl,procon_corpus.jsonl#L703
704,Should More Gun Control Laws Be Enacted?,Whole Clean Corpus,20.00383481595212,2.9959239959716797,109,/m/home/home6/63/viljanj7/data/Desktop/dibaru/dibaru/data/procon_corpus.jsonl,procon_corpus.jsonl#L704
705,Should More Gun Control Laws Be Enacted?,Whole Clean Corpus,17.53547311503066,2.8642258644104004,81,/m/home/home6/63/viljanj7/data/Desktop/dibaru/dibaru/data/procon_corpus.jsonl,procon_corpus.jsonl#L705
706,Should More Gun Control Laws Be Enacted?,Whole Clean Corpus,47.456870997599914,3.859821319580078,47,/m/home/home6/63/viljanj7/data/Desktop/dibaru/dibaru/data/procon_corpus.jsonl,procon_corpus.jsonl#L706
707,Should More Gun Control Laws Be Enacted?,Whole Clean Corpus,31.871224165042786,3.4617035388946533,112,/m/home/home6/63/viljanj7/data/Desktop/dibaru/dibaru/data/procon_corpus.jsonl,procon_corpus.jsonl#L707
708,Should More Gun Control Laws Be Enacted?,Whole Clean Corpus,23.265264414745737,3.1469614505767822,93,/m/home/home6/63/viljanj7/data/Desktop/dibaru/dibaru/data/procon_corpus.jsonl,procon_corpus.jsonl#L708
709,Should More Gun Control Laws Be Enacted?,Whole Clean Corpus,15.826063850029367,2.761658191680908,110,/m/home/home6/63/viljanj7/data/Desktop/dibaru/dibaru/data/procon_corpus.jsonl,procon_corpus.jsonl#L709
710,Should More Gun Control Laws Be Enacted?,Whole Clean Corpus,14.640063341050105,2.6837618350982666,51,/m/home/home6/63/viljanj7/data/Desktop/dibaru/dibaru/data/procon_corpus.jsonl,procon_corpus.jsonl#L710
711,Should More Gun Control Laws Be Enacted?,Whole Clean Corpus,23.514754128214875,3.157628059387207,33,/m/home/home6/63/viljanj7/data/Desktop/dibaru/dibaru/data/procon_corpus.jsonl,procon_corpus.jsonl#L711
712,Should More Gun Control Laws Be Enacted?,Whole Clean Corpus,19.303301179643036,2.9602761268615723,94,/m/home/home6/63/viljanj7/data/Desktop/dibaru/dibaru/data/procon_corpus.jsonl,procon_corpus.jsonl#L712
713,Should More Gun Control Laws Be Enacted?,Whole Clean Corpus,27.837262042811915,3.3263754844665527,37,/m/home/home6/63/viljanj7/data/Desktop/dibaru/dibaru/data/procon_corpus.jsonl,procon_corpus.jsonl#L713
714,Should More Gun Control Laws Be Enacted?,Whole Clean Corpus,84.4517288352193,4.436180114746094,52,/m/home/home6/63/viljanj7/data/Desktop/dibaru/dibaru/data/procon_corpus.jsonl,procon_corpus.jsonl#L714
715,Should More Gun Control Laws Be Enacted?,Whole Clean Corpus,31.04088967081115,3.43530535697937,58,/m/home/home6/63/viljanj7/data/Desktop/dibaru/dibaru/data/procon_corpus.jsonl,procon_corpus.jsonl#L715
716,Should More Gun Control Laws Be Enacted?,Whole Clean Corpus,37.4723774125421,3.6236040592193604,43,/m/home/home6/63/viljanj7/data/Desktop/dibaru/dibaru/data/procon_corpus.jsonl,procon_corpus.jsonl#L716
717,Should More Gun Control Laws Be Enacted?,Whole Clean Corpus,24.93295289900864,3.2161903381347656,140,/m/home/home6/63/viljanj7/data/Desktop/dibaru/dibaru/data/procon_corpus.jsonl,procon_corpus.jsonl#L717
718,Should More Gun Control Laws Be Enacted?,Whole Clean Corpus,23.17305892640749,3.1429903507232666,98,/m/home/home6/63/viljanj7/data/Desktop/dibaru/dibaru/data/procon_corpus.jsonl,procon_corpus.jsonl#L718
719,Should More Gun Control Laws Be Enacted?,Whole Clean Corpus,36.81524295468904,3.60591197013855,110,/m/home/home6/63/viljanj7/data/Desktop/dibaru/dibaru/data/procon_corpus.jsonl,procon_corpus.jsonl#L719
720,Should More Gun Control Laws Be Enacted?,Whole Clean Corpus,42.65211198755267,3.7530767917633057,44,/m/home/home6/63/viljanj7/data/Desktop/dibaru/dibaru/data/procon_corpus.jsonl,procon_corpus.jsonl#L720
721,Should More Gun Control Laws Be Enacted?,Whole Clean Corpus,30.205170109050915,3.408013105392456,139,/m/home/home6/63/viljanj7/data/Desktop/dibaru/dibaru/data/procon_corpus.jsonl,procon_corpus.jsonl#L721
722,Should More Gun Control Laws Be Enacted?,Whole Clean Corpus,22.680477789901445,3.121504545211792,151,/m/home/home6/63/viljanj7/data/Desktop/dibaru/dibaru/data/procon_corpus.jsonl,procon_corpus.jsonl#L722
723,Should More Gun Control Laws Be Enacted?,Whole Clean Corpus,33.178271517095936,3.5018951892852783,118,/m/home/home6/63/viljanj7/data/Desktop/dibaru/dibaru/data/procon_corpus.jsonl,procon_corpus.jsonl#L723
724,Should More Gun Control Laws Be Enacted?,Whole Clean Corpus,20.202492123305692,3.0058059692382812,137,/m/home/home6/63/viljanj7/data/Desktop/dibaru/dibaru/data/procon_corpus.jsonl,procon_corpus.jsonl#L724
725,Should More Gun Control Laws Be Enacted?,Whole Clean Corpus,36.47371811062225,3.5965919494628906,169,/m/home/home6/63/viljanj7/data/Desktop/dibaru/dibaru/data/procon_corpus.jsonl,procon_corpus.jsonl#L725
726,Should More Gun Control Laws Be Enacted?,Whole Clean Corpus,14.786073677341214,2.69368577003479,52,/m/home/home6/63/viljanj7/data/Desktop/dibaru/dibaru/data/procon_corpus.jsonl,procon_corpus.jsonl#L726
727,Should More Gun Control Laws Be Enacted?,Whole Clean Corpus,55.73971033466464,4.020692825317383,35,/m/home/home6/63/viljanj7/data/Desktop/dibaru/dibaru/data/procon_corpus.jsonl,procon_corpus.jsonl#L727
728,Should More Gun Control Laws Be Enacted?,Whole Clean Corpus,17.94010496908602,2.8870387077331543,56,/m/home/home6/63/viljanj7/data/Desktop/dibaru/dibaru/data/procon_corpus.jsonl,procon_corpus.jsonl#L728
729,Should More Gun Control Laws Be Enacted?,Whole Clean Corpus,50.11611644201204,3.9143426418304443,15,/m/home/home6/63/viljanj7/data/Desktop/dibaru/dibaru/data/procon_corpus.jsonl,procon_corpus.jsonl#L729
730,Should More Gun Control Laws Be Enacted?,Whole Clean Corpus,40.274923002113226,3.6957290172576904,60,/m/home/home6/63/viljanj7/data/Desktop/dibaru/dibaru/data/procon_corpus.jsonl,procon_corpus.jsonl#L730
731,Should More Gun Control Laws Be Enacted?,Whole Clean Corpus,9.962130274429564,2.29879093170166,192,/m/home/home6/63/viljanj7/data/Desktop/dibaru/dibaru/data/procon_corpus.jsonl,procon_corpus.jsonl#L731
732,Should More Gun Control Laws Be Enacted?,Whole Clean Corpus,5.5697026117925015,1.717341661453247,44,/m/home/home6/63/viljanj7/data/Desktop/dibaru/dibaru/data/procon_corpus.jsonl,procon_corpus.jsonl#L732
733,Should More Gun Control Laws Be Enacted?,Whole Clean Corpus,21.28410415392991,3.0579605102539062,109,/m/home/home6/63/viljanj7/data/Desktop/dibaru/dibaru/data/procon_corpus.jsonl,procon_corpus.jsonl#L733
734,Should More Gun Control Laws Be Enacted?,Whole Clean Corpus,25.369071124904277,3.2335307598114014,24,/m/home/home6/63/viljanj7/data/Desktop/dibaru/dibaru/data/procon_corpus.jsonl,procon_corpus.jsonl#L734
735,Should More Gun Control Laws Be Enacted?,Whole Clean Corpus,34.5074542338512,3.541175365447998,71,/m/home/home6/63/viljanj7/data/Desktop/dibaru/dibaru/data/procon_corpus.jsonl,procon_corpus.jsonl#L735
736,Should More Gun Control Laws Be Enacted?,Whole Clean Corpus,16.528799037359548,2.8051042556762695,150,/m/home/home6/63/viljanj7/data/Desktop/dibaru/dibaru/data/procon_corpus.jsonl,procon_corpus.jsonl#L736
737,Should More Gun Control Laws Be Enacted?,Whole Clean Corpus,32.92581410167123,3.4942569732666016,95,/m/home/home6/63/viljanj7/data/Desktop/dibaru/dibaru/data/procon_corpus.jsonl,procon_corpus.jsonl#L737
738,Should More Gun Control Laws Be Enacted?,Whole Clean Corpus,27.337541871806124,3.308260917663574,192,/m/home/home6/63/viljanj7/data/Desktop/dibaru/dibaru/data/procon_corpus.jsonl,procon_corpus.jsonl#L738
739,Should More Gun Control Laws Be Enacted?,Whole Clean Corpus,22.54720420799005,3.1156110763549805,219,/m/home/home6/63/viljanj7/data/Desktop/dibaru/dibaru/data/procon_corpus.jsonl,procon_corpus.jsonl#L739
740,Should More Gun Control Laws Be Enacted?,Whole Clean Corpus,17.08197241332993,2.8380236625671387,225,/m/home/home6/63/viljanj7/data/Desktop/dibaru/dibaru/data/procon_corpus.jsonl,procon_corpus.jsonl#L740
741,Should More Gun Control Laws Be Enacted?,Whole Clean Corpus,21.542353208741268,3.070020914077759,237,/m/home/home6/63/viljanj7/data/Desktop/dibaru/dibaru/data/procon_corpus.jsonl,procon_corpus.jsonl#L741
742,Should More Gun Control Laws Be Enacted?,Whole Clean Corpus,42.78747307910878,3.7562453746795654,138,/m/home/home6/63/viljanj7/data/Desktop/dibaru/dibaru/data/procon_corpus.jsonl,procon_corpus.jsonl#L742
743,Should More Gun Control Laws Be Enacted?,Whole Clean Corpus,19.559146551356882,2.973443031311035,274,/m/home/home6/63/viljanj7/data/Desktop/dibaru/dibaru/data/procon_corpus.jsonl,procon_corpus.jsonl#L743
744,Should More Gun Control Laws Be Enacted?,Whole Clean Corpus,42.02606712044842,3.7382900714874268,91,/m/home/home6/63/viljanj7/data/Desktop/dibaru/dibaru/data/procon_corpus.jsonl,procon_corpus.jsonl#L744
745,Should More Gun Control Laws Be Enacted?,Whole Clean Corpus,38.19605138565359,3.6427321434020996,160,/m/home/home6/63/viljanj7/data/Desktop/dibaru/dibaru/data/procon_corpus.jsonl,procon_corpus.jsonl#L745
746,Should More Gun Control Laws Be Enacted?,Whole Clean Corpus,30.33193646405883,3.412201166152954,171,/m/home/home6/63/viljanj7/data/Desktop/dibaru/dibaru/data/procon_corpus.jsonl,procon_corpus.jsonl#L746
747,Should More Gun Control Laws Be Enacted?,Whole Clean Corpus,48.63700359847698,3.8843846321105957,35,/m/home/home6/63/viljanj7/data/Desktop/dibaru/dibaru/data/procon_corpus.jsonl,procon_corpus.jsonl#L747
748,Should More Gun Control Laws Be Enacted?,Whole Clean Corpus,41.36274672287091,3.7223806381225586,69,/m/home/home6/63/viljanj7/data/Desktop/dibaru/dibaru/data/procon_corpus.jsonl,procon_corpus.jsonl#L748
749,Should More Gun Control Laws Be Enacted?,Whole Clean Corpus,94.11927083266266,4.544562816619873,59,/m/home/home6/63/viljanj7/data/Desktop/dibaru/dibaru/data/procon_corpus.jsonl,procon_corpus.jsonl#L749
750,Should More Gun Control Laws Be Enacted?,Whole Clean Corpus,26.71473108761053,3.285215139389038,111,/m/home/home6/63/viljanj7/data/Desktop/dibaru/dibaru/data/procon_corpus.jsonl,procon_corpus.jsonl#L750
751,Should More Gun Control Laws Be Enacted?,Whole Clean Corpus,48.270336768294406,3.876817226409912,69,/m/home/home6/63/viljanj7/data/Desktop/dibaru/dibaru/data/procon_corpus.jsonl,procon_corpus.jsonl#L751
752,Should Historic Statues Be Taken Down?,Whole Clean Corpus,41.77087934948376,3.7321994304656982,175,/m/home/home6/63/viljanj7/data/Desktop/dibaru/dibaru/data/procon_corpus.jsonl,procon_corpus.jsonl#L752
753,Should Historic Statues Be Taken Down?,Whole Clean Corpus,41.51336108852485,3.726015329360962,87,/m/home/home6/63/viljanj7/data/Desktop/dibaru/dibaru/data/procon_corpus.jsonl,procon_corpus.jsonl#L753
754,Should Historic Statues Be Taken Down?,Whole Clean Corpus,44.00456652368578,3.7842934131622314,60,/m/home/home6/63/viljanj7/data/Desktop/dibaru/dibaru/data/procon_corpus.jsonl,procon_corpus.jsonl#L754
755,Should Historic Statues Be Taken Down?,Whole Clean Corpus,47.720279071326495,3.8653564453125,157,/m/home/home6/63/viljanj7/data/Desktop/dibaru/dibaru/data/procon_corpus.jsonl,procon_corpus.jsonl#L755
756,Should Historic Statues Be Taken Down?,Whole Clean Corpus,55.23738960310777,4.0116400718688965,21,/m/home/home6/63/viljanj7/data/Desktop/dibaru/dibaru/data/procon_corpus.jsonl,procon_corpus.jsonl#L756
757,Should Historic Statues Be Taken Down?,Whole Clean Corpus,56.22407441522841,4.0293450355529785,80,/m/home/home6/63/viljanj7/data/Desktop/dibaru/dibaru/data/procon_corpus.jsonl,procon_corpus.jsonl#L757
758,Should Historic Statues Be Taken Down?,Whole Clean Corpus,69.31747590750822,4.238697052001953,50,/m/home/home6/63/viljanj7/data/Desktop/dibaru/dibaru/data/procon_corpus.jsonl,procon_corpus.jsonl#L758
759,Should Historic Statues Be Taken Down?,Whole Clean Corpus,125.8995073306259,4.835484027862549,24,/m/home/home6/63/viljanj7/data/Desktop/dibaru/dibaru/data/procon_corpus.jsonl,procon_corpus.jsonl#L759
760,Should Historic Statues Be Taken Down?,Whole Clean Corpus,70.8837804812577,4.261041641235352,89,/m/home/home6/63/viljanj7/data/Desktop/dibaru/dibaru/data/procon_corpus.jsonl,procon_corpus.jsonl#L760
761,Should Historic Statues Be Taken Down?,Whole Clean Corpus,26.602416158202978,3.2810020446777344,95,/m/home/home6/63/viljanj7/data/Desktop/dibaru/dibaru/data/procon_corpus.jsonl,procon_corpus.jsonl#L761
762,Should Historic Statues Be Taken Down?,Whole Clean Corpus,92.66790764606566,4.529022216796875,68,/m/home/home6/63/viljanj7/data/Desktop/dibaru/dibaru/data/procon_corpus.jsonl,procon_corpus.jsonl#L762
763,Should Historic Statues Be Taken Down?,Whole Clean Corpus,140.0491225664787,4.941993236541748,45,/m/home/home6/63/viljanj7/data/Desktop/dibaru/dibaru/data/procon_corpus.jsonl,procon_corpus.jsonl#L763
764,Should Historic Statues Be Taken Down?,Whole Clean Corpus,41.251430580675425,3.7196857929229736,112,/m/home/home6/63/viljanj7/data/Desktop/dibaru/dibaru/data/procon_corpus.jsonl,procon_corpus.jsonl#L764
765,Should Historic Statues Be Taken Down?,Whole Clean Corpus,37.88095685982131,3.634448528289795,53,/m/home/home6/63/viljanj7/data/Desktop/dibaru/dibaru/data/procon_corpus.jsonl,procon_corpus.jsonl#L765
766,Should Historic Statues Be Taken Down?,Whole Clean Corpus,42.48516875501043,3.749155044555664,71,/m/home/home6/63/viljanj7/data/Desktop/dibaru/dibaru/data/procon_corpus.jsonl,procon_corpus.jsonl#L766
767,Should Historic Statues Be Taken Down?,Whole Clean Corpus,37.12906731364204,3.6144001483917236,36,/m/home/home6/63/viljanj7/data/Desktop/dibaru/dibaru/data/procon_corpus.jsonl,procon_corpus.jsonl#L767
768,Should Historic Statues Be Taken Down?,Whole Clean Corpus,50.80784422056318,3.9280507564544678,82,/m/home/home6/63/viljanj7/data/Desktop/dibaru/dibaru/data/procon_corpus.jsonl,procon_corpus.jsonl#L768
769,Should Historic Statues Be Taken Down?,Whole Clean Corpus,41.19903292878888,3.718414783477783,67,/m/home/home6/63/viljanj7/data/Desktop/dibaru/dibaru/data/procon_corpus.jsonl,procon_corpus.jsonl#L769
770,Should Historic Statues Be Taken Down?,Whole Clean Corpus,101.19706163675696,4.617069721221924,45,/m/home/home6/63/viljanj7/data/Desktop/dibaru/dibaru/data/procon_corpus.jsonl,procon_corpus.jsonl#L770
771,Should Historic Statues Be Taken Down?,Whole Clean Corpus,58.314525399754444,4.065851211547852,52,/m/home/home6/63/viljanj7/data/Desktop/dibaru/dibaru/data/procon_corpus.jsonl,procon_corpus.jsonl#L771
772,Should Historic Statues Be Taken Down?,Whole Clean Corpus,55.58001510787531,4.017823696136475,47,/m/home/home6/63/viljanj7/data/Desktop/dibaru/dibaru/data/procon_corpus.jsonl,procon_corpus.jsonl#L772
773,Should Historic Statues Be Taken Down?,Whole Clean Corpus,90.65369517989745,4.507046699523926,60,/m/home/home6/63/viljanj7/data/Desktop/dibaru/dibaru/data/procon_corpus.jsonl,procon_corpus.jsonl#L773
774,Should Historic Statues Be Taken Down?,Whole Clean Corpus,48.351713156524234,3.8785016536712646,86,/m/home/home6/63/viljanj7/data/Desktop/dibaru/dibaru/data/procon_corpus.jsonl,procon_corpus.jsonl#L774
775,Should Historic Statues Be Taken Down?,Whole Clean Corpus,45.12616840203302,3.809462308883667,42,/m/home/home6/63/viljanj7/data/Desktop/dibaru/dibaru/data/procon_corpus.jsonl,procon_corpus.jsonl#L775
776,Should Historic Statues Be Taken Down?,Whole Clean Corpus,23.402804675483416,3.15285587310791,52,/m/home/home6/63/viljanj7/data/Desktop/dibaru/dibaru/data/procon_corpus.jsonl,procon_corpus.jsonl#L776
777,Should Historic Statues Be Taken Down?,Whole Clean Corpus,62.88042297030666,4.141234874725342,123,/m/home/home6/63/viljanj7/data/Desktop/dibaru/dibaru/data/procon_corpus.jsonl,procon_corpus.jsonl#L777
778,Should Historic Statues Be Taken Down?,Whole Clean Corpus,31.725836669165275,3.4571313858032227,46,/m/home/home6/63/viljanj7/data/Desktop/dibaru/dibaru/data/procon_corpus.jsonl,procon_corpus.jsonl#L778
779,Should Historic Statues Be Taken Down?,Whole Clean Corpus,28.531871670394466,3.3510217666625977,88,/m/home/home6/63/viljanj7/data/Desktop/dibaru/dibaru/data/procon_corpus.jsonl,procon_corpus.jsonl#L779
780,Should Historic Statues Be Taken Down?,Whole Clean Corpus,17.826086498776647,2.8806629180908203,50,/m/home/home6/63/viljanj7/data/Desktop/dibaru/dibaru/data/procon_corpus.jsonl,procon_corpus.jsonl#L780
781,Should Historic Statues Be Taken Down?,Whole Clean Corpus,60.4091449003478,4.10114049911499,56,/m/home/home6/63/viljanj7/data/Desktop/dibaru/dibaru/data/procon_corpus.jsonl,procon_corpus.jsonl#L781
782,Should Historic Statues Be Taken Down?,Whole Clean Corpus,89.82576735699621,4.4978718757629395,53,/m/home/home6/63/viljanj7/data/Desktop/dibaru/dibaru/data/procon_corpus.jsonl,procon_corpus.jsonl#L782
783,Should Historic Statues Be Taken Down?,Whole Clean Corpus,55.12826870108273,4.009662628173828,95,/m/home/home6/63/viljanj7/data/Desktop/dibaru/dibaru/data/procon_corpus.jsonl,procon_corpus.jsonl#L783
784,Should Historic Statues Be Taken Down?,Whole Clean Corpus,43.05617979125487,3.7625057697296143,48,/m/home/home6/63/viljanj7/data/Desktop/dibaru/dibaru/data/procon_corpus.jsonl,procon_corpus.jsonl#L784
785,Should Historic Statues Be Taken Down?,Whole Clean Corpus,37.63849911235011,3.6280274391174316,40,/m/home/home6/63/viljanj7/data/Desktop/dibaru/dibaru/data/procon_corpus.jsonl,procon_corpus.jsonl#L785
786,Should Historic Statues Be Taken Down?,Whole Clean Corpus,49.736152460963446,3.9067320823669434,110,/m/home/home6/63/viljanj7/data/Desktop/dibaru/dibaru/data/procon_corpus.jsonl,procon_corpus.jsonl#L786
787,Should Historic Statues Be Taken Down?,Whole Clean Corpus,19.17746378425256,2.953735828399658,64,/m/home/home6/63/viljanj7/data/Desktop/dibaru/dibaru/data/procon_corpus.jsonl,procon_corpus.jsonl#L787
788,Should Historic Statues Be Taken Down?,Whole Clean Corpus,86.17884355377804,4.456424713134766,63,/m/home/home6/63/viljanj7/data/Desktop/dibaru/dibaru/data/procon_corpus.jsonl,procon_corpus.jsonl#L788
789,Should Historic Statues Be Taken Down?,Whole Clean Corpus,46.950592312088034,3.8490958213806152,80,/m/home/home6/63/viljanj7/data/Desktop/dibaru/dibaru/data/procon_corpus.jsonl,procon_corpus.jsonl#L789
790,Should Historic Statues Be Taken Down?,Whole Clean Corpus,49.99944282175457,3.9120118618011475,132,/m/home/home6/63/viljanj7/data/Desktop/dibaru/dibaru/data/procon_corpus.jsonl,procon_corpus.jsonl#L790
791,Should Historic Statues Be Taken Down?,Whole Clean Corpus,67.1987706190866,4.20765495300293,95,/m/home/home6/63/viljanj7/data/Desktop/dibaru/dibaru/data/procon_corpus.jsonl,procon_corpus.jsonl#L791
792,Should Historic Statues Be Taken Down?,Whole Clean Corpus,49.455426387452206,3.901071786880493,60,/m/home/home6/63/viljanj7/data/Desktop/dibaru/dibaru/data/procon_corpus.jsonl,procon_corpus.jsonl#L792
793,Should Historic Statues Be Taken Down?,Whole Clean Corpus,32.886139937464314,3.493051290512085,59,/m/home/home6/63/viljanj7/data/Desktop/dibaru/dibaru/data/procon_corpus.jsonl,procon_corpus.jsonl#L793
794,Should Historic Statues Be Taken Down?,Whole Clean Corpus,53.411771323717296,3.9780311584472656,88,/m/home/home6/63/viljanj7/data/Desktop/dibaru/dibaru/data/procon_corpus.jsonl,procon_corpus.jsonl#L794
795,Should Historic Statues Be Taken Down?,Whole Clean Corpus,61.151167899304454,4.113348960876465,81,/m/home/home6/63/viljanj7/data/Desktop/dibaru/dibaru/data/procon_corpus.jsonl,procon_corpus.jsonl#L795
796,Is Homework Beneficial?,Whole Clean Corpus,25.288573165050696,3.2303526401519775,23,/m/home/home6/63/viljanj7/data/Desktop/dibaru/dibaru/data/procon_corpus.jsonl,procon_corpus.jsonl#L796
797,Is Homework Beneficial?,Whole Clean Corpus,42.760448096707094,3.7556135654449463,59,/m/home/home6/63/viljanj7/data/Desktop/dibaru/dibaru/data/procon_corpus.jsonl,procon_corpus.jsonl#L797
798,Is Homework Beneficial?,Whole Clean Corpus,50.90444446225901,3.92995023727417,69,/m/home/home6/63/viljanj7/data/Desktop/dibaru/dibaru/data/procon_corpus.jsonl,procon_corpus.jsonl#L798
799,Is Homework Beneficial?,Whole Clean Corpus,26.807335068273854,3.288675546646118,56,/m/home/home6/63/viljanj7/data/Desktop/dibaru/dibaru/data/procon_corpus.jsonl,procon_corpus.jsonl#L799
800,Is Homework Beneficial?,Whole Clean Corpus,68.94784001703003,4.2333502769470215,101,/m/home/home6/63/viljanj7/data/Desktop/dibaru/dibaru/data/procon_corpus.jsonl,procon_corpus.jsonl#L800
801,Is Homework Beneficial?,Whole Clean Corpus,71.50097011205185,4.269711017608643,52,/m/home/home6/63/viljanj7/data/Desktop/dibaru/dibaru/data/procon_corpus.jsonl,procon_corpus.jsonl#L801
802,Is Homework Beneficial?,Whole Clean Corpus,32.788105520930856,3.490065813064575,65,/m/home/home6/63/viljanj7/data/Desktop/dibaru/dibaru/data/procon_corpus.jsonl,procon_corpus.jsonl#L802
803,Is Homework Beneficial?,Whole Clean Corpus,35.93159092163116,3.5816168785095215,85,/m/home/home6/63/viljanj7/data/Desktop/dibaru/dibaru/data/procon_corpus.jsonl,procon_corpus.jsonl#L803
804,Is Homework Beneficial?,Whole Clean Corpus,25.68363809948173,3.245854139328003,30,/m/home/home6/63/viljanj7/data/Desktop/dibaru/dibaru/data/procon_corpus.jsonl,procon_corpus.jsonl#L804
805,Is Homework Beneficial?,Whole Clean Corpus,28.87518314542043,3.3629825115203857,33,/m/home/home6/63/viljanj7/data/Desktop/dibaru/dibaru/data/procon_corpus.jsonl,procon_corpus.jsonl#L805
806,Is Homework Beneficial?,Whole Clean Corpus,50.87860014096688,3.9294424057006836,66,/m/home/home6/63/viljanj7/data/Desktop/dibaru/dibaru/data/procon_corpus.jsonl,procon_corpus.jsonl#L806
807,Is Homework Beneficial?,Whole Clean Corpus,56.8889689876582,4.041101455688477,67,/m/home/home6/63/viljanj7/data/Desktop/dibaru/dibaru/data/procon_corpus.jsonl,procon_corpus.jsonl#L807
808,Is Homework Beneficial?,Whole Clean Corpus,29.24428069907321,3.3756840229034424,77,/m/home/home6/63/viljanj7/data/Desktop/dibaru/dibaru/data/procon_corpus.jsonl,procon_corpus.jsonl#L808
809,Is Homework Beneficial?,Whole Clean Corpus,77.54195237536138,4.350819110870361,54,/m/home/home6/63/viljanj7/data/Desktop/dibaru/dibaru/data/procon_corpus.jsonl,procon_corpus.jsonl#L809
810,Is Homework Beneficial?,Whole Clean Corpus,49.436069202841196,3.9006803035736084,43,/m/home/home6/63/viljanj7/data/Desktop/dibaru/dibaru/data/procon_corpus.jsonl,procon_corpus.jsonl#L810
811,Is Homework Beneficial?,Whole Clean Corpus,38.226771350680814,3.64353609085083,89,/m/home/home6/63/viljanj7/data/Desktop/dibaru/dibaru/data/procon_corpus.jsonl,procon_corpus.jsonl#L811
812,Is Homework Beneficial?,Whole Clean Corpus,52.325447195260665,3.9574828147888184,99,/m/home/home6/63/viljanj7/data/Desktop/dibaru/dibaru/data/procon_corpus.jsonl,procon_corpus.jsonl#L812
813,Is Homework Beneficial?,Whole Clean Corpus,36.72539281495558,3.603468418121338,66,/m/home/home6/63/viljanj7/data/Desktop/dibaru/dibaru/data/procon_corpus.jsonl,procon_corpus.jsonl#L813
814,Is Homework Beneficial?,Whole Clean Corpus,16.426828182331437,2.7989158630371094,60,/m/home/home6/63/viljanj7/data/Desktop/dibaru/dibaru/data/procon_corpus.jsonl,procon_corpus.jsonl#L814
815,Is Homework Beneficial?,Whole Clean Corpus,81.49881762074463,4.400588512420654,50,/m/home/home6/63/viljanj7/data/Desktop/dibaru/dibaru/data/procon_corpus.jsonl,procon_corpus.jsonl#L815
816,Is Homework Beneficial?,Whole Clean Corpus,90.17772247013349,4.501782417297363,44,/m/home/home6/63/viljanj7/data/Desktop/dibaru/dibaru/data/procon_corpus.jsonl,procon_corpus.jsonl#L816
817,Is Homework Beneficial?,Whole Clean Corpus,14.462472456401251,2.6715571880340576,53,/m/home/home6/63/viljanj7/data/Desktop/dibaru/dibaru/data/procon_corpus.jsonl,procon_corpus.jsonl#L817
818,Is Homework Beneficial?,Whole Clean Corpus,125.6518126914376,4.83351469039917,53,/m/home/home6/63/viljanj7/data/Desktop/dibaru/dibaru/data/procon_corpus.jsonl,procon_corpus.jsonl#L818
819,Is Homework Beneficial?,Whole Clean Corpus,51.35228826229833,3.9387094974517822,90,/m/home/home6/63/viljanj7/data/Desktop/dibaru/dibaru/data/procon_corpus.jsonl,procon_corpus.jsonl#L819
820,Should the United States Have Mandatory National Service?,Whole Clean Corpus,42.93713266215349,3.759737014770508,64,/m/home/home6/63/viljanj7/data/Desktop/dibaru/dibaru/data/procon_corpus.jsonl,procon_corpus.jsonl#L820
821,Should the United States Have Mandatory National Service?,Whole Clean Corpus,35.87175914729902,3.5799503326416016,74,/m/home/home6/63/viljanj7/data/Desktop/dibaru/dibaru/data/procon_corpus.jsonl,procon_corpus.jsonl#L821
822,Should the United States Have Mandatory National Service?,Whole Clean Corpus,38.78391023651679,3.658005475997925,57,/m/home/home6/63/viljanj7/data/Desktop/dibaru/dibaru/data/procon_corpus.jsonl,procon_corpus.jsonl#L822
823,Should the United States Have Mandatory National Service?,Whole Clean Corpus,39.08609261030352,3.665766716003418,82,/m/home/home6/63/viljanj7/data/Desktop/dibaru/dibaru/data/procon_corpus.jsonl,procon_corpus.jsonl#L823
824,Should the United States Have Mandatory National Service?,Whole Clean Corpus,31.149744936834235,3.4388060569763184,42,/m/home/home6/63/viljanj7/data/Desktop/dibaru/dibaru/data/procon_corpus.jsonl,procon_corpus.jsonl#L824
825,Should the United States Have Mandatory National Service?,Whole Clean Corpus,57.522818970169894,4.052181720733643,35,/m/home/home6/63/viljanj7/data/Desktop/dibaru/dibaru/data/procon_corpus.jsonl,procon_corpus.jsonl#L825
826,Should the United States Have Mandatory National Service?,Whole Clean Corpus,67.6671317193163,4.214600563049316,57,/m/home/home6/63/viljanj7/data/Desktop/dibaru/dibaru/data/procon_corpus.jsonl,procon_corpus.jsonl#L826
827,Should the United States Have Mandatory National Service?,Whole Clean Corpus,40.5924773978077,3.703582763671875,101,/m/home/home6/63/viljanj7/data/Desktop/dibaru/dibaru/data/procon_corpus.jsonl,procon_corpus.jsonl#L827
828,Should the United States Have Mandatory National Service?,Whole Clean Corpus,168.02344884850723,5.124103546142578,55,/m/home/home6/63/viljanj7/data/Desktop/dibaru/dibaru/data/procon_corpus.jsonl,procon_corpus.jsonl#L828
829,Should the United States Have Mandatory National Service?,Whole Clean Corpus,56.57764902528095,4.035614013671875,76,/m/home/home6/63/viljanj7/data/Desktop/dibaru/dibaru/data/procon_corpus.jsonl,procon_corpus.jsonl#L829
830,Should the United States Have Mandatory National Service?,Whole Clean Corpus,40.98602220430225,3.713231086730957,78,/m/home/home6/63/viljanj7/data/Desktop/dibaru/dibaru/data/procon_corpus.jsonl,procon_corpus.jsonl#L830
831,Should the United States Have Mandatory National Service?,Whole Clean Corpus,32.18957790526093,3.4716427326202393,81,/m/home/home6/63/viljanj7/data/Desktop/dibaru/dibaru/data/procon_corpus.jsonl,procon_corpus.jsonl#L831
832,Should the United States Have Mandatory National Service?,Whole Clean Corpus,27.031227689656824,3.296992778778076,54,/m/home/home6/63/viljanj7/data/Desktop/dibaru/dibaru/data/procon_corpus.jsonl,procon_corpus.jsonl#L832
833,Should the United States Have Mandatory National Service?,Whole Clean Corpus,44.001828325757316,3.784231185913086,66,/m/home/home6/63/viljanj7/data/Desktop/dibaru/dibaru/data/procon_corpus.jsonl,procon_corpus.jsonl#L833
834,Should the United States Have Mandatory National Service?,Whole Clean Corpus,49.85051206838934,3.9090287685394287,39,/m/home/home6/63/viljanj7/data/Desktop/dibaru/dibaru/data/procon_corpus.jsonl,procon_corpus.jsonl#L834
835,Should the United States Have Mandatory National Service?,Whole Clean Corpus,46.79525473029986,3.8457818031311035,97,/m/home/home6/63/viljanj7/data/Desktop/dibaru/dibaru/data/procon_corpus.jsonl,procon_corpus.jsonl#L835
836,Should the United States Have Mandatory National Service?,Whole Clean Corpus,39.064022486423326,3.6652019023895264,66,/m/home/home6/63/viljanj7/data/Desktop/dibaru/dibaru/data/procon_corpus.jsonl,procon_corpus.jsonl#L836
837,Should the United States Have Mandatory National Service?,Whole Clean Corpus,30.644425838539227,3.4224507808685303,82,/m/home/home6/63/viljanj7/data/Desktop/dibaru/dibaru/data/procon_corpus.jsonl,procon_corpus.jsonl#L837
838,Should the United States Have Mandatory National Service?,Whole Clean Corpus,108.12166306684789,4.683257102966309,83,/m/home/home6/63/viljanj7/data/Desktop/dibaru/dibaru/data/procon_corpus.jsonl,procon_corpus.jsonl#L838
839,Should the United States Have Mandatory National Service?,Whole Clean Corpus,44.06500759550653,3.785665988922119,98,/m/home/home6/63/viljanj7/data/Desktop/dibaru/dibaru/data/procon_corpus.jsonl,procon_corpus.jsonl#L839
840,Should the United States Have Mandatory National Service?,Whole Clean Corpus,46.70002755844439,3.8437447547912598,70,/m/home/home6/63/viljanj7/data/Desktop/dibaru/dibaru/data/procon_corpus.jsonl,procon_corpus.jsonl#L840
841,Should the United States Have Mandatory National Service?,Whole Clean Corpus,41.41575743257795,3.723661422729492,48,/m/home/home6/63/viljanj7/data/Desktop/dibaru/dibaru/data/procon_corpus.jsonl,procon_corpus.jsonl#L841
842,Should the United States Have Mandatory National Service?,Whole Clean Corpus,80.72050574496464,4.390992641448975,41,/m/home/home6/63/viljanj7/data/Desktop/dibaru/dibaru/data/procon_corpus.jsonl,procon_corpus.jsonl#L842
843,Should the United States Have Mandatory National Service?,Whole Clean Corpus,78.91870063637431,4.368418216705322,60,/m/home/home6/63/viljanj7/data/Desktop/dibaru/dibaru/data/procon_corpus.jsonl,procon_corpus.jsonl#L843
844,Should the United States Have Mandatory National Service?,Whole Clean Corpus,18.246209629864538,2.9039573669433594,49,/m/home/home6/63/viljanj7/data/Desktop/dibaru/dibaru/data/procon_corpus.jsonl,procon_corpus.jsonl#L844
845,Should the United States Have Mandatory National Service?,Whole Clean Corpus,48.69188345303264,3.885512351989746,81,/m/home/home6/63/viljanj7/data/Desktop/dibaru/dibaru/data/procon_corpus.jsonl,procon_corpus.jsonl#L845
846,Should the United States Have Mandatory National Service?,Whole Clean Corpus,49.86778438380759,3.9093751907348633,99,/m/home/home6/63/viljanj7/data/Desktop/dibaru/dibaru/data/procon_corpus.jsonl,procon_corpus.jsonl#L846
847,Should Humans Consume Dairy Milk?,Whole Clean Corpus,24.237731135342006,3.187910556793213,93,/m/home/home6/63/viljanj7/data/Desktop/dibaru/dibaru/data/procon_corpus.jsonl,procon_corpus.jsonl#L847
848,Should Humans Consume Dairy Milk?,Whole Clean Corpus,60.000632651234916,4.09435510635376,32,/m/home/home6/63/viljanj7/data/Desktop/dibaru/dibaru/data/procon_corpus.jsonl,procon_corpus.jsonl#L848
849,Should Humans Consume Dairy Milk?,Whole Clean Corpus,6.7985277759503795,1.9167060852050781,123,/m/home/home6/63/viljanj7/data/Desktop/dibaru/dibaru/data/procon_corpus.jsonl,procon_corpus.jsonl#L849
850,Should Humans Consume Dairy Milk?,Whole Clean Corpus,17.601461013079234,2.8679819107055664,68,/m/home/home6/63/viljanj7/data/Desktop/dibaru/dibaru/data/procon_corpus.jsonl,procon_corpus.jsonl#L850
851,Should Humans Consume Dairy Milk?,Whole Clean Corpus,53.23675750378947,3.9747490882873535,69,/m/home/home6/63/viljanj7/data/Desktop/dibaru/dibaru/data/procon_corpus.jsonl,procon_corpus.jsonl#L851
852,Should Humans Consume Dairy Milk?,Whole Clean Corpus,31.610430897627317,3.4534871578216553,136,/m/home/home6/63/viljanj7/data/Desktop/dibaru/dibaru/data/procon_corpus.jsonl,procon_corpus.jsonl#L852
853,Should Humans Consume Dairy Milk?,Whole Clean Corpus,34.827404017171375,3.5504045486450195,79,/m/home/home6/63/viljanj7/data/Desktop/dibaru/dibaru/data/procon_corpus.jsonl,procon_corpus.jsonl#L853
854,Should Humans Consume Dairy Milk?,Whole Clean Corpus,67.41589064514261,4.210880756378174,73,/m/home/home6/63/viljanj7/data/Desktop/dibaru/dibaru/data/procon_corpus.jsonl,procon_corpus.jsonl#L854
855,Should Humans Consume Dairy Milk?,Whole Clean Corpus,48.88336715492,3.889437198638916,20,/m/home/home6/63/viljanj7/data/Desktop/dibaru/dibaru/data/procon_corpus.jsonl,procon_corpus.jsonl#L855
856,Should Humans Consume Dairy Milk?,Whole Clean Corpus,39.0328344208073,3.664403200149536,78,/m/home/home6/63/viljanj7/data/Desktop/dibaru/dibaru/data/procon_corpus.jsonl,procon_corpus.jsonl#L856
857,Should Humans Consume Dairy Milk?,Whole Clean Corpus,47.86476280544577,3.868379592895508,41,/m/home/home6/63/viljanj7/data/Desktop/dibaru/dibaru/data/procon_corpus.jsonl,procon_corpus.jsonl#L857
858,Should Humans Consume Dairy Milk?,Whole Clean Corpus,9.350196310608453,2.2353973388671875,48,/m/home/home6/63/viljanj7/data/Desktop/dibaru/dibaru/data/procon_corpus.jsonl,procon_corpus.jsonl#L858
859,Should Humans Consume Dairy Milk?,Whole Clean Corpus,37.3320892396183,3.6198532581329346,66,/m/home/home6/63/viljanj7/data/Desktop/dibaru/dibaru/data/procon_corpus.jsonl,procon_corpus.jsonl#L859
860,Should Humans Consume Dairy Milk?,Whole Clean Corpus,51.48083253842522,3.941209554672241,47,/m/home/home6/63/viljanj7/data/Desktop/dibaru/dibaru/data/procon_corpus.jsonl,procon_corpus.jsonl#L860
861,Should Humans Consume Dairy Milk?,Whole Clean Corpus,55.171396581619064,4.010444641113281,71,/m/home/home6/63/viljanj7/data/Desktop/dibaru/dibaru/data/procon_corpus.jsonl,procon_corpus.jsonl#L861
862,Should Humans Consume Dairy Milk?,Whole Clean Corpus,51.17506634881209,3.9352524280548096,86,/m/home/home6/63/viljanj7/data/Desktop/dibaru/dibaru/data/procon_corpus.jsonl,procon_corpus.jsonl#L862
863,Should Humans Consume Dairy Milk?,Whole Clean Corpus,22.277934121687633,3.1035966873168945,58,/m/home/home6/63/viljanj7/data/Desktop/dibaru/dibaru/data/procon_corpus.jsonl,procon_corpus.jsonl#L863
864,Should Humans Consume Dairy Milk?,Whole Clean Corpus,33.34850962655957,3.5070130825042725,31,/m/home/home6/63/viljanj7/data/Desktop/dibaru/dibaru/data/procon_corpus.jsonl,procon_corpus.jsonl#L864
865,Should Humans Consume Dairy Milk?,Whole Clean Corpus,21.377206534549195,3.0623252391815186,111,/m/home/home6/63/viljanj7/data/Desktop/dibaru/dibaru/data/procon_corpus.jsonl,procon_corpus.jsonl#L865
866,Should Humans Consume Dairy Milk?,Whole Clean Corpus,28.48523088440675,3.3493857383728027,107,/m/home/home6/63/viljanj7/data/Desktop/dibaru/dibaru/data/procon_corpus.jsonl,procon_corpus.jsonl#L866
867,Should Humans Consume Dairy Milk?,Whole Clean Corpus,66.38064235931596,4.19540548324585,48,/m/home/home6/63/viljanj7/data/Desktop/dibaru/dibaru/data/procon_corpus.jsonl,procon_corpus.jsonl#L867
868,Should Humans Consume Dairy Milk?,Whole Clean Corpus,30.196810355099945,3.407736301422119,64,/m/home/home6/63/viljanj7/data/Desktop/dibaru/dibaru/data/procon_corpus.jsonl,procon_corpus.jsonl#L868
869,Should Humans Consume Dairy Milk?,Whole Clean Corpus,13.278888479890794,2.5861754417419434,91,/m/home/home6/63/viljanj7/data/Desktop/dibaru/dibaru/data/procon_corpus.jsonl,procon_corpus.jsonl#L869
870,Should Humans Consume Dairy Milk?,Whole Clean Corpus,25.410058307845688,3.235145092010498,41,/m/home/home6/63/viljanj7/data/Desktop/dibaru/dibaru/data/procon_corpus.jsonl,procon_corpus.jsonl#L870
871,Should the Federal Minimum Wage Be Increased?,Whole Clean Corpus,21.41182089211342,3.0639431476593018,331,/m/home/home6/63/viljanj7/data/Desktop/dibaru/dibaru/data/procon_corpus.jsonl,procon_corpus.jsonl#L871
872,Should the Federal Minimum Wage Be Increased?,Whole Clean Corpus,27.748204593428124,3.3231711387634277,256,/m/home/home6/63/viljanj7/data/Desktop/dibaru/dibaru/data/procon_corpus.jsonl,procon_corpus.jsonl#L872
873,Should the Federal Minimum Wage Be Increased?,Whole Clean Corpus,22.182622365253103,3.099309206008911,276,/m/home/home6/63/viljanj7/data/Desktop/dibaru/dibaru/data/procon_corpus.jsonl,procon_corpus.jsonl#L873
874,Should the Federal Minimum Wage Be Increased?,Whole Clean Corpus,17.46822073661,2.8603832721710205,292,/m/home/home6/63/viljanj7/data/Desktop/dibaru/dibaru/data/procon_corpus.jsonl,procon_corpus.jsonl#L874
875,Should the Federal Minimum Wage Be Increased?,Whole Clean Corpus,25.387828275194,3.234269857406616,232,/m/home/home6/63/viljanj7/data/Desktop/dibaru/dibaru/data/procon_corpus.jsonl,procon_corpus.jsonl#L875
876,Should the Federal Minimum Wage Be Increased?,Whole Clean Corpus,30.018654068525468,3.4018189907073975,217,/m/home/home6/63/viljanj7/data/Desktop/dibaru/dibaru/data/procon_corpus.jsonl,procon_corpus.jsonl#L876
877,Should the Federal Minimum Wage Be Increased?,Whole Clean Corpus,21.46092060537879,3.0662336349487305,150,/m/home/home6/63/viljanj7/data/Desktop/dibaru/dibaru/data/procon_corpus.jsonl,procon_corpus.jsonl#L877
878,Should the Federal Minimum Wage Be Increased?,Whole Clean Corpus,19.179649450826386,2.9538497924804688,232,/m/home/home6/63/viljanj7/data/Desktop/dibaru/dibaru/data/procon_corpus.jsonl,procon_corpus.jsonl#L878
879,Should the Federal Minimum Wage Be Increased?,Whole Clean Corpus,35.80891921323362,3.5781970024108887,358,/m/home/home6/63/viljanj7/data/Desktop/dibaru/dibaru/data/procon_corpus.jsonl,procon_corpus.jsonl#L879
880,Should the Federal Minimum Wage Be Increased?,Whole Clean Corpus,29.24746027712226,3.3757927417755127,187,/m/home/home6/63/viljanj7/data/Desktop/dibaru/dibaru/data/procon_corpus.jsonl,procon_corpus.jsonl#L880
881,Should the Federal Minimum Wage Be Increased?,Whole Clean Corpus,33.06138149604048,3.498365879058838,227,/m/home/home6/63/viljanj7/data/Desktop/dibaru/dibaru/data/procon_corpus.jsonl,procon_corpus.jsonl#L881
882,Should the Federal Minimum Wage Be Increased?,Whole Clean Corpus,26.353006444281075,3.2715823650360107,217,/m/home/home6/63/viljanj7/data/Desktop/dibaru/dibaru/data/procon_corpus.jsonl,procon_corpus.jsonl#L882
883,Should the Federal Minimum Wage Be Increased?,Whole Clean Corpus,28.23561934100624,3.3405842781066895,265,/m/home/home6/63/viljanj7/data/Desktop/dibaru/dibaru/data/procon_corpus.jsonl,procon_corpus.jsonl#L883
884,Should the Federal Minimum Wage Be Increased?,Whole Clean Corpus,17.060628731865442,2.83677339553833,191,/m/home/home6/63/viljanj7/data/Desktop/dibaru/dibaru/data/procon_corpus.jsonl,procon_corpus.jsonl#L884
885,Should the Federal Minimum Wage Be Increased?,Whole Clean Corpus,24.98561708124493,3.2183003425598145,199,/m/home/home6/63/viljanj7/data/Desktop/dibaru/dibaru/data/procon_corpus.jsonl,procon_corpus.jsonl#L885
886,Should the Federal Minimum Wage Be Increased?,Whole Clean Corpus,28.20848937750965,3.339622974395752,139,/m/home/home6/63/viljanj7/data/Desktop/dibaru/dibaru/data/procon_corpus.jsonl,procon_corpus.jsonl#L886
887,Should the Federal Minimum Wage Be Increased?,Whole Clean Corpus,9.958940949284694,2.2984707355499268,121,/m/home/home6/63/viljanj7/data/Desktop/dibaru/dibaru/data/procon_corpus.jsonl,procon_corpus.jsonl#L887
888,Should the Federal Minimum Wage Be Increased?,Whole Clean Corpus,14.325599353697106,2.662048101425171,95,/m/home/home6/63/viljanj7/data/Desktop/dibaru/dibaru/data/procon_corpus.jsonl,procon_corpus.jsonl#L888
889,Should the Federal Minimum Wage Be Increased?,Whole Clean Corpus,29.65864996097847,3.389753818511963,103,/m/home/home6/63/viljanj7/data/Desktop/dibaru/dibaru/data/procon_corpus.jsonl,procon_corpus.jsonl#L889
890,Should the Federal Minimum Wage Be Increased?,Whole Clean Corpus,23.162326555508603,3.1425271034240723,117,/m/home/home6/63/viljanj7/data/Desktop/dibaru/dibaru/data/procon_corpus.jsonl,procon_corpus.jsonl#L890
891,Should the Federal Minimum Wage Be Increased?,Whole Clean Corpus,10.581594007571727,2.3591160774230957,78,/m/home/home6/63/viljanj7/data/Desktop/dibaru/dibaru/data/procon_corpus.jsonl,procon_corpus.jsonl#L891
892,Should the Federal Minimum Wage Be Increased?,Whole Clean Corpus,28.498015182743146,3.349834442138672,45,/m/home/home6/63/viljanj7/data/Desktop/dibaru/dibaru/data/procon_corpus.jsonl,procon_corpus.jsonl#L892
893,Should the Federal Minimum Wage Be Increased?,Whole Clean Corpus,19.582770912401667,2.9746501445770264,51,/m/home/home6/63/viljanj7/data/Desktop/dibaru/dibaru/data/procon_corpus.jsonl,procon_corpus.jsonl#L893
894,Should the Federal Minimum Wage Be Increased?,Whole Clean Corpus,26.506279271220926,3.277381658554077,113,/m/home/home6/63/viljanj7/data/Desktop/dibaru/dibaru/data/procon_corpus.jsonl,procon_corpus.jsonl#L894
895,Should the Federal Minimum Wage Be Increased?,Whole Clean Corpus,12.203485657457998,2.5017216205596924,63,/m/home/home6/63/viljanj7/data/Desktop/dibaru/dibaru/data/procon_corpus.jsonl,procon_corpus.jsonl#L895
896,Should the Federal Minimum Wage Be Increased?,Whole Clean Corpus,33.959727355948694,3.5251753330230713,75,/m/home/home6/63/viljanj7/data/Desktop/dibaru/dibaru/data/procon_corpus.jsonl,procon_corpus.jsonl#L896
897,Should the Federal Minimum Wage Be Increased?,Whole Clean Corpus,10.691850352714809,2.3694818019866943,117,/m/home/home6/63/viljanj7/data/Desktop/dibaru/dibaru/data/procon_corpus.jsonl,procon_corpus.jsonl#L897
898,Should the Federal Minimum Wage Be Increased?,Whole Clean Corpus,24.09387651532686,3.181957721710205,74,/m/home/home6/63/viljanj7/data/Desktop/dibaru/dibaru/data/procon_corpus.jsonl,procon_corpus.jsonl#L898
899,Should the Federal Minimum Wage Be Increased?,Whole Clean Corpus,30.583662042654378,3.4204659461975098,104,/m/home/home6/63/viljanj7/data/Desktop/dibaru/dibaru/data/procon_corpus.jsonl,procon_corpus.jsonl#L899
900,Should the Federal Minimum Wage Be Increased?,Whole Clean Corpus,16.465462433735446,2.801265001296997,134,/m/home/home6/63/viljanj7/data/Desktop/dibaru/dibaru/data/procon_corpus.jsonl,procon_corpus.jsonl#L900
901,Should the Federal Minimum Wage Be Increased?,Whole Clean Corpus,13.089844623334093,2.5718367099761963,212,/m/home/home6/63/viljanj7/data/Desktop/dibaru/dibaru/data/procon_corpus.jsonl,procon_corpus.jsonl#L901
902,Should the Federal Minimum Wage Be Increased?,Whole Clean Corpus,23.41034401494641,3.1531779766082764,126,/m/home/home6/63/viljanj7/data/Desktop/dibaru/dibaru/data/procon_corpus.jsonl,procon_corpus.jsonl#L902
903,Should the Federal Minimum Wage Be Increased?,Whole Clean Corpus,18.328055265584165,2.908432960510254,178,/m/home/home6/63/viljanj7/data/Desktop/dibaru/dibaru/data/procon_corpus.jsonl,procon_corpus.jsonl#L903
904,Should the Federal Minimum Wage Be Increased?,Whole Clean Corpus,55.77001836374072,4.021236419677734,153,/m/home/home6/63/viljanj7/data/Desktop/dibaru/dibaru/data/procon_corpus.jsonl,procon_corpus.jsonl#L904
905,Should the Federal Minimum Wage Be Increased?,Whole Clean Corpus,30.186286548673483,3.4073877334594727,146,/m/home/home6/63/viljanj7/data/Desktop/dibaru/dibaru/data/procon_corpus.jsonl,procon_corpus.jsonl#L905
906,Should the Federal Minimum Wage Be Increased?,Whole Clean Corpus,22.132288354203723,3.0970375537872314,140,/m/home/home6/63/viljanj7/data/Desktop/dibaru/dibaru/data/procon_corpus.jsonl,procon_corpus.jsonl#L906
907,Should the Federal Minimum Wage Be Increased?,Whole Clean Corpus,23.212866746362774,3.1447067260742188,68,/m/home/home6/63/viljanj7/data/Desktop/dibaru/dibaru/data/procon_corpus.jsonl,procon_corpus.jsonl#L907
908,Should the Federal Minimum Wage Be Increased?,Whole Clean Corpus,42.04889841340885,3.73883318901062,116,/m/home/home6/63/viljanj7/data/Desktop/dibaru/dibaru/data/procon_corpus.jsonl,procon_corpus.jsonl#L908
909,Should the Federal Minimum Wage Be Increased?,Whole Clean Corpus,27.873755820966128,3.327685594558716,171,/m/home/home6/63/viljanj7/data/Desktop/dibaru/dibaru/data/procon_corpus.jsonl,procon_corpus.jsonl#L909
910,Should the Federal Minimum Wage Be Increased?,Whole Clean Corpus,19.053141726103743,2.9472320079803467,98,/m/home/home6/63/viljanj7/data/Desktop/dibaru/dibaru/data/procon_corpus.jsonl,procon_corpus.jsonl#L910
911,Should the Federal Minimum Wage Be Increased?,Whole Clean Corpus,45.11558286950558,3.809227705001831,93,/m/home/home6/63/viljanj7/data/Desktop/dibaru/dibaru/data/procon_corpus.jsonl,procon_corpus.jsonl#L911
912,Should the Federal Minimum Wage Be Increased?,Whole Clean Corpus,28.80969756271114,3.3607120513916016,110,/m/home/home6/63/viljanj7/data/Desktop/dibaru/dibaru/data/procon_corpus.jsonl,procon_corpus.jsonl#L912
913,Should the Federal Minimum Wage Be Increased?,Whole Clean Corpus,28.097235380026724,3.3356711864471436,145,/m/home/home6/63/viljanj7/data/Desktop/dibaru/dibaru/data/procon_corpus.jsonl,procon_corpus.jsonl#L913
914,Should the Federal Minimum Wage Be Increased?,Whole Clean Corpus,14.648991176285858,2.6843714714050293,105,/m/home/home6/63/viljanj7/data/Desktop/dibaru/dibaru/data/procon_corpus.jsonl,procon_corpus.jsonl#L914
915,Should the Federal Minimum Wage Be Increased?,Whole Clean Corpus,33.36754156918709,3.5075836181640625,72,/m/home/home6/63/viljanj7/data/Desktop/dibaru/dibaru/data/procon_corpus.jsonl,procon_corpus.jsonl#L915
916,Should the Federal Minimum Wage Be Increased?,Whole Clean Corpus,16.79745774920772,2.821227550506592,90,/m/home/home6/63/viljanj7/data/Desktop/dibaru/dibaru/data/procon_corpus.jsonl,procon_corpus.jsonl#L916
917,Should the Federal Minimum Wage Be Increased?,Whole Clean Corpus,28.708451668950424,3.357191562652588,141,/m/home/home6/63/viljanj7/data/Desktop/dibaru/dibaru/data/procon_corpus.jsonl,procon_corpus.jsonl#L917
918,Should the Federal Minimum Wage Be Increased?,Whole Clean Corpus,21.989712742039114,3.0905747413635254,108,/m/home/home6/63/viljanj7/data/Desktop/dibaru/dibaru/data/procon_corpus.jsonl,procon_corpus.jsonl#L918
919,Are the Olympic Games an Overall Benefit for Their Host Countries and Cities?,Whole Clean Corpus,22.995175287787383,3.135284423828125,66,/m/home/home6/63/viljanj7/data/Desktop/dibaru/dibaru/data/procon_corpus.jsonl,procon_corpus.jsonl#L919
920,Are the Olympic Games an Overall Benefit for Their Host Countries and Cities?,Whole Clean Corpus,26.459195959572565,3.275603771209717,59,/m/home/home6/63/viljanj7/data/Desktop/dibaru/dibaru/data/procon_corpus.jsonl,procon_corpus.jsonl#L920
921,Are the Olympic Games an Overall Benefit for Their Host Countries and Cities?,Whole Clean Corpus,33.472878428513425,3.510735511779785,86,/m/home/home6/63/viljanj7/data/Desktop/dibaru/dibaru/data/procon_corpus.jsonl,procon_corpus.jsonl#L921
922,Are the Olympic Games an Overall Benefit for Their Host Countries and Cities?,Whole Clean Corpus,24.120487901218336,3.1830615997314453,56,/m/home/home6/63/viljanj7/data/Desktop/dibaru/dibaru/data/procon_corpus.jsonl,procon_corpus.jsonl#L922
923,Are the Olympic Games an Overall Benefit for Their Host Countries and Cities?,Whole Clean Corpus,68.08062295645877,4.2206926345825195,67,/m/home/home6/63/viljanj7/data/Desktop/dibaru/dibaru/data/procon_corpus.jsonl,procon_corpus.jsonl#L923
924,Are the Olympic Games an Overall Benefit for Their Host Countries and Cities?,Whole Clean Corpus,33.27721068602842,3.5048727989196777,160,/m/home/home6/63/viljanj7/data/Desktop/dibaru/dibaru/data/procon_corpus.jsonl,procon_corpus.jsonl#L924
925,Are the Olympic Games an Overall Benefit for Their Host Countries and Cities?,Whole Clean Corpus,260.31290891679276,5.56188440322876,34,/m/home/home6/63/viljanj7/data/Desktop/dibaru/dibaru/data/procon_corpus.jsonl,procon_corpus.jsonl#L925
926,Are the Olympic Games an Overall Benefit for Their Host Countries and Cities?,Whole Clean Corpus,36.026825061528726,3.584263801574707,57,/m/home/home6/63/viljanj7/data/Desktop/dibaru/dibaru/data/procon_corpus.jsonl,procon_corpus.jsonl#L926
927,Are the Olympic Games an Overall Benefit for Their Host Countries and Cities?,Whole Clean Corpus,72.09815742644734,4.27802848815918,43,/m/home/home6/63/viljanj7/data/Desktop/dibaru/dibaru/data/procon_corpus.jsonl,procon_corpus.jsonl#L927
928,Are the Olympic Games an Overall Benefit for Their Host Countries and Cities?,Whole Clean Corpus,64.8732755813216,4.172435760498047,100,/m/home/home6/63/viljanj7/data/Desktop/dibaru/dibaru/data/procon_corpus.jsonl,procon_corpus.jsonl#L928
929,Are the Olympic Games an Overall Benefit for Their Host Countries and Cities?,Whole Clean Corpus,38.480100562561056,3.6501412391662598,69,/m/home/home6/63/viljanj7/data/Desktop/dibaru/dibaru/data/procon_corpus.jsonl,procon_corpus.jsonl#L929
930,Are the Olympic Games an Overall Benefit for Their Host Countries and Cities?,Whole Clean Corpus,134.8191164596631,4.903934001922607,13,/m/home/home6/63/viljanj7/data/Desktop/dibaru/dibaru/data/procon_corpus.jsonl,procon_corpus.jsonl#L930
931,Are the Olympic Games an Overall Benefit for Their Host Countries and Cities?,Whole Clean Corpus,128.70500007609698,4.857522964477539,51,/m/home/home6/63/viljanj7/data/Desktop/dibaru/dibaru/data/procon_corpus.jsonl,procon_corpus.jsonl#L931
932,Are the Olympic Games an Overall Benefit for Their Host Countries and Cities?,Whole Clean Corpus,47.19472560693935,3.8542821407318115,104,/m/home/home6/63/viljanj7/data/Desktop/dibaru/dibaru/data/procon_corpus.jsonl,procon_corpus.jsonl#L932
933,Are the Olympic Games an Overall Benefit for Their Host Countries and Cities?,Whole Clean Corpus,38.63451145014166,3.6541459560394287,114,/m/home/home6/63/viljanj7/data/Desktop/dibaru/dibaru/data/procon_corpus.jsonl,procon_corpus.jsonl#L933
934,Are the Olympic Games an Overall Benefit for Their Host Countries and Cities?,Whole Clean Corpus,58.85159185783781,4.075018882751465,61,/m/home/home6/63/viljanj7/data/Desktop/dibaru/dibaru/data/procon_corpus.jsonl,procon_corpus.jsonl#L934
935,Are the Olympic Games an Overall Benefit for Their Host Countries and Cities?,Whole Clean Corpus,105.88377936662545,4.662342071533203,49,/m/home/home6/63/viljanj7/data/Desktop/dibaru/dibaru/data/procon_corpus.jsonl,procon_corpus.jsonl#L935
936,Are the Olympic Games an Overall Benefit for Their Host Countries and Cities?,Whole Clean Corpus,29.655319625403624,3.389641523361206,174,/m/home/home6/63/viljanj7/data/Desktop/dibaru/dibaru/data/procon_corpus.jsonl,procon_corpus.jsonl#L936
937,Are the Olympic Games an Overall Benefit for Their Host Countries and Cities?,Whole Clean Corpus,95.03189481894387,4.55421257019043,63,/m/home/home6/63/viljanj7/data/Desktop/dibaru/dibaru/data/procon_corpus.jsonl,procon_corpus.jsonl#L937
938,Are the Olympic Games an Overall Benefit for Their Host Countries and Cities?,Whole Clean Corpus,83.27899764278183,4.422196388244629,63,/m/home/home6/63/viljanj7/data/Desktop/dibaru/dibaru/data/procon_corpus.jsonl,procon_corpus.jsonl#L938
939,Are the Olympic Games an Overall Benefit for Their Host Countries and Cities?,Whole Clean Corpus,79.20412262646265,4.372028350830078,50,/m/home/home6/63/viljanj7/data/Desktop/dibaru/dibaru/data/procon_corpus.jsonl,procon_corpus.jsonl#L939
940,Are the Olympic Games an Overall Benefit for Their Host Countries and Cities?,Whole Clean Corpus,64.2659019216517,4.163029193878174,81,/m/home/home6/63/viljanj7/data/Desktop/dibaru/dibaru/data/procon_corpus.jsonl,procon_corpus.jsonl#L940
941,Should Birth Control Pills Be Available Over the Counter (OTC)?,Whole Clean Corpus,26.48053313665633,3.276409864425659,355,/m/home/home6/63/viljanj7/data/Desktop/dibaru/dibaru/data/procon_corpus.jsonl,procon_corpus.jsonl#L941
942,Should Birth Control Pills Be Available Over the Counter (OTC)?,Whole Clean Corpus,17.19741747674407,2.844759225845337,304,/m/home/home6/63/viljanj7/data/Desktop/dibaru/dibaru/data/procon_corpus.jsonl,procon_corpus.jsonl#L942
943,Should Birth Control Pills Be Available Over the Counter (OTC)?,Whole Clean Corpus,15.138570384812637,2.7172458171844482,274,/m/home/home6/63/viljanj7/data/Desktop/dibaru/dibaru/data/procon_corpus.jsonl,procon_corpus.jsonl#L943
944,Should Birth Control Pills Be Available Over the Counter (OTC)?,Whole Clean Corpus,59.06669114070916,4.078667163848877,167,/m/home/home6/63/viljanj7/data/Desktop/dibaru/dibaru/data/procon_corpus.jsonl,procon_corpus.jsonl#L944
945,Should Birth Control Pills Be Available Over the Counter (OTC)?,Whole Clean Corpus,27.72081594153447,3.322183609008789,198,/m/home/home6/63/viljanj7/data/Desktop/dibaru/dibaru/data/procon_corpus.jsonl,procon_corpus.jsonl#L945
946,Should Birth Control Pills Be Available Over the Counter (OTC)?,Whole Clean Corpus,33.29627338443641,3.5054454803466797,141,/m/home/home6/63/viljanj7/data/Desktop/dibaru/dibaru/data/procon_corpus.jsonl,procon_corpus.jsonl#L946
947,Should Birth Control Pills Be Available Over the Counter (OTC)?,Whole Clean Corpus,26.720234719475805,3.285421133041382,168,/m/home/home6/63/viljanj7/data/Desktop/dibaru/dibaru/data/procon_corpus.jsonl,procon_corpus.jsonl#L947
948,Should Birth Control Pills Be Available Over the Counter (OTC)?,Whole Clean Corpus,27.088259331637477,3.299100399017334,199,/m/home/home6/63/viljanj7/data/Desktop/dibaru/dibaru/data/procon_corpus.jsonl,procon_corpus.jsonl#L948
949,Should Birth Control Pills Be Available Over the Counter (OTC)?,Whole Clean Corpus,30.151811166002688,3.406244993209839,192,/m/home/home6/63/viljanj7/data/Desktop/dibaru/dibaru/data/procon_corpus.jsonl,procon_corpus.jsonl#L949
950,Should Birth Control Pills Be Available Over the Counter (OTC)?,Whole Clean Corpus,39.74218035805696,3.682413101196289,166,/m/home/home6/63/viljanj7/data/Desktop/dibaru/dibaru/data/procon_corpus.jsonl,procon_corpus.jsonl#L950
951,Should Birth Control Pills Be Available Over the Counter (OTC)?,Whole Clean Corpus,30.563186477331413,3.4197962284088135,175,/m/home/home6/63/viljanj7/data/Desktop/dibaru/dibaru/data/procon_corpus.jsonl,procon_corpus.jsonl#L951
952,Should Birth Control Pills Be Available Over the Counter (OTC)?,Whole Clean Corpus,36.70828754447124,3.6030025482177734,136,/m/home/home6/63/viljanj7/data/Desktop/dibaru/dibaru/data/procon_corpus.jsonl,procon_corpus.jsonl#L952
953,Should Birth Control Pills Be Available Over the Counter (OTC)?,Whole Clean Corpus,39.188239310342944,3.6683766841888428,192,/m/home/home6/63/viljanj7/data/Desktop/dibaru/dibaru/data/procon_corpus.jsonl,procon_corpus.jsonl#L953
954,Should Birth Control Pills Be Available Over the Counter (OTC)?,Whole Clean Corpus,66.01212316150925,4.189838409423828,274,/m/home/home6/63/viljanj7/data/Desktop/dibaru/dibaru/data/procon_corpus.jsonl,procon_corpus.jsonl#L954
955,Should Birth Control Pills Be Available Over the Counter (OTC)?,Whole Clean Corpus,28.394310302805764,3.34618878364563,297,/m/home/home6/63/viljanj7/data/Desktop/dibaru/dibaru/data/procon_corpus.jsonl,procon_corpus.jsonl#L955
956,Should Birth Control Pills Be Available Over the Counter (OTC)?,Whole Clean Corpus,30.75658349563912,3.4261040687561035,201,/m/home/home6/63/viljanj7/data/Desktop/dibaru/dibaru/data/procon_corpus.jsonl,procon_corpus.jsonl#L956
957,Should Birth Control Pills Be Available Over the Counter (OTC)?,Whole Clean Corpus,43.800603189172016,3.7796475887298584,232,/m/home/home6/63/viljanj7/data/Desktop/dibaru/dibaru/data/procon_corpus.jsonl,procon_corpus.jsonl#L957
958,Should Birth Control Pills Be Available Over the Counter (OTC)?,Whole Clean Corpus,32.52329885537973,3.481956720352173,224,/m/home/home6/63/viljanj7/data/Desktop/dibaru/dibaru/data/procon_corpus.jsonl,procon_corpus.jsonl#L958
959,Should Birth Control Pills Be Available Over the Counter (OTC)?,Whole Clean Corpus,43.06078919951902,3.762612819671631,136,/m/home/home6/63/viljanj7/data/Desktop/dibaru/dibaru/data/procon_corpus.jsonl,procon_corpus.jsonl#L959
960,Should Birth Control Pills Be Available Over the Counter (OTC)?,Whole Clean Corpus,23.33557720141324,3.1499791145324707,224,/m/home/home6/63/viljanj7/data/Desktop/dibaru/dibaru/data/procon_corpus.jsonl,procon_corpus.jsonl#L960
961,Should Birth Control Pills Be Available Over the Counter (OTC)?,Whole Clean Corpus,29.66493690018485,3.389965772628784,330,/m/home/home6/63/viljanj7/data/Desktop/dibaru/dibaru/data/procon_corpus.jsonl,procon_corpus.jsonl#L961
962,Should Birth Control Pills Be Available Over the Counter (OTC)?,Whole Clean Corpus,31.381752607110148,3.4462265968322754,174,/m/home/home6/63/viljanj7/data/Desktop/dibaru/dibaru/data/procon_corpus.jsonl,procon_corpus.jsonl#L962
963,Should Birth Control Pills Be Available Over the Counter (OTC)?,Whole Clean Corpus,24.521678003504217,3.1995575428009033,89,/m/home/home6/63/viljanj7/data/Desktop/dibaru/dibaru/data/procon_corpus.jsonl,procon_corpus.jsonl#L963
964,Should Birth Control Pills Be Available Over the Counter (OTC)?,Whole Clean Corpus,17.403935647181864,2.856696367263794,83,/m/home/home6/63/viljanj7/data/Desktop/dibaru/dibaru/data/procon_corpus.jsonl,procon_corpus.jsonl#L964
965,Should Birth Control Pills Be Available Over the Counter (OTC)?,Whole Clean Corpus,35.14380930680468,3.559448480606079,47,/m/home/home6/63/viljanj7/data/Desktop/dibaru/dibaru/data/procon_corpus.jsonl,procon_corpus.jsonl#L965
966,Should Birth Control Pills Be Available Over the Counter (OTC)?,Whole Clean Corpus,36.98435888703221,3.610495090484619,71,/m/home/home6/63/viljanj7/data/Desktop/dibaru/dibaru/data/procon_corpus.jsonl,procon_corpus.jsonl#L966
967,Should Birth Control Pills Be Available Over the Counter (OTC)?,Whole Clean Corpus,31.248534970059442,3.441972494125366,127,/m/home/home6/63/viljanj7/data/Desktop/dibaru/dibaru/data/procon_corpus.jsonl,procon_corpus.jsonl#L967
968,Should Birth Control Pills Be Available Over the Counter (OTC)?,Whole Clean Corpus,47.88767186648662,3.8688580989837646,96,/m/home/home6/63/viljanj7/data/Desktop/dibaru/dibaru/data/procon_corpus.jsonl,procon_corpus.jsonl#L968
969,Should Birth Control Pills Be Available Over the Counter (OTC)?,Whole Clean Corpus,60.33277269064408,4.099875450134277,83,/m/home/home6/63/viljanj7/data/Desktop/dibaru/dibaru/data/procon_corpus.jsonl,procon_corpus.jsonl#L969
970,Should Birth Control Pills Be Available Over the Counter (OTC)?,Whole Clean Corpus,30.610521918676227,3.4213438034057617,84,/m/home/home6/63/viljanj7/data/Desktop/dibaru/dibaru/data/procon_corpus.jsonl,procon_corpus.jsonl#L970
971,Should Birth Control Pills Be Available Over the Counter (OTC)?,Whole Clean Corpus,22.17332140567202,3.0988898277282715,90,/m/home/home6/63/viljanj7/data/Desktop/dibaru/dibaru/data/procon_corpus.jsonl,procon_corpus.jsonl#L971
972,Should Birth Control Pills Be Available Over the Counter (OTC)?,Whole Clean Corpus,17.05866827535831,2.836658477783203,117,/m/home/home6/63/viljanj7/data/Desktop/dibaru/dibaru/data/procon_corpus.jsonl,procon_corpus.jsonl#L972
973,Should Birth Control Pills Be Available Over the Counter (OTC)?,Whole Clean Corpus,16.34869321224157,2.7941479682922363,112,/m/home/home6/63/viljanj7/data/Desktop/dibaru/dibaru/data/procon_corpus.jsonl,procon_corpus.jsonl#L973
974,Should Birth Control Pills Be Available Over the Counter (OTC)?,Whole Clean Corpus,31.286800417256472,3.4431962966918945,44,/m/home/home6/63/viljanj7/data/Desktop/dibaru/dibaru/data/procon_corpus.jsonl,procon_corpus.jsonl#L974
975,Should Birth Control Pills Be Available Over the Counter (OTC)?,Whole Clean Corpus,47.155618269122385,3.8534531593322754,40,/m/home/home6/63/viljanj7/data/Desktop/dibaru/dibaru/data/procon_corpus.jsonl,procon_corpus.jsonl#L975
976,Should Birth Control Pills Be Available Over the Counter (OTC)?,Whole Clean Corpus,32.812551489120224,3.4908111095428467,91,/m/home/home6/63/viljanj7/data/Desktop/dibaru/dibaru/data/procon_corpus.jsonl,procon_corpus.jsonl#L976
977,Should Birth Control Pills Be Available Over the Counter (OTC)?,Whole Clean Corpus,36.87310536172955,3.607482433319092,53,/m/home/home6/63/viljanj7/data/Desktop/dibaru/dibaru/data/procon_corpus.jsonl,procon_corpus.jsonl#L977
978,Should Birth Control Pills Be Available Over the Counter (OTC)?,Whole Clean Corpus,16.590682265879646,2.8088412284851074,101,/m/home/home6/63/viljanj7/data/Desktop/dibaru/dibaru/data/procon_corpus.jsonl,procon_corpus.jsonl#L978
979,Should Birth Control Pills Be Available Over the Counter (OTC)?,Whole Clean Corpus,43.57712331808193,3.7745323181152344,53,/m/home/home6/63/viljanj7/data/Desktop/dibaru/dibaru/data/procon_corpus.jsonl,procon_corpus.jsonl#L979
980,Should Birth Control Pills Be Available Over the Counter (OTC)?,Whole Clean Corpus,27.398524941795166,3.3104891777038574,20,/m/home/home6/63/viljanj7/data/Desktop/dibaru/dibaru/data/procon_corpus.jsonl,procon_corpus.jsonl#L980
981,Should Birth Control Pills Be Available Over the Counter (OTC)?,Whole Clean Corpus,6.467621456788229,1.8668084144592285,59,/m/home/home6/63/viljanj7/data/Desktop/dibaru/dibaru/data/procon_corpus.jsonl,procon_corpus.jsonl#L981
982,Should Birth Control Pills Be Available Over the Counter (OTC)?,Whole Clean Corpus,10.76586716832682,2.376380681991577,83,/m/home/home6/63/viljanj7/data/Desktop/dibaru/dibaru/data/procon_corpus.jsonl,procon_corpus.jsonl#L982
983,Should Birth Control Pills Be Available Over the Counter (OTC)?,Whole Clean Corpus,39.94278378568704,3.687448024749756,63,/m/home/home6/63/viljanj7/data/Desktop/dibaru/dibaru/data/procon_corpus.jsonl,procon_corpus.jsonl#L983
984,Should Birth Control Pills Be Available Over the Counter (OTC)?,Whole Clean Corpus,47.15629284047755,3.8534674644470215,107,/m/home/home6/63/viljanj7/data/Desktop/dibaru/dibaru/data/procon_corpus.jsonl,procon_corpus.jsonl#L984
985,Should Birth Control Pills Be Available Over the Counter (OTC)?,Whole Clean Corpus,36.82150179988523,3.606081962585449,110,/m/home/home6/63/viljanj7/data/Desktop/dibaru/dibaru/data/procon_corpus.jsonl,procon_corpus.jsonl#L985
986,Should Birth Control Pills Be Available Over the Counter (OTC)?,Whole Clean Corpus,22.831227905964685,3.128129243850708,97,/m/home/home6/63/viljanj7/data/Desktop/dibaru/dibaru/data/procon_corpus.jsonl,procon_corpus.jsonl#L986
987,Should Birth Control Pills Be Available Over the Counter (OTC)?,Whole Clean Corpus,15.76557792214862,2.757828950881958,55,/m/home/home6/63/viljanj7/data/Desktop/dibaru/dibaru/data/procon_corpus.jsonl,procon_corpus.jsonl#L987
988,Should Birth Control Pills Be Available Over the Counter (OTC)?,Whole Clean Corpus,79.11994593359026,4.370965003967285,60,/m/home/home6/63/viljanj7/data/Desktop/dibaru/dibaru/data/procon_corpus.jsonl,procon_corpus.jsonl#L988
989,Should Birth Control Pills Be Available Over the Counter (OTC)?,Whole Clean Corpus,32.453137473238655,3.479797124862671,36,/m/home/home6/63/viljanj7/data/Desktop/dibaru/dibaru/data/procon_corpus.jsonl,procon_corpus.jsonl#L989
990,Should Birth Control Pills Be Available Over the Counter (OTC)?,Whole Clean Corpus,65.6955646468914,4.185031414031982,29,/m/home/home6/63/viljanj7/data/Desktop/dibaru/dibaru/data/procon_corpus.jsonl,procon_corpus.jsonl#L990
991,Should Birth Control Pills Be Available Over the Counter (OTC)?,Whole Clean Corpus,38.11814161542655,3.640690326690674,53,/m/home/home6/63/viljanj7/data/Desktop/dibaru/dibaru/data/procon_corpus.jsonl,procon_corpus.jsonl#L991
992,Should Birth Control Pills Be Available Over the Counter (OTC)?,Whole Clean Corpus,55.61967716684592,4.0185370445251465,52,/m/home/home6/63/viljanj7/data/Desktop/dibaru/dibaru/data/procon_corpus.jsonl,procon_corpus.jsonl#L992
993,Should Birth Control Pills Be Available Over the Counter (OTC)?,Whole Clean Corpus,35.852247664642135,3.579406261444092,145,/m/home/home6/63/viljanj7/data/Desktop/dibaru/dibaru/data/procon_corpus.jsonl,procon_corpus.jsonl#L993
994,Should Birth Control Pills Be Available Over the Counter (OTC)?,Whole Clean Corpus,21.670989233553204,3.075974464416504,258,/m/home/home6/63/viljanj7/data/Desktop/dibaru/dibaru/data/procon_corpus.jsonl,procon_corpus.jsonl#L994
995,Should Birth Control Pills Be Available Over the Counter (OTC)?,Whole Clean Corpus,18.943431932408757,2.9414572715759277,64,/m/home/home6/63/viljanj7/data/Desktop/dibaru/dibaru/data/procon_corpus.jsonl,procon_corpus.jsonl#L995
996,Should Birth Control Pills Be Available Over the Counter (OTC)?,Whole Clean Corpus,36.43319982482063,3.595480442047119,57,/m/home/home6/63/viljanj7/data/Desktop/dibaru/dibaru/data/procon_corpus.jsonl,procon_corpus.jsonl#L996
997,Should Birth Control Pills Be Available Over the Counter (OTC)?,Whole Clean Corpus,102.53387517489354,4.63019323348999,54,/m/home/home6/63/viljanj7/data/Desktop/dibaru/dibaru/data/procon_corpus.jsonl,procon_corpus.jsonl#L997
998,Should Birth Control Pills Be Available Over the Counter (OTC)?,Whole Clean Corpus,38.76052287477298,3.657402276992798,45,/m/home/home6/63/viljanj7/data/Desktop/dibaru/dibaru/data/procon_corpus.jsonl,procon_corpus.jsonl#L998
999,Should Birth Control Pills Be Available Over the Counter (OTC)?,Whole Clean Corpus,21.976578319483842,3.089977264404297,64,/m/home/home6/63/viljanj7/data/Desktop/dibaru/dibaru/data/procon_corpus.jsonl,procon_corpus.jsonl#L999
1000,Should Birth Control Pills Be Available Over the Counter (OTC)?,Whole Clean Corpus,53.70249555828012,3.98345947265625,68,/m/home/home6/63/viljanj7/data/Desktop/dibaru/dibaru/data/procon_corpus.jsonl,procon_corpus.jsonl#L1000
1001,Should Birth Control Pills Be Available Over the Counter (OTC)?,Whole Clean Corpus,68.09552527440913,4.220911502838135,64,/m/home/home6/63/viljanj7/data/Desktop/dibaru/dibaru/data/procon_corpus.jsonl,procon_corpus.jsonl#L1001
1002,Should Birth Control Pills Be Available Over the Counter (OTC)?,Whole Clean Corpus,23.577696662166836,3.1603012084960938,77,/m/home/home6/63/viljanj7/data/Desktop/dibaru/dibaru/data/procon_corpus.jsonl,procon_corpus.jsonl#L1002
1003,Should Birth Control Pills Be Available Over the Counter (OTC)?,Whole Clean Corpus,12.458730204742903,2.5224215984344482,66,/m/home/home6/63/viljanj7/data/Desktop/dibaru/dibaru/data/procon_corpus.jsonl,procon_corpus.jsonl#L1003
1004,Should Birth Control Pills Be Available Over the Counter (OTC)?,Whole Clean Corpus,51.26138855248292,3.9369378089904785,92,/m/home/home6/63/viljanj7/data/Desktop/dibaru/dibaru/data/procon_corpus.jsonl,procon_corpus.jsonl#L1004
1005,Should Birth Control Pills Be Available Over the Counter (OTC)?,Whole Clean Corpus,18.214146148624046,2.902198553085327,107,/m/home/home6/63/viljanj7/data/Desktop/dibaru/dibaru/data/procon_corpus.jsonl,procon_corpus.jsonl#L1005
1006,Should Birth Control Pills Be Available Over the Counter (OTC)?,Whole Clean Corpus,30.190007612292344,3.407510995864868,102,/m/home/home6/63/viljanj7/data/Desktop/dibaru/dibaru/data/procon_corpus.jsonl,procon_corpus.jsonl#L1006
1007,Should Birth Control Pills Be Available Over the Counter (OTC)?,Whole Clean Corpus,49.50012302260506,3.901975154876709,62,/m/home/home6/63/viljanj7/data/Desktop/dibaru/dibaru/data/procon_corpus.jsonl,procon_corpus.jsonl#L1007
1008,Should Birth Control Pills Be Available Over the Counter (OTC)?,Whole Clean Corpus,72.07237772611757,4.277670860290527,42,/m/home/home6/63/viljanj7/data/Desktop/dibaru/dibaru/data/procon_corpus.jsonl,procon_corpus.jsonl#L1008
1009,Should Birth Control Pills Be Available Over the Counter (OTC)?,Whole Clean Corpus,55.21089868211486,4.011160373687744,120,/m/home/home6/63/viljanj7/data/Desktop/dibaru/dibaru/data/procon_corpus.jsonl,procon_corpus.jsonl#L1009
1010,Should Birth Control Pills Be Available Over the Counter (OTC)?,Whole Clean Corpus,52.17462580685262,3.9545962810516357,76,/m/home/home6/63/viljanj7/data/Desktop/dibaru/dibaru/data/procon_corpus.jsonl,procon_corpus.jsonl#L1010
1011,Should Birth Control Pills Be Available Over the Counter (OTC)?,Whole Clean Corpus,25.955094802109198,3.2563679218292236,99,/m/home/home6/63/viljanj7/data/Desktop/dibaru/dibaru/data/procon_corpus.jsonl,procon_corpus.jsonl#L1011
1012,Should Birth Control Pills Be Available Over the Counter (OTC)?,Whole Clean Corpus,17.23349177544624,2.8468546867370605,167,/m/home/home6/63/viljanj7/data/Desktop/dibaru/dibaru/data/procon_corpus.jsonl,procon_corpus.jsonl#L1012
1013,Should Birth Control Pills Be Available Over the Counter (OTC)?,Whole Clean Corpus,39.0649538563996,3.6652257442474365,76,/m/home/home6/63/viljanj7/data/Desktop/dibaru/dibaru/data/procon_corpus.jsonl,procon_corpus.jsonl#L1013
1014,Should Birth Control Pills Be Available Over the Counter (OTC)?,Whole Clean Corpus,49.87488286453845,3.909517526626587,90,/m/home/home6/63/viljanj7/data/Desktop/dibaru/dibaru/data/procon_corpus.jsonl,procon_corpus.jsonl#L1014
1015,Should Birth Control Pills Be Available Over the Counter (OTC)?,Whole Clean Corpus,24.455883082122345,3.196870803833008,65,/m/home/home6/63/viljanj7/data/Desktop/dibaru/dibaru/data/procon_corpus.jsonl,procon_corpus.jsonl#L1015
1016,Should Birth Control Pills Be Available Over the Counter (OTC)?,Whole Clean Corpus,49.112497827500555,3.894113540649414,67,/m/home/home6/63/viljanj7/data/Desktop/dibaru/dibaru/data/procon_corpus.jsonl,procon_corpus.jsonl#L1016
1017,Should Birth Control Pills Be Available Over the Counter (OTC)?,Whole Clean Corpus,24.306839009383,3.1907577514648438,92,/m/home/home6/63/viljanj7/data/Desktop/dibaru/dibaru/data/procon_corpus.jsonl,procon_corpus.jsonl#L1017
1018,Should Birth Control Pills Be Available Over the Counter (OTC)?,Whole Clean Corpus,44.97187019699918,3.806037187576294,61,/m/home/home6/63/viljanj7/data/Desktop/dibaru/dibaru/data/procon_corpus.jsonl,procon_corpus.jsonl#L1018
1019,Should Birth Control Pills Be Available Over the Counter (OTC)?,Whole Clean Corpus,78.67725156723328,4.365354061126709,109,/m/home/home6/63/viljanj7/data/Desktop/dibaru/dibaru/data/procon_corpus.jsonl,procon_corpus.jsonl#L1019
1020,Should Birth Control Pills Be Available Over the Counter (OTC)?,Whole Clean Corpus,69.29351651674716,4.238351345062256,70,/m/home/home6/63/viljanj7/data/Desktop/dibaru/dibaru/data/procon_corpus.jsonl,procon_corpus.jsonl#L1020
1021,Should the Penny Stay in Circulation?,Whole Clean Corpus,45.75640733189733,3.823331832885742,64,/m/home/home6/63/viljanj7/data/Desktop/dibaru/dibaru/data/procon_corpus.jsonl,procon_corpus.jsonl#L1021
1022,Should the Penny Stay in Circulation?,Whole Clean Corpus,65.1825149580309,4.177191257476807,70,/m/home/home6/63/viljanj7/data/Desktop/dibaru/dibaru/data/procon_corpus.jsonl,procon_corpus.jsonl#L1022
1023,Should the Penny Stay in Circulation?,Whole Clean Corpus,46.59206218410653,3.841430187225342,31,/m/home/home6/63/viljanj7/data/Desktop/dibaru/dibaru/data/procon_corpus.jsonl,procon_corpus.jsonl#L1023
1024,Should the Penny Stay in Circulation?,Whole Clean Corpus,41.66808026633247,3.7297353744506836,61,/m/home/home6/63/viljanj7/data/Desktop/dibaru/dibaru/data/procon_corpus.jsonl,procon_corpus.jsonl#L1024
1025,Should the Penny Stay in Circulation?,Whole Clean Corpus,24.930658435617147,3.2160983085632324,41,/m/home/home6/63/viljanj7/data/Desktop/dibaru/dibaru/data/procon_corpus.jsonl,procon_corpus.jsonl#L1025
1026,Should the Penny Stay in Circulation?,Whole Clean Corpus,26.973570115792825,3.2948575019836426,93,/m/home/home6/63/viljanj7/data/Desktop/dibaru/dibaru/data/procon_corpus.jsonl,procon_corpus.jsonl#L1026
1027,Should the Penny Stay in Circulation?,Whole Clean Corpus,23.375368825907785,3.1516828536987305,81,/m/home/home6/63/viljanj7/data/Desktop/dibaru/dibaru/data/procon_corpus.jsonl,procon_corpus.jsonl#L1027
1028,Should the Penny Stay in Circulation?,Whole Clean Corpus,66.4285819356675,4.196127414703369,109,/m/home/home6/63/viljanj7/data/Desktop/dibaru/dibaru/data/procon_corpus.jsonl,procon_corpus.jsonl#L1028
1029,Should the Penny Stay in Circulation?,Whole Clean Corpus,62.55522380327858,4.136049747467041,78,/m/home/home6/63/viljanj7/data/Desktop/dibaru/dibaru/data/procon_corpus.jsonl,procon_corpus.jsonl#L1029
1030,Should the Penny Stay in Circulation?,Whole Clean Corpus,32.02056049600262,3.4663782119750977,140,/m/home/home6/63/viljanj7/data/Desktop/dibaru/dibaru/data/procon_corpus.jsonl,procon_corpus.jsonl#L1030
1031,Should the Penny Stay in Circulation?,Whole Clean Corpus,52.53810898278025,3.961538791656494,67,/m/home/home6/63/viljanj7/data/Desktop/dibaru/dibaru/data/procon_corpus.jsonl,procon_corpus.jsonl#L1031
1032,Should the Penny Stay in Circulation?,Whole Clean Corpus,23.7220322542762,3.1664042472839355,69,/m/home/home6/63/viljanj7/data/Desktop/dibaru/dibaru/data/procon_corpus.jsonl,procon_corpus.jsonl#L1032
1033,Should the Penny Stay in Circulation?,Whole Clean Corpus,60.65963541711301,4.105278491973877,32,/m/home/home6/63/viljanj7/data/Desktop/dibaru/dibaru/data/procon_corpus.jsonl,procon_corpus.jsonl#L1033
1034,Should the Penny Stay in Circulation?,Whole Clean Corpus,85.63509407972842,4.450095176696777,71,/m/home/home6/63/viljanj7/data/Desktop/dibaru/dibaru/data/procon_corpus.jsonl,procon_corpus.jsonl#L1034
1035,Should the Penny Stay in Circulation?,Whole Clean Corpus,42.54556173165828,3.750575542449951,53,/m/home/home6/63/viljanj7/data/Desktop/dibaru/dibaru/data/procon_corpus.jsonl,procon_corpus.jsonl#L1035
1036,Should the Penny Stay in Circulation?,Whole Clean Corpus,33.435271248334715,3.5096113681793213,103,/m/home/home6/63/viljanj7/data/Desktop/dibaru/dibaru/data/procon_corpus.jsonl,procon_corpus.jsonl#L1036
1037,Should the Penny Stay in Circulation?,Whole Clean Corpus,98.23881382565501,4.587401390075684,59,/m/home/home6/63/viljanj7/data/Desktop/dibaru/dibaru/data/procon_corpus.jsonl,procon_corpus.jsonl#L1037
1038,Should Recreational Marijuana Be Legal?,Whole Clean Corpus,28.513150454637085,3.350365400314331,201,/m/home/home6/63/viljanj7/data/Desktop/dibaru/dibaru/data/procon_corpus.jsonl,procon_corpus.jsonl#L1038
1039,Should Recreational Marijuana Be Legal?,Whole Clean Corpus,47.18896488364996,3.8541600704193115,141,/m/home/home6/63/viljanj7/data/Desktop/dibaru/dibaru/data/procon_corpus.jsonl,procon_corpus.jsonl#L1039
1040,Should Recreational Marijuana Be Legal?,Whole Clean Corpus,26.62581762284845,3.281881332397461,166,/m/home/home6/63/viljanj7/data/Desktop/dibaru/dibaru/data/procon_corpus.jsonl,procon_corpus.jsonl#L1040
1041,Should Recreational Marijuana Be Legal?,Whole Clean Corpus,43.80853005045191,3.7798285484313965,166,/m/home/home6/63/viljanj7/data/Desktop/dibaru/dibaru/data/procon_corpus.jsonl,procon_corpus.jsonl#L1041
1042,Should Recreational Marijuana Be Legal?,Whole Clean Corpus,40.892651402828456,3.7109503746032715,100,/m/home/home6/63/viljanj7/data/Desktop/dibaru/dibaru/data/procon_corpus.jsonl,procon_corpus.jsonl#L1042
1043,Should Recreational Marijuana Be Legal?,Whole Clean Corpus,19.420604330904826,2.966334581375122,278,/m/home/home6/63/viljanj7/data/Desktop/dibaru/dibaru/data/procon_corpus.jsonl,procon_corpus.jsonl#L1043
1044,Should Recreational Marijuana Be Legal?,Whole Clean Corpus,22.77973173220348,3.125871181488037,189,/m/home/home6/63/viljanj7/data/Desktop/dibaru/dibaru/data/procon_corpus.jsonl,procon_corpus.jsonl#L1044
1045,Should Recreational Marijuana Be Legal?,Whole Clean Corpus,29.59220597311633,3.3875110149383545,284,/m/home/home6/63/viljanj7/data/Desktop/dibaru/dibaru/data/procon_corpus.jsonl,procon_corpus.jsonl#L1045
1046,Should Recreational Marijuana Be Legal?,Whole Clean Corpus,20.233834265115863,3.0073561668395996,237,/m/home/home6/63/viljanj7/data/Desktop/dibaru/dibaru/data/procon_corpus.jsonl,procon_corpus.jsonl#L1046
1047,Should Recreational Marijuana Be Legal?,Whole Clean Corpus,20.37910102768108,3.014509916305542,388,/m/home/home6/63/viljanj7/data/Desktop/dibaru/dibaru/data/procon_corpus.jsonl,procon_corpus.jsonl#L1047
1048,Should Recreational Marijuana Be Legal?,Whole Clean Corpus,37.386271257330385,3.6213035583496094,273,/m/home/home6/63/viljanj7/data/Desktop/dibaru/dibaru/data/procon_corpus.jsonl,procon_corpus.jsonl#L1048
1049,Should Recreational Marijuana Be Legal?,Whole Clean Corpus,21.123183260538774,3.0503711700439453,371,/m/home/home6/63/viljanj7/data/Desktop/dibaru/dibaru/data/procon_corpus.jsonl,procon_corpus.jsonl#L1049
1050,Should Recreational Marijuana Be Legal?,Whole Clean Corpus,75.58755351646977,4.325291633605957,143,/m/home/home6/63/viljanj7/data/Desktop/dibaru/dibaru/data/procon_corpus.jsonl,procon_corpus.jsonl#L1050
1051,Should Recreational Marijuana Be Legal?,Whole Clean Corpus,39.88783522671479,3.6860713958740234,192,/m/home/home6/63/viljanj7/data/Desktop/dibaru/dibaru/data/procon_corpus.jsonl,procon_corpus.jsonl#L1051
1052,Should Recreational Marijuana Be Legal?,Whole Clean Corpus,31.86832919488642,3.4616127014160156,224,/m/home/home6/63/viljanj7/data/Desktop/dibaru/dibaru/data/procon_corpus.jsonl,procon_corpus.jsonl#L1052
1053,Should Recreational Marijuana Be Legal?,Whole Clean Corpus,33.96801931717132,3.5254194736480713,243,/m/home/home6/63/viljanj7/data/Desktop/dibaru/dibaru/data/procon_corpus.jsonl,procon_corpus.jsonl#L1053
1054,Should Recreational Marijuana Be Legal?,Whole Clean Corpus,24.41914208163376,3.1953673362731934,274,/m/home/home6/63/viljanj7/data/Desktop/dibaru/dibaru/data/procon_corpus.jsonl,procon_corpus.jsonl#L1054
1055,Should Recreational Marijuana Be Legal?,Whole Clean Corpus,47.15214437945616,3.853379487991333,135,/m/home/home6/63/viljanj7/data/Desktop/dibaru/dibaru/data/procon_corpus.jsonl,procon_corpus.jsonl#L1055
1056,Should Recreational Marijuana Be Legal?,Whole Clean Corpus,30.327416990048523,3.4120521545410156,191,/m/home/home6/63/viljanj7/data/Desktop/dibaru/dibaru/data/procon_corpus.jsonl,procon_corpus.jsonl#L1056
1057,Should Recreational Marijuana Be Legal?,Whole Clean Corpus,41.320067823679274,3.721348285675049,256,/m/home/home6/63/viljanj7/data/Desktop/dibaru/dibaru/data/procon_corpus.jsonl,procon_corpus.jsonl#L1057
1058,Should Recreational Marijuana Be Legal?,Whole Clean Corpus,35.373283470302965,3.5659568309783936,196,/m/home/home6/63/viljanj7/data/Desktop/dibaru/dibaru/data/procon_corpus.jsonl,procon_corpus.jsonl#L1058
1059,Should Recreational Marijuana Be Legal?,Whole Clean Corpus,18.569318884325227,2.921510696411133,306,/m/home/home6/63/viljanj7/data/Desktop/dibaru/dibaru/data/procon_corpus.jsonl,procon_corpus.jsonl#L1059
1060,Should Recreational Marijuana Be Legal?,Whole Clean Corpus,25.771518867909563,3.249269962310791,207,/m/home/home6/63/viljanj7/data/Desktop/dibaru/dibaru/data/procon_corpus.jsonl,procon_corpus.jsonl#L1060
1061,Should Recreational Marijuana Be Legal?,Whole Clean Corpus,38.081852048471866,3.639737844467163,168,/m/home/home6/63/viljanj7/data/Desktop/dibaru/dibaru/data/procon_corpus.jsonl,procon_corpus.jsonl#L1061
1062,Should Recreational Marijuana Be Legal?,Whole Clean Corpus,26.263199160371514,3.2681686878204346,91,/m/home/home6/63/viljanj7/data/Desktop/dibaru/dibaru/data/procon_corpus.jsonl,procon_corpus.jsonl#L1062
1063,Should Recreational Marijuana Be Legal?,Whole Clean Corpus,26.46571330201971,3.2758500576019287,110,/m/home/home6/63/viljanj7/data/Desktop/dibaru/dibaru/data/procon_corpus.jsonl,procon_corpus.jsonl#L1063
1064,Should Recreational Marijuana Be Legal?,Whole Clean Corpus,14.232791636835572,2.655548572540283,248,/m/home/home6/63/viljanj7/data/Desktop/dibaru/dibaru/data/procon_corpus.jsonl,procon_corpus.jsonl#L1064
1065,Should Recreational Marijuana Be Legal?,Whole Clean Corpus,27.510101398380872,3.3145532608032227,159,/m/home/home6/63/viljanj7/data/Desktop/dibaru/dibaru/data/procon_corpus.jsonl,procon_corpus.jsonl#L1065
1066,Should Recreational Marijuana Be Legal?,Whole Clean Corpus,11.154673506520707,2.411858558654785,88,/m/home/home6/63/viljanj7/data/Desktop/dibaru/dibaru/data/procon_corpus.jsonl,procon_corpus.jsonl#L1066
1067,Should Recreational Marijuana Be Legal?,Whole Clean Corpus,29.035800196978663,3.3685295581817627,146,/m/home/home6/63/viljanj7/data/Desktop/dibaru/dibaru/data/procon_corpus.jsonl,procon_corpus.jsonl#L1067
1068,Should Recreational Marijuana Be Legal?,Whole Clean Corpus,12.41121160068131,2.5186002254486084,95,/m/home/home6/63/viljanj7/data/Desktop/dibaru/dibaru/data/procon_corpus.jsonl,procon_corpus.jsonl#L1068
1069,Should Recreational Marijuana Be Legal?,Whole Clean Corpus,32.7880664344865,3.4900646209716797,114,/m/home/home6/63/viljanj7/data/Desktop/dibaru/dibaru/data/procon_corpus.jsonl,procon_corpus.jsonl#L1069
1070,Should Recreational Marijuana Be Legal?,Whole Clean Corpus,14.362544439946506,2.664623737335205,203,/m/home/home6/63/viljanj7/data/Desktop/dibaru/dibaru/data/procon_corpus.jsonl,procon_corpus.jsonl#L1070
1071,Should Recreational Marijuana Be Legal?,Whole Clean Corpus,28.991521954747864,3.3670034408569336,120,/m/home/home6/63/viljanj7/data/Desktop/dibaru/dibaru/data/procon_corpus.jsonl,procon_corpus.jsonl#L1071
1072,Should Recreational Marijuana Be Legal?,Whole Clean Corpus,19.06247910356113,2.9477219581604004,151,/m/home/home6/63/viljanj7/data/Desktop/dibaru/dibaru/data/procon_corpus.jsonl,procon_corpus.jsonl#L1072
1073,Should Recreational Marijuana Be Legal?,Whole Clean Corpus,42.792104732928905,3.7563536167144775,73,/m/home/home6/63/viljanj7/data/Desktop/dibaru/dibaru/data/procon_corpus.jsonl,procon_corpus.jsonl#L1073
1074,Should Recreational Marijuana Be Legal?,Whole Clean Corpus,17.407774285434737,2.856916904449463,117,/m/home/home6/63/viljanj7/data/Desktop/dibaru/dibaru/data/procon_corpus.jsonl,procon_corpus.jsonl#L1074
1075,Should Recreational Marijuana Be Legal?,Whole Clean Corpus,18.202229636616032,2.9015440940856934,66,/m/home/home6/63/viljanj7/data/Desktop/dibaru/dibaru/data/procon_corpus.jsonl,procon_corpus.jsonl#L1075
1076,Should Recreational Marijuana Be Legal?,Whole Clean Corpus,14.585695864786745,2.6800413131713867,104,/m/home/home6/63/viljanj7/data/Desktop/dibaru/dibaru/data/procon_corpus.jsonl,procon_corpus.jsonl#L1076
1077,Should Recreational Marijuana Be Legal?,Whole Clean Corpus,37.866906414991384,3.634077548980713,84,/m/home/home6/63/viljanj7/data/Desktop/dibaru/dibaru/data/procon_corpus.jsonl,procon_corpus.jsonl#L1077
1078,Should Recreational Marijuana Be Legal?,Whole Clean Corpus,19.678783256368085,2.979541063308716,120,/m/home/home6/63/viljanj7/data/Desktop/dibaru/dibaru/data/procon_corpus.jsonl,procon_corpus.jsonl#L1078
1079,Should Recreational Marijuana Be Legal?,Whole Clean Corpus,49.680439123528444,3.905611276626587,124,/m/home/home6/63/viljanj7/data/Desktop/dibaru/dibaru/data/procon_corpus.jsonl,procon_corpus.jsonl#L1079
1080,Should Recreational Marijuana Be Legal?,Whole Clean Corpus,26.394104448506674,3.2731406688690186,47,/m/home/home6/63/viljanj7/data/Desktop/dibaru/dibaru/data/procon_corpus.jsonl,procon_corpus.jsonl#L1080
1081,Should Recreational Marijuana Be Legal?,Whole Clean Corpus,35.340828823094036,3.5650389194488525,47,/m/home/home6/63/viljanj7/data/Desktop/dibaru/dibaru/data/procon_corpus.jsonl,procon_corpus.jsonl#L1081
1082,Should Recreational Marijuana Be Legal?,Whole Clean Corpus,26.154690650212864,3.264028549194336,87,/m/home/home6/63/viljanj7/data/Desktop/dibaru/dibaru/data/procon_corpus.jsonl,procon_corpus.jsonl#L1082
1083,Should Recreational Marijuana Be Legal?,Whole Clean Corpus,25.427451377959994,3.2358293533325195,123,/m/home/home6/63/viljanj7/data/Desktop/dibaru/dibaru/data/procon_corpus.jsonl,procon_corpus.jsonl#L1083
1084,Should Recreational Marijuana Be Legal?,Whole Clean Corpus,30.00519476064562,3.4013705253601074,84,/m/home/home6/63/viljanj7/data/Desktop/dibaru/dibaru/data/procon_corpus.jsonl,procon_corpus.jsonl#L1084
1085,Should Recreational Marijuana Be Legal?,Whole Clean Corpus,29.73486890930227,3.392320394515991,236,/m/home/home6/63/viljanj7/data/Desktop/dibaru/dibaru/data/procon_corpus.jsonl,procon_corpus.jsonl#L1085
1086,Should Recreational Marijuana Be Legal?,Whole Clean Corpus,20.0315396880713,2.9973080158233643,209,/m/home/home6/63/viljanj7/data/Desktop/dibaru/dibaru/data/procon_corpus.jsonl,procon_corpus.jsonl#L1086
1087,Should Recreational Marijuana Be Legal?,Whole Clean Corpus,24.835961695490752,3.2122926712036133,200,/m/home/home6/63/viljanj7/data/Desktop/dibaru/dibaru/data/procon_corpus.jsonl,procon_corpus.jsonl#L1087
1088,Should Recreational Marijuana Be Legal?,Whole Clean Corpus,36.7864554418949,3.6051297187805176,137,/m/home/home6/63/viljanj7/data/Desktop/dibaru/dibaru/data/procon_corpus.jsonl,procon_corpus.jsonl#L1088
1089,Should Recreational Marijuana Be Legal?,Whole Clean Corpus,28.793203507369793,3.3601393699645996,120,/m/home/home6/63/viljanj7/data/Desktop/dibaru/dibaru/data/procon_corpus.jsonl,procon_corpus.jsonl#L1089
1090,Should Recreational Marijuana Be Legal?,Whole Clean Corpus,67.71645244271834,4.215329170227051,19,/m/home/home6/63/viljanj7/data/Desktop/dibaru/dibaru/data/procon_corpus.jsonl,procon_corpus.jsonl#L1090
1091,Should Recreational Marijuana Be Legal?,Whole Clean Corpus,31.982991276802775,3.4652042388916016,116,/m/home/home6/63/viljanj7/data/Desktop/dibaru/dibaru/data/procon_corpus.jsonl,procon_corpus.jsonl#L1091
1092,Should Recreational Marijuana Be Legal?,Whole Clean Corpus,55.57272736618168,4.017692565917969,139,/m/home/home6/63/viljanj7/data/Desktop/dibaru/dibaru/data/procon_corpus.jsonl,procon_corpus.jsonl#L1092
1093,Should Recreational Marijuana Be Legal?,Whole Clean Corpus,54.22969702228144,3.9932286739349365,93,/m/home/home6/63/viljanj7/data/Desktop/dibaru/dibaru/data/procon_corpus.jsonl,procon_corpus.jsonl#L1093
1094,Should Recreational Marijuana Be Legal?,Whole Clean Corpus,58.1605141042883,4.063206672668457,92,/m/home/home6/63/viljanj7/data/Desktop/dibaru/dibaru/data/procon_corpus.jsonl,procon_corpus.jsonl#L1094
1095,Should Recreational Marijuana Be Legal?,Whole Clean Corpus,32.082228575882326,3.4683022499084473,178,/m/home/home6/63/viljanj7/data/Desktop/dibaru/dibaru/data/procon_corpus.jsonl,procon_corpus.jsonl#L1095
1096,Should Recreational Marijuana Be Legal?,Whole Clean Corpus,55.8512399490729,4.02269172668457,126,/m/home/home6/63/viljanj7/data/Desktop/dibaru/dibaru/data/procon_corpus.jsonl,procon_corpus.jsonl#L1096
1097,Should Recreational Marijuana Be Legal?,Whole Clean Corpus,63.6968877871852,4.154135704040527,120,/m/home/home6/63/viljanj7/data/Desktop/dibaru/dibaru/data/procon_corpus.jsonl,procon_corpus.jsonl#L1097
1098,Should Recreational Marijuana Be Legal?,Whole Clean Corpus,17.064322486012117,2.8369898796081543,99,/m/home/home6/63/viljanj7/data/Desktop/dibaru/dibaru/data/procon_corpus.jsonl,procon_corpus.jsonl#L1098
1099,Should Recreational Marijuana Be Legal?,Whole Clean Corpus,74.22462767618025,4.307096004486084,72,/m/home/home6/63/viljanj7/data/Desktop/dibaru/dibaru/data/procon_corpus.jsonl,procon_corpus.jsonl#L1099
1100,Should Recreational Marijuana Be Legal?,Whole Clean Corpus,38.56647313779121,3.652383327484131,124,/m/home/home6/63/viljanj7/data/Desktop/dibaru/dibaru/data/procon_corpus.jsonl,procon_corpus.jsonl#L1100
1101,Should Recreational Marijuana Be Legal?,Whole Clean Corpus,28.37851414582194,3.345632314682007,124,/m/home/home6/63/viljanj7/data/Desktop/dibaru/dibaru/data/procon_corpus.jsonl,procon_corpus.jsonl#L1101
1102,Should Recreational Marijuana Be Legal?,Whole Clean Corpus,19.078410909032463,2.9485573768615723,175,/m/home/home6/63/viljanj7/data/Desktop/dibaru/dibaru/data/procon_corpus.jsonl,procon_corpus.jsonl#L1102
1103,Should Recreational Marijuana Be Legal?,Whole Clean Corpus,6.017881652704267,1.794735312461853,57,/m/home/home6/63/viljanj7/data/Desktop/dibaru/dibaru/data/procon_corpus.jsonl,procon_corpus.jsonl#L1103
1104,Should Recreational Marijuana Be Legal?,Whole Clean Corpus,42.42877614285366,3.7478268146514893,54,/m/home/home6/63/viljanj7/data/Desktop/dibaru/dibaru/data/procon_corpus.jsonl,procon_corpus.jsonl#L1104
1105,Should the Federal Government Pay Reparations to the Descendants of Enslaved People?,Whole Clean Corpus,19.57589016820206,2.9742987155914307,112,/m/home/home6/63/viljanj7/data/Desktop/dibaru/dibaru/data/procon_corpus.jsonl,procon_corpus.jsonl#L1105
1106,Should the Federal Government Pay Reparations to the Descendants of Enslaved People?,Whole Clean Corpus,20.407622432044786,3.0159084796905518,68,/m/home/home6/63/viljanj7/data/Desktop/dibaru/dibaru/data/procon_corpus.jsonl,procon_corpus.jsonl#L1106
1107,Should the Federal Government Pay Reparations to the Descendants of Enslaved People?,Whole Clean Corpus,116.68200667844152,4.7594523429870605,89,/m/home/home6/63/viljanj7/data/Desktop/dibaru/dibaru/data/procon_corpus.jsonl,procon_corpus.jsonl#L1107
1108,Should the Federal Government Pay Reparations to the Descendants of Enslaved People?,Whole Clean Corpus,51.452843185657755,3.9406657218933105,158,/m/home/home6/63/viljanj7/data/Desktop/dibaru/dibaru/data/procon_corpus.jsonl,procon_corpus.jsonl#L1108
1109,Should the Federal Government Pay Reparations to the Descendants of Enslaved People?,Whole Clean Corpus,98.28149790415065,4.587835788726807,43,/m/home/home6/63/viljanj7/data/Desktop/dibaru/dibaru/data/procon_corpus.jsonl,procon_corpus.jsonl#L1109
1110,Should the Federal Government Pay Reparations to the Descendants of Enslaved People?,Whole Clean Corpus,43.21624717221997,3.766216516494751,176,/m/home/home6/63/viljanj7/data/Desktop/dibaru/dibaru/data/procon_corpus.jsonl,procon_corpus.jsonl#L1110
1111,Should the Federal Government Pay Reparations to the Descendants of Enslaved People?,Whole Clean Corpus,18.9719522815855,2.9429616928100586,95,/m/home/home6/63/viljanj7/data/Desktop/dibaru/dibaru/data/procon_corpus.jsonl,procon_corpus.jsonl#L1111
1112,Should the Federal Government Pay Reparations to the Descendants of Enslaved People?,Whole Clean Corpus,57.40863573162201,4.05019474029541,89,/m/home/home6/63/viljanj7/data/Desktop/dibaru/dibaru/data/procon_corpus.jsonl,procon_corpus.jsonl#L1112
1113,Should the Federal Government Pay Reparations to the Descendants of Enslaved People?,Whole Clean Corpus,76.68988638106613,4.3397698402404785,117,/m/home/home6/63/viljanj7/data/Desktop/dibaru/dibaru/data/procon_corpus.jsonl,procon_corpus.jsonl#L1113
1114,Should the Federal Government Pay Reparations to the Descendants of Enslaved People?,Whole Clean Corpus,22.55518311725514,3.115964889526367,62,/m/home/home6/63/viljanj7/data/Desktop/dibaru/dibaru/data/procon_corpus.jsonl,procon_corpus.jsonl#L1114
1115,Should the Federal Government Pay Reparations to the Descendants of Enslaved People?,Whole Clean Corpus,31.613649152927636,3.4535889625549316,51,/m/home/home6/63/viljanj7/data/Desktop/dibaru/dibaru/data/procon_corpus.jsonl,procon_corpus.jsonl#L1115
1116,Should the Federal Government Pay Reparations to the Descendants of Enslaved People?,Whole Clean Corpus,72.45959378822835,4.283029079437256,74,/m/home/home6/63/viljanj7/data/Desktop/dibaru/dibaru/data/procon_corpus.jsonl,procon_corpus.jsonl#L1116
1117,Should the Federal Government Pay Reparations to the Descendants of Enslaved People?,Whole Clean Corpus,19.15442884836081,2.9525339603424072,120,/m/home/home6/63/viljanj7/data/Desktop/dibaru/dibaru/data/procon_corpus.jsonl,procon_corpus.jsonl#L1117
1118,Should the Federal Government Pay Reparations to the Descendants of Enslaved People?,Whole Clean Corpus,24.994518477249475,3.218656539916992,61,/m/home/home6/63/viljanj7/data/Desktop/dibaru/dibaru/data/procon_corpus.jsonl,procon_corpus.jsonl#L1118
1119,Should the Federal Government Pay Reparations to the Descendants of Enslaved People?,Whole Clean Corpus,23.103781148315523,3.139996290206909,148,/m/home/home6/63/viljanj7/data/Desktop/dibaru/dibaru/data/procon_corpus.jsonl,procon_corpus.jsonl#L1119
1120,Should the Federal Government Pay Reparations to the Descendants of Enslaved People?,Whole Clean Corpus,40.833485121557175,3.7095024585723877,37,/m/home/home6/63/viljanj7/data/Desktop/dibaru/dibaru/data/procon_corpus.jsonl,procon_corpus.jsonl#L1120
1121,Should the Federal Government Pay Reparations to the Descendants of Enslaved People?,Whole Clean Corpus,12.332511410205,2.5122389793395996,40,/m/home/home6/63/viljanj7/data/Desktop/dibaru/dibaru/data/procon_corpus.jsonl,procon_corpus.jsonl#L1121
1122,Should the Federal Government Pay Reparations to the Descendants of Enslaved People?,Whole Clean Corpus,19.22986021798818,2.9564642906188965,81,/m/home/home6/63/viljanj7/data/Desktop/dibaru/dibaru/data/procon_corpus.jsonl,procon_corpus.jsonl#L1122
1123,Should the Federal Government Pay Reparations to the Descendants of Enslaved People?,Whole Clean Corpus,26.693472497108814,3.284419059753418,63,/m/home/home6/63/viljanj7/data/Desktop/dibaru/dibaru/data/procon_corpus.jsonl,procon_corpus.jsonl#L1123
1124,Should the Federal Government Pay Reparations to the Descendants of Enslaved People?,Whole Clean Corpus,100.88754889686756,4.614006519317627,13,/m/home/home6/63/viljanj7/data/Desktop/dibaru/dibaru/data/procon_corpus.jsonl,procon_corpus.jsonl#L1124
1125,Should the Federal Government Pay Reparations to the Descendants of Enslaved People?,Whole Clean Corpus,40.336107209409285,3.69724702835083,82,/m/home/home6/63/viljanj7/data/Desktop/dibaru/dibaru/data/procon_corpus.jsonl,procon_corpus.jsonl#L1125
1126,Should the Federal Government Pay Reparations to the Descendants of Enslaved People?,Whole Clean Corpus,50.38001286536236,3.9195945262908936,53,/m/home/home6/63/viljanj7/data/Desktop/dibaru/dibaru/data/procon_corpus.jsonl,procon_corpus.jsonl#L1126
1127,Should the Federal Government Pay Reparations to the Descendants of Enslaved People?,Whole Clean Corpus,78.90139210500178,4.368198871612549,82,/m/home/home6/63/viljanj7/data/Desktop/dibaru/dibaru/data/procon_corpus.jsonl,procon_corpus.jsonl#L1127
1128,Should the Federal Government Pay Reparations to the Descendants of Enslaved People?,Whole Clean Corpus,33.95094364861262,3.524916648864746,73,/m/home/home6/63/viljanj7/data/Desktop/dibaru/dibaru/data/procon_corpus.jsonl,procon_corpus.jsonl#L1128
1129,Should the Federal Government Pay Reparations to the Descendants of Enslaved People?,Whole Clean Corpus,79.96529679916317,4.381592750549316,56,/m/home/home6/63/viljanj7/data/Desktop/dibaru/dibaru/data/procon_corpus.jsonl,procon_corpus.jsonl#L1129
1130,Should the Federal Government Pay Reparations to the Descendants of Enslaved People?,Whole Clean Corpus,38.60504689836787,3.6533830165863037,109,/m/home/home6/63/viljanj7/data/Desktop/dibaru/dibaru/data/procon_corpus.jsonl,procon_corpus.jsonl#L1130
1131,Should the Federal Government Pay Reparations to the Descendants of Enslaved People?,Whole Clean Corpus,38.76513452225913,3.6575212478637695,87,/m/home/home6/63/viljanj7/data/Desktop/dibaru/dibaru/data/procon_corpus.jsonl,procon_corpus.jsonl#L1131
1132,Should the Federal Government Pay Reparations to the Descendants of Enslaved People?,Whole Clean Corpus,69.53437878625839,4.2418212890625,129,/m/home/home6/63/viljanj7/data/Desktop/dibaru/dibaru/data/procon_corpus.jsonl,procon_corpus.jsonl#L1132
1133,Should the Federal Government Pay Reparations to the Descendants of Enslaved People?,Whole Clean Corpus,55.94087503563978,4.024295330047607,26,/m/home/home6/63/viljanj7/data/Desktop/dibaru/dibaru/data/procon_corpus.jsonl,procon_corpus.jsonl#L1133
1134,Should the Federal Government Pay Reparations to the Descendants of Enslaved People?,Whole Clean Corpus,59.52515988413937,4.086399078369141,114,/m/home/home6/63/viljanj7/data/Desktop/dibaru/dibaru/data/procon_corpus.jsonl,procon_corpus.jsonl#L1134
1135,Should the Federal Government Pay Reparations to the Descendants of Enslaved People?,Whole Clean Corpus,73.90441151963653,4.302772521972656,116,/m/home/home6/63/viljanj7/data/Desktop/dibaru/dibaru/data/procon_corpus.jsonl,procon_corpus.jsonl#L1135
1136,Should the Federal Government Pay Reparations to the Descendants of Enslaved People?,Whole Clean Corpus,53.99539440441637,3.988898754119873,65,/m/home/home6/63/viljanj7/data/Desktop/dibaru/dibaru/data/procon_corpus.jsonl,procon_corpus.jsonl#L1136
1137,Should the Federal Government Pay Reparations to the Descendants of Enslaved People?,Whole Clean Corpus,40.13369107168581,3.692216157913208,63,/m/home/home6/63/viljanj7/data/Desktop/dibaru/dibaru/data/procon_corpus.jsonl,procon_corpus.jsonl#L1137
1138,Should the Federal Government Pay Reparations to the Descendants of Enslaved People?,Whole Clean Corpus,30.479909638245978,3.417067766189575,42,/m/home/home6/63/viljanj7/data/Desktop/dibaru/dibaru/data/procon_corpus.jsonl,procon_corpus.jsonl#L1138
1139,Should the Federal Government Pay Reparations to the Descendants of Enslaved People?,Whole Clean Corpus,65.76407917406276,4.1860737800598145,37,/m/home/home6/63/viljanj7/data/Desktop/dibaru/dibaru/data/procon_corpus.jsonl,procon_corpus.jsonl#L1139
1140,Should the Federal Government Pay Reparations to the Descendants of Enslaved People?,Whole Clean Corpus,59.732893624400404,4.089882850646973,74,/m/home/home6/63/viljanj7/data/Desktop/dibaru/dibaru/data/procon_corpus.jsonl,procon_corpus.jsonl#L1140
1141,Should the Federal Government Pay Reparations to the Descendants of Enslaved People?,Whole Clean Corpus,48.17118904014243,3.8747611045837402,99,/m/home/home6/63/viljanj7/data/Desktop/dibaru/dibaru/data/procon_corpus.jsonl,procon_corpus.jsonl#L1141
1142,Should the Federal Government Pay Reparations to the Descendants of Enslaved People?,Whole Clean Corpus,73.77751429672387,4.301054000854492,49,/m/home/home6/63/viljanj7/data/Desktop/dibaru/dibaru/data/procon_corpus.jsonl,procon_corpus.jsonl#L1142
1143,Should the Federal Government Pay Reparations to the Descendants of Enslaved People?,Whole Clean Corpus,33.10300334948435,3.499624013900757,15,/m/home/home6/63/viljanj7/data/Desktop/dibaru/dibaru/data/procon_corpus.jsonl,procon_corpus.jsonl#L1143
1144,Should the U.S. Government Provide Universal Health Care?,Whole Clean Corpus,33.39138458751162,3.508297920227051,255,/m/home/home6/63/viljanj7/data/Desktop/dibaru/dibaru/data/procon_corpus.jsonl,procon_corpus.jsonl#L1144
1145,Should the U.S. Government Provide Universal Health Care?,Whole Clean Corpus,41.18903472021185,3.718172073364258,262,/m/home/home6/63/viljanj7/data/Desktop/dibaru/dibaru/data/procon_corpus.jsonl,procon_corpus.jsonl#L1145
1146,Should the U.S. Government Provide Universal Health Care?,Whole Clean Corpus,42.54318818321319,3.7505197525024414,228,/m/home/home6/63/viljanj7/data/Desktop/dibaru/dibaru/data/procon_corpus.jsonl,procon_corpus.jsonl#L1146
1147,Should the U.S. Government Provide Universal Health Care?,Whole Clean Corpus,31.10801270679105,3.4374654293060303,219,/m/home/home6/63/viljanj7/data/Desktop/dibaru/dibaru/data/procon_corpus.jsonl,procon_corpus.jsonl#L1147
1148,Should the U.S. Government Provide Universal Health Care?,Whole Clean Corpus,25.492273986600075,3.238375425338745,394,/m/home/home6/63/viljanj7/data/Desktop/dibaru/dibaru/data/procon_corpus.jsonl,procon_corpus.jsonl#L1148
1149,Should the U.S. Government Provide Universal Health Care?,Whole Clean Corpus,28.39924586569565,3.346362590789795,308,/m/home/home6/63/viljanj7/data/Desktop/dibaru/dibaru/data/procon_corpus.jsonl,procon_corpus.jsonl#L1149
1150,Should the U.S. Government Provide Universal Health Care?,Whole Clean Corpus,29.256736021134223,3.3761098384857178,253,/m/home/home6/63/viljanj7/data/Desktop/dibaru/dibaru/data/procon_corpus.jsonl,procon_corpus.jsonl#L1150
1151,Should the U.S. Government Provide Universal Health Care?,Whole Clean Corpus,33.04207513863887,3.497781753540039,212,/m/home/home6/63/viljanj7/data/Desktop/dibaru/dibaru/data/procon_corpus.jsonl,procon_corpus.jsonl#L1151
1152,Should the U.S. Government Provide Universal Health Care?,Whole Clean Corpus,29.893082982313754,3.397627115249634,289,/m/home/home6/63/viljanj7/data/Desktop/dibaru/dibaru/data/procon_corpus.jsonl,procon_corpus.jsonl#L1152
1153,Should the U.S. Government Provide Universal Health Care?,Whole Clean Corpus,31.21996894762459,3.4410579204559326,257,/m/home/home6/63/viljanj7/data/Desktop/dibaru/dibaru/data/procon_corpus.jsonl,procon_corpus.jsonl#L1153
1154,Should the U.S. Government Provide Universal Health Care?,Whole Clean Corpus,44.06140421348729,3.7855842113494873,99,/m/home/home6/63/viljanj7/data/Desktop/dibaru/dibaru/data/procon_corpus.jsonl,procon_corpus.jsonl#L1154
1155,Should the U.S. Government Provide Universal Health Care?,Whole Clean Corpus,28.758748938667264,3.3589420318603516,159,/m/home/home6/63/viljanj7/data/Desktop/dibaru/dibaru/data/procon_corpus.jsonl,procon_corpus.jsonl#L1155
1156,Should the U.S. Government Provide Universal Health Care?,Whole Clean Corpus,21.531236427567077,3.069504737854004,86,/m/home/home6/63/viljanj7/data/Desktop/dibaru/dibaru/data/procon_corpus.jsonl,procon_corpus.jsonl#L1156
1157,Should the U.S. Government Provide Universal Health Care?,Whole Clean Corpus,26.405692118823353,3.2735795974731445,48,/m/home/home6/63/viljanj7/data/Desktop/dibaru/dibaru/data/procon_corpus.jsonl,procon_corpus.jsonl#L1157
1158,Should the U.S. Government Provide Universal Health Care?,Whole Clean Corpus,39.457901461926504,3.675234317779541,76,/m/home/home6/63/viljanj7/data/Desktop/dibaru/dibaru/data/procon_corpus.jsonl,procon_corpus.jsonl#L1158
1159,Should the U.S. Government Provide Universal Health Care?,Whole Clean Corpus,24.711352525021695,3.2072627544403076,140,/m/home/home6/63/viljanj7/data/Desktop/dibaru/dibaru/data/procon_corpus.jsonl,procon_corpus.jsonl#L1159
1160,Should the U.S. Government Provide Universal Health Care?,Whole Clean Corpus,25.905772450391705,3.2544658184051514,95,/m/home/home6/63/viljanj7/data/Desktop/dibaru/dibaru/data/procon_corpus.jsonl,procon_corpus.jsonl#L1160
1161,Should the U.S. Government Provide Universal Health Care?,Whole Clean Corpus,16.77334599457857,2.819791078567505,114,/m/home/home6/63/viljanj7/data/Desktop/dibaru/dibaru/data/procon_corpus.jsonl,procon_corpus.jsonl#L1161
1162,Should the U.S. Government Provide Universal Health Care?,Whole Clean Corpus,47.86188710595303,3.868319511413574,99,/m/home/home6/63/viljanj7/data/Desktop/dibaru/dibaru/data/procon_corpus.jsonl,procon_corpus.jsonl#L1162
1163,Should the U.S. Government Provide Universal Health Care?,Whole Clean Corpus,33.68430987017867,3.5170321464538574,147,/m/home/home6/63/viljanj7/data/Desktop/dibaru/dibaru/data/procon_corpus.jsonl,procon_corpus.jsonl#L1163
1164,Should the U.S. Government Provide Universal Health Care?,Whole Clean Corpus,70.00446306637083,4.24855899810791,42,/m/home/home6/63/viljanj7/data/Desktop/dibaru/dibaru/data/procon_corpus.jsonl,procon_corpus.jsonl#L1164
1165,Should the U.S. Government Provide Universal Health Care?,Whole Clean Corpus,29.574347264228344,3.3869073390960693,60,/m/home/home6/63/viljanj7/data/Desktop/dibaru/dibaru/data/procon_corpus.jsonl,procon_corpus.jsonl#L1165
1166,Should the U.S. Government Provide Universal Health Care?,Whole Clean Corpus,25.43227142432606,3.2360188961029053,103,/m/home/home6/63/viljanj7/data/Desktop/dibaru/dibaru/data/procon_corpus.jsonl,procon_corpus.jsonl#L1166
1167,Should the U.S. Government Provide Universal Health Care?,Whole Clean Corpus,36.226074100153696,3.5897791385650635,88,/m/home/home6/63/viljanj7/data/Desktop/dibaru/dibaru/data/procon_corpus.jsonl,procon_corpus.jsonl#L1167
1168,Should the U.S. Government Provide Universal Health Care?,Whole Clean Corpus,16.178891200985042,2.7837073802948,82,/m/home/home6/63/viljanj7/data/Desktop/dibaru/dibaru/data/procon_corpus.jsonl,procon_corpus.jsonl#L1168
1169,Should the U.S. Government Provide Universal Health Care?,Whole Clean Corpus,47.92432403569661,3.8696231842041016,84,/m/home/home6/63/viljanj7/data/Desktop/dibaru/dibaru/data/procon_corpus.jsonl,procon_corpus.jsonl#L1169
1170,Should the U.S. Government Provide Universal Health Care?,Whole Clean Corpus,46.32520543544089,3.835686206817627,180,/m/home/home6/63/viljanj7/data/Desktop/dibaru/dibaru/data/procon_corpus.jsonl,procon_corpus.jsonl#L1170
1171,Should the U.S. Government Provide Universal Health Care?,Whole Clean Corpus,25.14416410000246,3.224625825881958,179,/m/home/home6/63/viljanj7/data/Desktop/dibaru/dibaru/data/procon_corpus.jsonl,procon_corpus.jsonl#L1171
1172,Should the U.S. Government Provide Universal Health Care?,Whole Clean Corpus,46.25382278936977,3.834144115447998,110,/m/home/home6/63/viljanj7/data/Desktop/dibaru/dibaru/data/procon_corpus.jsonl,procon_corpus.jsonl#L1172
1173,Should the U.S. Government Provide Universal Health Care?,Whole Clean Corpus,12.559888452125495,2.530508279800415,53,/m/home/home6/63/viljanj7/data/Desktop/dibaru/dibaru/data/procon_corpus.jsonl,procon_corpus.jsonl#L1173
1174,Should the U.S. Government Provide Universal Health Care?,Whole Clean Corpus,19.170346090912975,2.953364610671997,130,/m/home/home6/63/viljanj7/data/Desktop/dibaru/dibaru/data/procon_corpus.jsonl,procon_corpus.jsonl#L1174
1175,Should the U.S. Government Provide Universal Health Care?,Whole Clean Corpus,27.02419738517435,3.2967326641082764,138,/m/home/home6/63/viljanj7/data/Desktop/dibaru/dibaru/data/procon_corpus.jsonl,procon_corpus.jsonl#L1175
1176,Should the U.S. Government Provide Universal Health Care?,Whole Clean Corpus,34.63664890015294,3.544912338256836,126,/m/home/home6/63/viljanj7/data/Desktop/dibaru/dibaru/data/procon_corpus.jsonl,procon_corpus.jsonl#L1176
1177,Should the U.S. Government Provide Universal Health Care?,Whole Clean Corpus,26.49750281478803,3.277050495147705,169,/m/home/home6/63/viljanj7/data/Desktop/dibaru/dibaru/data/procon_corpus.jsonl,procon_corpus.jsonl#L1177
1178,Should the U.S. Government Provide Universal Health Care?,Whole Clean Corpus,24.731292002151577,3.208069324493408,153,/m/home/home6/63/viljanj7/data/Desktop/dibaru/dibaru/data/procon_corpus.jsonl,procon_corpus.jsonl#L1178
1179,Should the U.S. Government Provide Universal Health Care?,Whole Clean Corpus,65.17493152657092,4.177074909210205,193,/m/home/home6/63/viljanj7/data/Desktop/dibaru/dibaru/data/procon_corpus.jsonl,procon_corpus.jsonl#L1179
1180,Is There Really a Santa Claus?,Whole Clean Corpus,62.8546122842349,4.140824317932129,72,/m/home/home6/63/viljanj7/data/Desktop/dibaru/dibaru/data/procon_corpus.jsonl,procon_corpus.jsonl#L1180
1181,Is There Really a Santa Claus?,Whole Clean Corpus,54.706508564515374,4.001982688903809,89,/m/home/home6/63/viljanj7/data/Desktop/dibaru/dibaru/data/procon_corpus.jsonl,procon_corpus.jsonl#L1181
1182,Is There Really a Santa Claus?,Whole Clean Corpus,53.772679899647436,3.9847655296325684,75,/m/home/home6/63/viljanj7/data/Desktop/dibaru/dibaru/data/procon_corpus.jsonl,procon_corpus.jsonl#L1182
1183,Is There Really a Santa Claus?,Whole Clean Corpus,88.86816744907594,4.487154006958008,32,/m/home/home6/63/viljanj7/data/Desktop/dibaru/dibaru/data/procon_corpus.jsonl,procon_corpus.jsonl#L1183
1184,Is There Really a Santa Claus?,Whole Clean Corpus,49.83671515833332,3.908751964569092,123,/m/home/home6/63/viljanj7/data/Desktop/dibaru/dibaru/data/procon_corpus.jsonl,procon_corpus.jsonl#L1184
1185,Is There Really a Santa Claus?,Whole Clean Corpus,104.20229679920163,4.646334171295166,151,/m/home/home6/63/viljanj7/data/Desktop/dibaru/dibaru/data/procon_corpus.jsonl,procon_corpus.jsonl#L1185
1186,Is There Really a Santa Claus?,Whole Clean Corpus,36.305422339729354,3.5919671058654785,99,/m/home/home6/63/viljanj7/data/Desktop/dibaru/dibaru/data/procon_corpus.jsonl,procon_corpus.jsonl#L1186
1187,Is There Really a Santa Claus?,Whole Clean Corpus,84.06790703838112,4.431624889373779,39,/m/home/home6/63/viljanj7/data/Desktop/dibaru/dibaru/data/procon_corpus.jsonl,procon_corpus.jsonl#L1187
1188,Is There Really a Santa Claus?,Whole Clean Corpus,43.32074834076063,3.76863169670105,73,/m/home/home6/63/viljanj7/data/Desktop/dibaru/dibaru/data/procon_corpus.jsonl,procon_corpus.jsonl#L1188
1189,Is There Really a Santa Claus?,Whole Clean Corpus,111.28508705946008,4.712095260620117,43,/m/home/home6/63/viljanj7/data/Desktop/dibaru/dibaru/data/procon_corpus.jsonl,procon_corpus.jsonl#L1189
1190,Is There Really a Santa Claus?,Whole Clean Corpus,105.5815784551254,4.659483909606934,48,/m/home/home6/63/viljanj7/data/Desktop/dibaru/dibaru/data/procon_corpus.jsonl,procon_corpus.jsonl#L1190
1191,Is There Really a Santa Claus?,Whole Clean Corpus,120.13678424962853,4.788630962371826,34,/m/home/home6/63/viljanj7/data/Desktop/dibaru/dibaru/data/procon_corpus.jsonl,procon_corpus.jsonl#L1191
1192,Should Students Have to Wear School Uniforms?,Whole Clean Corpus,35.94094704019231,3.5818772315979004,205,/m/home/home6/63/viljanj7/data/Desktop/dibaru/dibaru/data/procon_corpus.jsonl,procon_corpus.jsonl#L1192
1193,Should Students Have to Wear School Uniforms?,Whole Clean Corpus,37.44395092489911,3.62284517288208,221,/m/home/home6/63/viljanj7/data/Desktop/dibaru/dibaru/data/procon_corpus.jsonl,procon_corpus.jsonl#L1193
1194,Should Students Have to Wear School Uniforms?,Whole Clean Corpus,48.674229289688874,3.8851497173309326,185,/m/home/home6/63/viljanj7/data/Desktop/dibaru/dibaru/data/procon_corpus.jsonl,procon_corpus.jsonl#L1194
1195,Should Students Have to Wear School Uniforms?,Whole Clean Corpus,34.48290472423079,3.54046368598938,215,/m/home/home6/63/viljanj7/data/Desktop/dibaru/dibaru/data/procon_corpus.jsonl,procon_corpus.jsonl#L1195
1196,Should Students Have to Wear School Uniforms?,Whole Clean Corpus,36.100701381710635,3.5863122940063477,255,/m/home/home6/63/viljanj7/data/Desktop/dibaru/dibaru/data/procon_corpus.jsonl,procon_corpus.jsonl#L1196
1197,Should Students Have to Wear School Uniforms?,Whole Clean Corpus,43.32733840662594,3.7687838077545166,310,/m/home/home6/63/viljanj7/data/Desktop/dibaru/dibaru/data/procon_corpus.jsonl,procon_corpus.jsonl#L1197
1198,Should Students Have to Wear School Uniforms?,Whole Clean Corpus,41.22176873074823,3.718966484069824,243,/m/home/home6/63/viljanj7/data/Desktop/dibaru/dibaru/data/procon_corpus.jsonl,procon_corpus.jsonl#L1198
1199,Should Students Have to Wear School Uniforms?,Whole Clean Corpus,40.82694341548872,3.7093422412872314,224,/m/home/home6/63/viljanj7/data/Desktop/dibaru/dibaru/data/procon_corpus.jsonl,procon_corpus.jsonl#L1199
1200,Should Students Have to Wear School Uniforms?,Whole Clean Corpus,32.257354421624854,3.4737460613250732,147,/m/home/home6/63/viljanj7/data/Desktop/dibaru/dibaru/data/procon_corpus.jsonl,procon_corpus.jsonl#L1200
1201,Should Students Have to Wear School Uniforms?,Whole Clean Corpus,35.77759171946372,3.577321767807007,238,/m/home/home6/63/viljanj7/data/Desktop/dibaru/dibaru/data/procon_corpus.jsonl,procon_corpus.jsonl#L1201
1202,Should Students Have to Wear School Uniforms?,Whole Clean Corpus,17.642226936539384,2.870295286178589,288,/m/home/home6/63/viljanj7/data/Desktop/dibaru/dibaru/data/procon_corpus.jsonl,procon_corpus.jsonl#L1202
1203,Should Students Have to Wear School Uniforms?,Whole Clean Corpus,41.2518043164521,3.7196948528289795,300,/m/home/home6/63/viljanj7/data/Desktop/dibaru/dibaru/data/procon_corpus.jsonl,procon_corpus.jsonl#L1203
1204,Should Students Have to Wear School Uniforms?,Whole Clean Corpus,44.9958512699538,3.806570291519165,215,/m/home/home6/63/viljanj7/data/Desktop/dibaru/dibaru/data/procon_corpus.jsonl,procon_corpus.jsonl#L1204
1205,Should Students Have to Wear School Uniforms?,Whole Clean Corpus,62.06862236552993,4.128240585327148,222,/m/home/home6/63/viljanj7/data/Desktop/dibaru/dibaru/data/procon_corpus.jsonl,procon_corpus.jsonl#L1205
1206,Should Students Have to Wear School Uniforms?,Whole Clean Corpus,47.91424731979523,3.869412899017334,199,/m/home/home6/63/viljanj7/data/Desktop/dibaru/dibaru/data/procon_corpus.jsonl,procon_corpus.jsonl#L1206
1207,Should Students Have to Wear School Uniforms?,Whole Clean Corpus,33.20478166232254,3.5026938915252686,324,/m/home/home6/63/viljanj7/data/Desktop/dibaru/dibaru/data/procon_corpus.jsonl,procon_corpus.jsonl#L1207
1208,Should Students Have to Wear School Uniforms?,Whole Clean Corpus,43.977873739424126,3.783686637878418,101,/m/home/home6/63/viljanj7/data/Desktop/dibaru/dibaru/data/procon_corpus.jsonl,procon_corpus.jsonl#L1208
1209,Should Students Have to Wear School Uniforms?,Whole Clean Corpus,33.0211975710945,3.497149705886841,83,/m/home/home6/63/viljanj7/data/Desktop/dibaru/dibaru/data/procon_corpus.jsonl,procon_corpus.jsonl#L1209
1210,Should Students Have to Wear School Uniforms?,Whole Clean Corpus,41.93049692765652,3.736013412475586,90,/m/home/home6/63/viljanj7/data/Desktop/dibaru/dibaru/data/procon_corpus.jsonl,procon_corpus.jsonl#L1210
1211,Should Students Have to Wear School Uniforms?,Whole Clean Corpus,37.71498793168797,3.6300575733184814,148,/m/home/home6/63/viljanj7/data/Desktop/dibaru/dibaru/data/procon_corpus.jsonl,procon_corpus.jsonl#L1211
1212,Should Students Have to Wear School Uniforms?,Whole Clean Corpus,31.576783210342263,3.4524221420288086,214,/m/home/home6/63/viljanj7/data/Desktop/dibaru/dibaru/data/procon_corpus.jsonl,procon_corpus.jsonl#L1212
1213,Should Students Have to Wear School Uniforms?,Whole Clean Corpus,31.534110464831514,3.4510698318481445,85,/m/home/home6/63/viljanj7/data/Desktop/dibaru/dibaru/data/procon_corpus.jsonl,procon_corpus.jsonl#L1213
1214,Should Students Have to Wear School Uniforms?,Whole Clean Corpus,46.7607815858681,3.8450448513031006,103,/m/home/home6/63/viljanj7/data/Desktop/dibaru/dibaru/data/procon_corpus.jsonl,procon_corpus.jsonl#L1214
1215,Should Students Have to Wear School Uniforms?,Whole Clean Corpus,27.424601289285228,3.3114404678344727,215,/m/home/home6/63/viljanj7/data/Desktop/dibaru/dibaru/data/procon_corpus.jsonl,procon_corpus.jsonl#L1215
1216,Should Students Have to Wear School Uniforms?,Whole Clean Corpus,29.590837270420103,3.387464761734009,269,/m/home/home6/63/viljanj7/data/Desktop/dibaru/dibaru/data/procon_corpus.jsonl,procon_corpus.jsonl#L1216
1217,Should Students Have to Wear School Uniforms?,Whole Clean Corpus,56.777478829492075,4.039139747619629,103,/m/home/home6/63/viljanj7/data/Desktop/dibaru/dibaru/data/procon_corpus.jsonl,procon_corpus.jsonl#L1217
1218,Should Students Have to Wear School Uniforms?,Whole Clean Corpus,41.99427632066903,3.7375333309173584,185,/m/home/home6/63/viljanj7/data/Desktop/dibaru/dibaru/data/procon_corpus.jsonl,procon_corpus.jsonl#L1218
1219,Should Students Have to Wear School Uniforms?,Whole Clean Corpus,32.452085199693066,3.479764699935913,95,/m/home/home6/63/viljanj7/data/Desktop/dibaru/dibaru/data/procon_corpus.jsonl,procon_corpus.jsonl#L1219
1220,Should Students Have to Wear School Uniforms?,Whole Clean Corpus,43.26803293775742,3.767414093017578,103,/m/home/home6/63/viljanj7/data/Desktop/dibaru/dibaru/data/procon_corpus.jsonl,procon_corpus.jsonl#L1220
1221,Should Students Have to Wear School Uniforms?,Whole Clean Corpus,32.31722088913806,3.475600242614746,139,/m/home/home6/63/viljanj7/data/Desktop/dibaru/dibaru/data/procon_corpus.jsonl,procon_corpus.jsonl#L1221
1222,Should Students Have to Wear School Uniforms?,Whole Clean Corpus,15.150261863774341,2.718017816543579,92,/m/home/home6/63/viljanj7/data/Desktop/dibaru/dibaru/data/procon_corpus.jsonl,procon_corpus.jsonl#L1222
1223,Should Students Have to Wear School Uniforms?,Whole Clean Corpus,33.30973177672411,3.505849599838257,124,/m/home/home6/63/viljanj7/data/Desktop/dibaru/dibaru/data/procon_corpus.jsonl,procon_corpus.jsonl#L1223
1224,Should Students Have to Wear School Uniforms?,Whole Clean Corpus,29.795317311701094,3.3943512439727783,99,/m/home/home6/63/viljanj7/data/Desktop/dibaru/dibaru/data/procon_corpus.jsonl,procon_corpus.jsonl#L1224
1225,Should Students Have to Wear School Uniforms?,Whole Clean Corpus,48.40399758727973,3.879582405090332,165,/m/home/home6/63/viljanj7/data/Desktop/dibaru/dibaru/data/procon_corpus.jsonl,procon_corpus.jsonl#L1225
1226,Should Students Have to Wear School Uniforms?,Whole Clean Corpus,29.8371807201735,3.3957552909851074,169,/m/home/home6/63/viljanj7/data/Desktop/dibaru/dibaru/data/procon_corpus.jsonl,procon_corpus.jsonl#L1226
1227,Should Students Have to Wear School Uniforms?,Whole Clean Corpus,44.65294017646918,3.798920154571533,117,/m/home/home6/63/viljanj7/data/Desktop/dibaru/dibaru/data/procon_corpus.jsonl,procon_corpus.jsonl#L1227
1228,Should Students Have to Wear School Uniforms?,Whole Clean Corpus,54.548290851218454,3.999086380004883,198,/m/home/home6/63/viljanj7/data/Desktop/dibaru/dibaru/data/procon_corpus.jsonl,procon_corpus.jsonl#L1228
1229,Should Students Have to Wear School Uniforms?,Whole Clean Corpus,41.80496282796299,3.7330150604248047,212,/m/home/home6/63/viljanj7/data/Desktop/dibaru/dibaru/data/procon_corpus.jsonl,procon_corpus.jsonl#L1229
1230,Should Students Have to Wear School Uniforms?,Whole Clean Corpus,14.124994404486714,2.6479458808898926,79,/m/home/home6/63/viljanj7/data/Desktop/dibaru/dibaru/data/procon_corpus.jsonl,procon_corpus.jsonl#L1230
1231,Should Students Have to Wear School Uniforms?,Whole Clean Corpus,39.33542757949441,3.6721255779266357,112,/m/home/home6/63/viljanj7/data/Desktop/dibaru/dibaru/data/procon_corpus.jsonl,procon_corpus.jsonl#L1231
1232,Should Students Have to Wear School Uniforms?,Whole Clean Corpus,31.361909156431697,3.445594072341919,163,/m/home/home6/63/viljanj7/data/Desktop/dibaru/dibaru/data/procon_corpus.jsonl,procon_corpus.jsonl#L1232
1233,Should Students Have to Wear School Uniforms?,Whole Clean Corpus,25.420565450430185,3.23555850982666,192,/m/home/home6/63/viljanj7/data/Desktop/dibaru/dibaru/data/procon_corpus.jsonl,procon_corpus.jsonl#L1233
1234,Should Students Have to Wear School Uniforms?,Whole Clean Corpus,70.32897258363944,4.253183841705322,149,/m/home/home6/63/viljanj7/data/Desktop/dibaru/dibaru/data/procon_corpus.jsonl,procon_corpus.jsonl#L1234
1235,Should Students Have to Wear School Uniforms?,Whole Clean Corpus,40.57753731462575,3.703214645385742,151,/m/home/home6/63/viljanj7/data/Desktop/dibaru/dibaru/data/procon_corpus.jsonl,procon_corpus.jsonl#L1235
1236,Should Students Have to Wear School Uniforms?,Whole Clean Corpus,41.70397893500604,3.7305965423583984,148,/m/home/home6/63/viljanj7/data/Desktop/dibaru/dibaru/data/procon_corpus.jsonl,procon_corpus.jsonl#L1236
1237,Should Humans Colonize Space?,Whole Clean Corpus,27.223023888530804,3.304063081741333,130,/m/home/home6/63/viljanj7/data/Desktop/dibaru/dibaru/data/procon_corpus.jsonl,procon_corpus.jsonl#L1237
1238,Should Humans Colonize Space?,Whole Clean Corpus,40.65917484650051,3.7052245140075684,93,/m/home/home6/63/viljanj7/data/Desktop/dibaru/dibaru/data/procon_corpus.jsonl,procon_corpus.jsonl#L1238
1239,Should Humans Colonize Space?,Whole Clean Corpus,70.36483113679165,4.253693580627441,78,/m/home/home6/63/viljanj7/data/Desktop/dibaru/dibaru/data/procon_corpus.jsonl,procon_corpus.jsonl#L1239
1240,Should Humans Colonize Space?,Whole Clean Corpus,65.23963658704707,4.178067207336426,102,/m/home/home6/63/viljanj7/data/Desktop/dibaru/dibaru/data/procon_corpus.jsonl,procon_corpus.jsonl#L1240
1241,Should Humans Colonize Space?,Whole Clean Corpus,63.7887108708115,4.155576229095459,167,/m/home/home6/63/viljanj7/data/Desktop/dibaru/dibaru/data/procon_corpus.jsonl,procon_corpus.jsonl#L1241
1242,Should Humans Colonize Space?,Whole Clean Corpus,59.054750305947834,4.078464984893799,91,/m/home/home6/63/viljanj7/data/Desktop/dibaru/dibaru/data/procon_corpus.jsonl,procon_corpus.jsonl#L1242
1243,Should Humans Colonize Space?,Whole Clean Corpus,39.70413640248849,3.681455373764038,103,/m/home/home6/63/viljanj7/data/Desktop/dibaru/dibaru/data/procon_corpus.jsonl,procon_corpus.jsonl#L1243
1244,Should Humans Colonize Space?,Whole Clean Corpus,27.363729803136717,3.309218406677246,63,/m/home/home6/63/viljanj7/data/Desktop/dibaru/dibaru/data/procon_corpus.jsonl,procon_corpus.jsonl#L1244
1245,Should Humans Colonize Space?,Whole Clean Corpus,79.73262094048489,4.378678798675537,47,/m/home/home6/63/viljanj7/data/Desktop/dibaru/dibaru/data/procon_corpus.jsonl,procon_corpus.jsonl#L1245
1246,Should Humans Colonize Space?,Whole Clean Corpus,107.93549859498124,4.6815338134765625,40,/m/home/home6/63/viljanj7/data/Desktop/dibaru/dibaru/data/procon_corpus.jsonl,procon_corpus.jsonl#L1246
1247,Should Humans Colonize Space?,Whole Clean Corpus,49.28495049235341,3.8976187705993652,160,/m/home/home6/63/viljanj7/data/Desktop/dibaru/dibaru/data/procon_corpus.jsonl,procon_corpus.jsonl#L1247
1248,Should Humans Colonize Space?,Whole Clean Corpus,42.612745412163214,3.7521533966064453,153,/m/home/home6/63/viljanj7/data/Desktop/dibaru/dibaru/data/procon_corpus.jsonl,procon_corpus.jsonl#L1248
1249,Should Humans Colonize Space?,Whole Clean Corpus,84.82419706806645,4.44058084487915,47,/m/home/home6/63/viljanj7/data/Desktop/dibaru/dibaru/data/procon_corpus.jsonl,procon_corpus.jsonl#L1249
1250,Should Humans Colonize Space?,Whole Clean Corpus,31.95022673706271,3.464179277420044,100,/m/home/home6/63/viljanj7/data/Desktop/dibaru/dibaru/data/procon_corpus.jsonl,procon_corpus.jsonl#L1250
1251,Should Humans Colonize Space?,Whole Clean Corpus,27.636387212953093,3.3191332817077637,67,/m/home/home6/63/viljanj7/data/Desktop/dibaru/dibaru/data/procon_corpus.jsonl,procon_corpus.jsonl#L1251
1252,Should Humans Colonize Space?,Whole Clean Corpus,31.409148652321317,3.447099208831787,21,/m/home/home6/63/viljanj7/data/Desktop/dibaru/dibaru/data/procon_corpus.jsonl,procon_corpus.jsonl#L1252
1253,Should Humans Colonize Space?,Whole Clean Corpus,39.393832036195015,3.6736092567443848,87,/m/home/home6/63/viljanj7/data/Desktop/dibaru/dibaru/data/procon_corpus.jsonl,procon_corpus.jsonl#L1253
1254,Should Humans Colonize Space?,Whole Clean Corpus,29.938338440254903,3.399139881134033,28,/m/home/home6/63/viljanj7/data/Desktop/dibaru/dibaru/data/procon_corpus.jsonl,procon_corpus.jsonl#L1254
1255,Should Humans Colonize Space?,Whole Clean Corpus,39.93298571592327,3.6872026920318604,77,/m/home/home6/63/viljanj7/data/Desktop/dibaru/dibaru/data/procon_corpus.jsonl,procon_corpus.jsonl#L1255
1256,Should Humans Colonize Space?,Whole Clean Corpus,27.750546645640714,3.3232555389404297,57,/m/home/home6/63/viljanj7/data/Desktop/dibaru/dibaru/data/procon_corpus.jsonl,procon_corpus.jsonl#L1256
1257,Should Humans Colonize Space?,Whole Clean Corpus,32.29154253988984,3.4748053550720215,151,/m/home/home6/63/viljanj7/data/Desktop/dibaru/dibaru/data/procon_corpus.jsonl,procon_corpus.jsonl#L1257
1258,Should Humans Colonize Space?,Whole Clean Corpus,48.59637671757192,3.8835489749908447,33,/m/home/home6/63/viljanj7/data/Desktop/dibaru/dibaru/data/procon_corpus.jsonl,procon_corpus.jsonl#L1258
1259,Should Humans Colonize Space?,Whole Clean Corpus,25.739164303965246,3.248013734817505,136,/m/home/home6/63/viljanj7/data/Desktop/dibaru/dibaru/data/procon_corpus.jsonl,procon_corpus.jsonl#L1259
1260,Should Humans Colonize Space?,Whole Clean Corpus,44.198023752365515,3.788680076599121,57,/m/home/home6/63/viljanj7/data/Desktop/dibaru/dibaru/data/procon_corpus.jsonl,procon_corpus.jsonl#L1260
1261,Should Humans Colonize Space?,Whole Clean Corpus,26.907694350347118,3.292412281036377,190,/m/home/home6/63/viljanj7/data/Desktop/dibaru/dibaru/data/procon_corpus.jsonl,procon_corpus.jsonl#L1261
1262,Should Humans Colonize Space?,Whole Clean Corpus,31.493282379312515,3.4497742652893066,80,/m/home/home6/63/viljanj7/data/Desktop/dibaru/dibaru/data/procon_corpus.jsonl,procon_corpus.jsonl#L1262
1263,Should Humans Colonize Space?,Whole Clean Corpus,27.792167548187585,3.324754238128662,120,/m/home/home6/63/viljanj7/data/Desktop/dibaru/dibaru/data/procon_corpus.jsonl,procon_corpus.jsonl#L1263
1264,Should Humans Colonize Space?,Whole Clean Corpus,87.9393084798752,4.476646900177002,56,/m/home/home6/63/viljanj7/data/Desktop/dibaru/dibaru/data/procon_corpus.jsonl,procon_corpus.jsonl#L1264
1265,Do Standardized Tests Improve Education in America?,Whole Clean Corpus,39.41432179798141,3.6741292476654053,212,/m/home/home6/63/viljanj7/data/Desktop/dibaru/dibaru/data/procon_corpus.jsonl,procon_corpus.jsonl#L1265
1266,Do Standardized Tests Improve Education in America?,Whole Clean Corpus,47.09614779064147,3.852191209793091,214,/m/home/home6/63/viljanj7/data/Desktop/dibaru/dibaru/data/procon_corpus.jsonl,procon_corpus.jsonl#L1266
1267,Do Standardized Tests Improve Education in America?,Whole Clean Corpus,40.3655359674983,3.6979763507843018,191,/m/home/home6/63/viljanj7/data/Desktop/dibaru/dibaru/data/procon_corpus.jsonl,procon_corpus.jsonl#L1267
1268,Do Standardized Tests Improve Education in America?,Whole Clean Corpus,52.3506160451446,3.957963705062866,216,/m/home/home6/63/viljanj7/data/Desktop/dibaru/dibaru/data/procon_corpus.jsonl,procon_corpus.jsonl#L1268
1269,Do Standardized Tests Improve Education in America?,Whole Clean Corpus,31.59991167472211,3.4531543254852295,299,/m/home/home6/63/viljanj7/data/Desktop/dibaru/dibaru/data/procon_corpus.jsonl,procon_corpus.jsonl#L1269
1270,Do Standardized Tests Improve Education in America?,Whole Clean Corpus,49.384341861981476,3.8996334075927734,192,/m/home/home6/63/viljanj7/data/Desktop/dibaru/dibaru/data/procon_corpus.jsonl,procon_corpus.jsonl#L1270
1271,Do Standardized Tests Improve Education in America?,Whole Clean Corpus,33.636310897693164,3.515606164932251,162,/m/home/home6/63/viljanj7/data/Desktop/dibaru/dibaru/data/procon_corpus.jsonl,procon_corpus.jsonl#L1271
1272,Do Standardized Tests Improve Education in America?,Whole Clean Corpus,95.25151685561012,4.556520938873291,82,/m/home/home6/63/viljanj7/data/Desktop/dibaru/dibaru/data/procon_corpus.jsonl,procon_corpus.jsonl#L1272
1273,Do Standardized Tests Improve Education in America?,Whole Clean Corpus,42.12690688908041,3.7406866550445557,163,/m/home/home6/63/viljanj7/data/Desktop/dibaru/dibaru/data/procon_corpus.jsonl,procon_corpus.jsonl#L1273
1274,Do Standardized Tests Improve Education in America?,Whole Clean Corpus,41.918722104066,3.7357325553894043,189,/m/home/home6/63/viljanj7/data/Desktop/dibaru/dibaru/data/procon_corpus.jsonl,procon_corpus.jsonl#L1274
1275,Do Standardized Tests Improve Education in America?,Whole Clean Corpus,47.97177704376305,3.870612859725952,261,/m/home/home6/63/viljanj7/data/Desktop/dibaru/dibaru/data/procon_corpus.jsonl,procon_corpus.jsonl#L1275
1276,Do Standardized Tests Improve Education in America?,Whole Clean Corpus,53.180710978277276,3.973695755004883,254,/m/home/home6/63/viljanj7/data/Desktop/dibaru/dibaru/data/procon_corpus.jsonl,procon_corpus.jsonl#L1276
1277,Do Standardized Tests Improve Education in America?,Whole Clean Corpus,44.93646894462956,3.8052496910095215,340,/m/home/home6/63/viljanj7/data/Desktop/dibaru/dibaru/data/procon_corpus.jsonl,procon_corpus.jsonl#L1277
1278,Do Standardized Tests Improve Education in America?,Whole Clean Corpus,41.85589570642735,3.7342326641082764,163,/m/home/home6/63/viljanj7/data/Desktop/dibaru/dibaru/data/procon_corpus.jsonl,procon_corpus.jsonl#L1278
1279,Do Standardized Tests Improve Education in America?,Whole Clean Corpus,93.23870505016232,4.535162925720215,63,/m/home/home6/63/viljanj7/data/Desktop/dibaru/dibaru/data/procon_corpus.jsonl,procon_corpus.jsonl#L1279
1280,Do Standardized Tests Improve Education in America?,Whole Clean Corpus,48.58240567365661,3.8832614421844482,82,/m/home/home6/63/viljanj7/data/Desktop/dibaru/dibaru/data/procon_corpus.jsonl,procon_corpus.jsonl#L1280
1281,Do Standardized Tests Improve Education in America?,Whole Clean Corpus,67.9903048947482,4.219365119934082,148,/m/home/home6/63/viljanj7/data/Desktop/dibaru/dibaru/data/procon_corpus.jsonl,procon_corpus.jsonl#L1281
1282,Do Standardized Tests Improve Education in America?,Whole Clean Corpus,34.53650030456902,3.5420167446136475,154,/m/home/home6/63/viljanj7/data/Desktop/dibaru/dibaru/data/procon_corpus.jsonl,procon_corpus.jsonl#L1282
1283,Do Standardized Tests Improve Education in America?,Whole Clean Corpus,41.43144076754488,3.7240400314331055,176,/m/home/home6/63/viljanj7/data/Desktop/dibaru/dibaru/data/procon_corpus.jsonl,procon_corpus.jsonl#L1283
1284,Do Standardized Tests Improve Education in America?,Whole Clean Corpus,54.45834222769046,3.997436046600342,72,/m/home/home6/63/viljanj7/data/Desktop/dibaru/dibaru/data/procon_corpus.jsonl,procon_corpus.jsonl#L1284
1285,Do Standardized Tests Improve Education in America?,Whole Clean Corpus,36.89604882470537,3.6081044673919678,96,/m/home/home6/63/viljanj7/data/Desktop/dibaru/dibaru/data/procon_corpus.jsonl,procon_corpus.jsonl#L1285
1286,Do Standardized Tests Improve Education in America?,Whole Clean Corpus,27.73580295153303,3.3227241039276123,151,/m/home/home6/63/viljanj7/data/Desktop/dibaru/dibaru/data/procon_corpus.jsonl,procon_corpus.jsonl#L1286
1287,Do Standardized Tests Improve Education in America?,Whole Clean Corpus,281.4387921978185,5.6399149894714355,54,/m/home/home6/63/viljanj7/data/Desktop/dibaru/dibaru/data/procon_corpus.jsonl,procon_corpus.jsonl#L1287
1288,Do Standardized Tests Improve Education in America?,Whole Clean Corpus,46.40820397965423,3.8374762535095215,128,/m/home/home6/63/viljanj7/data/Desktop/dibaru/dibaru/data/procon_corpus.jsonl,procon_corpus.jsonl#L1288
1289,Do Standardized Tests Improve Education in America?,Whole Clean Corpus,32.19020722807358,3.4716622829437256,143,/m/home/home6/63/viljanj7/data/Desktop/dibaru/dibaru/data/procon_corpus.jsonl,procon_corpus.jsonl#L1289
1290,Do Standardized Tests Improve Education in America?,Whole Clean Corpus,42.67219042844063,3.753547430038452,52,/m/home/home6/63/viljanj7/data/Desktop/dibaru/dibaru/data/procon_corpus.jsonl,procon_corpus.jsonl#L1290
1291,Do Standardized Tests Improve Education in America?,Whole Clean Corpus,32.01914818229055,3.466334104537964,139,/m/home/home6/63/viljanj7/data/Desktop/dibaru/dibaru/data/procon_corpus.jsonl,procon_corpus.jsonl#L1291
1292,Do Standardized Tests Improve Education in America?,Whole Clean Corpus,45.64200422471302,3.820828437805176,88,/m/home/home6/63/viljanj7/data/Desktop/dibaru/dibaru/data/procon_corpus.jsonl,procon_corpus.jsonl#L1292
1293,Do Standardized Tests Improve Education in America?,Whole Clean Corpus,46.92119516090037,3.8484694957733154,178,/m/home/home6/63/viljanj7/data/Desktop/dibaru/dibaru/data/procon_corpus.jsonl,procon_corpus.jsonl#L1293
1294,Do Standardized Tests Improve Education in America?,Whole Clean Corpus,34.93662478917095,3.5535356998443604,118,/m/home/home6/63/viljanj7/data/Desktop/dibaru/dibaru/data/procon_corpus.jsonl,procon_corpus.jsonl#L1294
1295,Do Standardized Tests Improve Education in America?,Whole Clean Corpus,58.55912268814582,4.070036888122559,74,/m/home/home6/63/viljanj7/data/Desktop/dibaru/dibaru/data/procon_corpus.jsonl,procon_corpus.jsonl#L1295
1296,Do Standardized Tests Improve Education in America?,Whole Clean Corpus,47.95926620040094,3.870352029800415,60,/m/home/home6/63/viljanj7/data/Desktop/dibaru/dibaru/data/procon_corpus.jsonl,procon_corpus.jsonl#L1296
1297,Do Standardized Tests Improve Education in America?,Whole Clean Corpus,47.96030674027803,3.8703737258911133,186,/m/home/home6/63/viljanj7/data/Desktop/dibaru/dibaru/data/procon_corpus.jsonl,procon_corpus.jsonl#L1297
1298,Do Standardized Tests Improve Education in America?,Whole Clean Corpus,55.53376079690417,4.016991138458252,145,/m/home/home6/63/viljanj7/data/Desktop/dibaru/dibaru/data/procon_corpus.jsonl,procon_corpus.jsonl#L1298
1299,Do Standardized Tests Improve Education in America?,Whole Clean Corpus,40.90002274041925,3.7111306190490723,110,/m/home/home6/63/viljanj7/data/Desktop/dibaru/dibaru/data/procon_corpus.jsonl,procon_corpus.jsonl#L1299
1300,Do Standardized Tests Improve Education in America?,Whole Clean Corpus,45.25327000601987,3.812274932861328,55,/m/home/home6/63/viljanj7/data/Desktop/dibaru/dibaru/data/procon_corpus.jsonl,procon_corpus.jsonl#L1300
1301,Do Standardized Tests Improve Education in America?,Whole Clean Corpus,32.16203790259944,3.4707868099212646,138,/m/home/home6/63/viljanj7/data/Desktop/dibaru/dibaru/data/procon_corpus.jsonl,procon_corpus.jsonl#L1301
1302,Do Standardized Tests Improve Education in America?,Whole Clean Corpus,40.599920462709505,3.703766107559204,109,/m/home/home6/63/viljanj7/data/Desktop/dibaru/dibaru/data/procon_corpus.jsonl,procon_corpus.jsonl#L1302
1303,Do Standardized Tests Improve Education in America?,Whole Clean Corpus,39.5939798241867,3.6786770820617676,75,/m/home/home6/63/viljanj7/data/Desktop/dibaru/dibaru/data/procon_corpus.jsonl,procon_corpus.jsonl#L1303
1304,Do Standardized Tests Improve Education in America?,Whole Clean Corpus,43.185491702256115,3.7655045986175537,124,/m/home/home6/63/viljanj7/data/Desktop/dibaru/dibaru/data/procon_corpus.jsonl,procon_corpus.jsonl#L1304
1305,Do Standardized Tests Improve Education in America?,Whole Clean Corpus,26.460249477317916,3.2756435871124268,28,/m/home/home6/63/viljanj7/data/Desktop/dibaru/dibaru/data/procon_corpus.jsonl,procon_corpus.jsonl#L1305
1306,Should Student Loan Debt Be Eliminated via Forgiveness or Bankruptcy?,Whole Clean Corpus,30.55759798856728,3.4196133613586426,122,/m/home/home6/63/viljanj7/data/Desktop/dibaru/dibaru/data/procon_corpus.jsonl,procon_corpus.jsonl#L1306
1307,Should Student Loan Debt Be Eliminated via Forgiveness or Bankruptcy?,Whole Clean Corpus,87.4734163652615,4.471334934234619,75,/m/home/home6/63/viljanj7/data/Desktop/dibaru/dibaru/data/procon_corpus.jsonl,procon_corpus.jsonl#L1307
1308,Should Student Loan Debt Be Eliminated via Forgiveness or Bankruptcy?,Whole Clean Corpus,26.994221528127422,3.2956228256225586,146,/m/home/home6/63/viljanj7/data/Desktop/dibaru/dibaru/data/procon_corpus.jsonl,procon_corpus.jsonl#L1308
1309,Should Student Loan Debt Be Eliminated via Forgiveness or Bankruptcy?,Whole Clean Corpus,172.555212626043,5.150717258453369,15,/m/home/home6/63/viljanj7/data/Desktop/dibaru/dibaru/data/procon_corpus.jsonl,procon_corpus.jsonl#L1309
1310,Should Student Loan Debt Be Eliminated via Forgiveness or Bankruptcy?,Whole Clean Corpus,43.93304116870757,3.7826666831970215,29,/m/home/home6/63/viljanj7/data/Desktop/dibaru/dibaru/data/procon_corpus.jsonl,procon_corpus.jsonl#L1310
1311,Should Student Loan Debt Be Eliminated via Forgiveness or Bankruptcy?,Whole Clean Corpus,24.241302650762158,3.1880578994750977,110,/m/home/home6/63/viljanj7/data/Desktop/dibaru/dibaru/data/procon_corpus.jsonl,procon_corpus.jsonl#L1311
1312,Should Student Loan Debt Be Eliminated via Forgiveness or Bankruptcy?,Whole Clean Corpus,41.21541048217529,3.7188122272491455,127,/m/home/home6/63/viljanj7/data/Desktop/dibaru/dibaru/data/procon_corpus.jsonl,procon_corpus.jsonl#L1312
1313,Should Student Loan Debt Be Eliminated via Forgiveness or Bankruptcy?,Whole Clean Corpus,58.27421986303218,4.065159797668457,125,/m/home/home6/63/viljanj7/data/Desktop/dibaru/dibaru/data/procon_corpus.jsonl,procon_corpus.jsonl#L1313
1314,Should Student Loan Debt Be Eliminated via Forgiveness or Bankruptcy?,Whole Clean Corpus,43.82976940974899,3.78031325340271,39,/m/home/home6/63/viljanj7/data/Desktop/dibaru/dibaru/data/procon_corpus.jsonl,procon_corpus.jsonl#L1314
1315,Should Student Loan Debt Be Eliminated via Forgiveness or Bankruptcy?,Whole Clean Corpus,18.481213369765683,2.916754722595215,88,/m/home/home6/63/viljanj7/data/Desktop/dibaru/dibaru/data/procon_corpus.jsonl,procon_corpus.jsonl#L1315
1316,Should Student Loan Debt Be Eliminated via Forgiveness or Bankruptcy?,Whole Clean Corpus,58.6875703015648,4.072227954864502,119,/m/home/home6/63/viljanj7/data/Desktop/dibaru/dibaru/data/procon_corpus.jsonl,procon_corpus.jsonl#L1316
1317,Should Student Loan Debt Be Eliminated via Forgiveness or Bankruptcy?,Whole Clean Corpus,69.72023724517447,4.244490623474121,58,/m/home/home6/63/viljanj7/data/Desktop/dibaru/dibaru/data/procon_corpus.jsonl,procon_corpus.jsonl#L1317
1318,Should Student Loan Debt Be Eliminated via Forgiveness or Bankruptcy?,Whole Clean Corpus,47.25419663495144,3.855541467666626,89,/m/home/home6/63/viljanj7/data/Desktop/dibaru/dibaru/data/procon_corpus.jsonl,procon_corpus.jsonl#L1318
1319,Should Student Loan Debt Be Eliminated via Forgiveness or Bankruptcy?,Whole Clean Corpus,58.01941315917375,4.06077766418457,43,/m/home/home6/63/viljanj7/data/Desktop/dibaru/dibaru/data/procon_corpus.jsonl,procon_corpus.jsonl#L1319
1320,Should Student Loan Debt Be Eliminated via Forgiveness or Bankruptcy?,Whole Clean Corpus,21.234097718267034,3.0556082725524902,36,/m/home/home6/63/viljanj7/data/Desktop/dibaru/dibaru/data/procon_corpus.jsonl,procon_corpus.jsonl#L1320
1321,Should Student Loan Debt Be Eliminated via Forgiveness or Bankruptcy?,Whole Clean Corpus,54.74575612478693,4.002699851989746,90,/m/home/home6/63/viljanj7/data/Desktop/dibaru/dibaru/data/procon_corpus.jsonl,procon_corpus.jsonl#L1321
1322,Should Student Loan Debt Be Eliminated via Forgiveness or Bankruptcy?,Whole Clean Corpus,42.0370201836865,3.7385506629943848,80,/m/home/home6/63/viljanj7/data/Desktop/dibaru/dibaru/data/procon_corpus.jsonl,procon_corpus.jsonl#L1322
1323,Should Student Loan Debt Be Eliminated via Forgiveness or Bankruptcy?,Whole Clean Corpus,33.35010779661347,3.507061004638672,49,/m/home/home6/63/viljanj7/data/Desktop/dibaru/dibaru/data/procon_corpus.jsonl,procon_corpus.jsonl#L1323
1324,Should Student Loan Debt Be Eliminated via Forgiveness or Bankruptcy?,Whole Clean Corpus,48.31017276301821,3.8776421546936035,83,/m/home/home6/63/viljanj7/data/Desktop/dibaru/dibaru/data/procon_corpus.jsonl,procon_corpus.jsonl#L1324
1325,Should Student Loan Debt Be Eliminated via Forgiveness or Bankruptcy?,Whole Clean Corpus,38.21709353714165,3.643282890319824,106,/m/home/home6/63/viljanj7/data/Desktop/dibaru/dibaru/data/procon_corpus.jsonl,procon_corpus.jsonl#L1325
1326,Should Student Loan Debt Be Eliminated via Forgiveness or Bankruptcy?,Whole Clean Corpus,21.343045039998458,3.0607259273529053,143,/m/home/home6/63/viljanj7/data/Desktop/dibaru/dibaru/data/procon_corpus.jsonl,procon_corpus.jsonl#L1326
1327,Should Student Loan Debt Be Eliminated via Forgiveness or Bankruptcy?,Whole Clean Corpus,23.05811237593133,3.1380176544189453,91,/m/home/home6/63/viljanj7/data/Desktop/dibaru/dibaru/data/procon_corpus.jsonl,procon_corpus.jsonl#L1327
1328,Should Student Loan Debt Be Eliminated via Forgiveness or Bankruptcy?,Whole Clean Corpus,100.01049736350247,4.6052751541137695,108,/m/home/home6/63/viljanj7/data/Desktop/dibaru/dibaru/data/procon_corpus.jsonl,procon_corpus.jsonl#L1328
1329,Should Student Loan Debt Be Eliminated via Forgiveness or Bankruptcy?,Whole Clean Corpus,52.0065794913841,3.9513702392578125,25,/m/home/home6/63/viljanj7/data/Desktop/dibaru/dibaru/data/procon_corpus.jsonl,procon_corpus.jsonl#L1329
1330,Should Student Loan Debt Be Eliminated via Forgiveness or Bankruptcy?,Whole Clean Corpus,30.208951119392978,3.4081382751464844,55,/m/home/home6/63/viljanj7/data/Desktop/dibaru/dibaru/data/procon_corpus.jsonl,procon_corpus.jsonl#L1330
1331,Should Student Loan Debt Be Eliminated via Forgiveness or Bankruptcy?,Whole Clean Corpus,22.812950882130114,3.127328395843506,69,/m/home/home6/63/viljanj7/data/Desktop/dibaru/dibaru/data/procon_corpus.jsonl,procon_corpus.jsonl#L1331
1332,Should Student Loan Debt Be Eliminated via Forgiveness or Bankruptcy?,Whole Clean Corpus,47.73554998653708,3.8656764030456543,105,/m/home/home6/63/viljanj7/data/Desktop/dibaru/dibaru/data/procon_corpus.jsonl,procon_corpus.jsonl#L1332
1333,Should Student Loan Debt Be Eliminated via Forgiveness or Bankruptcy?,Whole Clean Corpus,20.342212764590865,3.012698173522949,44,/m/home/home6/63/viljanj7/data/Desktop/dibaru/dibaru/data/procon_corpus.jsonl,procon_corpus.jsonl#L1333
1334,Should Student Loan Debt Be Eliminated via Forgiveness or Bankruptcy?,Whole Clean Corpus,18.721002372720378,2.9296460151672363,72,/m/home/home6/63/viljanj7/data/Desktop/dibaru/dibaru/data/procon_corpus.jsonl,procon_corpus.jsonl#L1334
1335,Should Student Loan Debt Be Eliminated via Forgiveness or Bankruptcy?,Whole Clean Corpus,57.78718202703879,4.056766986846924,23,/m/home/home6/63/viljanj7/data/Desktop/dibaru/dibaru/data/procon_corpus.jsonl,procon_corpus.jsonl#L1335
1336,Should Student Loan Debt Be Eliminated via Forgiveness or Bankruptcy?,Whole Clean Corpus,70.73160736567819,4.25889253616333,96,/m/home/home6/63/viljanj7/data/Desktop/dibaru/dibaru/data/procon_corpus.jsonl,procon_corpus.jsonl#L1336
1337,Should TikTok Be Banned?,Whole Clean Corpus,77.12202357903445,4.345388889312744,102,/m/home/home6/63/viljanj7/data/Desktop/dibaru/dibaru/data/procon_corpus.jsonl,procon_corpus.jsonl#L1337
1338,Should TikTok Be Banned?,Whole Clean Corpus,63.62964701294368,4.153079509735107,86,/m/home/home6/63/viljanj7/data/Desktop/dibaru/dibaru/data/procon_corpus.jsonl,procon_corpus.jsonl#L1338
1339,Should TikTok Be Banned?,Whole Clean Corpus,65.68284748686682,4.184837818145752,43,/m/home/home6/63/viljanj7/data/Desktop/dibaru/dibaru/data/procon_corpus.jsonl,procon_corpus.jsonl#L1339
1340,Should TikTok Be Banned?,Whole Clean Corpus,63.87588417617716,4.156941890716553,76,/m/home/home6/63/viljanj7/data/Desktop/dibaru/dibaru/data/procon_corpus.jsonl,procon_corpus.jsonl#L1340
1341,Should TikTok Be Banned?,Whole Clean Corpus,658.8438930589905,6.4904866218566895,21,/m/home/home6/63/viljanj7/data/Desktop/dibaru/dibaru/data/procon_corpus.jsonl,procon_corpus.jsonl#L1341
1342,Should TikTok Be Banned?,Whole Clean Corpus,173.6522786386092,5.157054901123047,68,/m/home/home6/63/viljanj7/data/Desktop/dibaru/dibaru/data/procon_corpus.jsonl,procon_corpus.jsonl#L1342
1343,Should TikTok Be Banned?,Whole Clean Corpus,69.46153881116068,4.2407732009887695,58,/m/home/home6/63/viljanj7/data/Desktop/dibaru/dibaru/data/procon_corpus.jsonl,procon_corpus.jsonl#L1343
1344,Should TikTok Be Banned?,Whole Clean Corpus,104.52820902964255,4.649456977844238,71,/m/home/home6/63/viljanj7/data/Desktop/dibaru/dibaru/data/procon_corpus.jsonl,procon_corpus.jsonl#L1344
1345,Should TikTok Be Banned?,Whole Clean Corpus,54.52835732949476,3.99872088432312,142,/m/home/home6/63/viljanj7/data/Desktop/dibaru/dibaru/data/procon_corpus.jsonl,procon_corpus.jsonl#L1345
1346,Should TikTok Be Banned?,Whole Clean Corpus,81.81330851417262,4.404439926147461,85,/m/home/home6/63/viljanj7/data/Desktop/dibaru/dibaru/data/procon_corpus.jsonl,procon_corpus.jsonl#L1346
1347,Should TikTok Be Banned?,Whole Clean Corpus,168.45882221820523,5.1266913414001465,82,/m/home/home6/63/viljanj7/data/Desktop/dibaru/dibaru/data/procon_corpus.jsonl,procon_corpus.jsonl#L1347
1348,Should TikTok Be Banned?,Whole Clean Corpus,45.8000320978545,3.824284791946411,117,/m/home/home6/63/viljanj7/data/Desktop/dibaru/dibaru/data/procon_corpus.jsonl,procon_corpus.jsonl#L1348
1349,Should TikTok Be Banned?,Whole Clean Corpus,90.75442690389976,4.508157253265381,60,/m/home/home6/63/viljanj7/data/Desktop/dibaru/dibaru/data/procon_corpus.jsonl,procon_corpus.jsonl#L1349
1350,Should TikTok Be Banned?,Whole Clean Corpus,24.181794153803732,3.1856000423431396,59,/m/home/home6/63/viljanj7/data/Desktop/dibaru/dibaru/data/procon_corpus.jsonl,procon_corpus.jsonl#L1350
1351,Should TikTok Be Banned?,Whole Clean Corpus,28.275183460658493,3.341984510421753,133,/m/home/home6/63/viljanj7/data/Desktop/dibaru/dibaru/data/procon_corpus.jsonl,procon_corpus.jsonl#L1351
1352,Should TikTok Be Banned?,Whole Clean Corpus,37.46951860608526,3.623527765274048,94,/m/home/home6/63/viljanj7/data/Desktop/dibaru/dibaru/data/procon_corpus.jsonl,procon_corpus.jsonl#L1352
1353,Should TikTok Be Banned?,Whole Clean Corpus,65.19485545979265,4.177380561828613,140,/m/home/home6/63/viljanj7/data/Desktop/dibaru/dibaru/data/procon_corpus.jsonl,procon_corpus.jsonl#L1353
1354,Should TikTok Be Banned?,Whole Clean Corpus,143.88243245344842,4.968996524810791,14,/m/home/home6/63/viljanj7/data/Desktop/dibaru/dibaru/data/procon_corpus.jsonl,procon_corpus.jsonl#L1354
1355,Should TikTok Be Banned?,Whole Clean Corpus,61.134491140410226,4.113076210021973,75,/m/home/home6/63/viljanj7/data/Desktop/dibaru/dibaru/data/procon_corpus.jsonl,procon_corpus.jsonl#L1355
1356,Should TikTok Be Banned?,Whole Clean Corpus,67.71189974514293,4.215261936187744,70,/m/home/home6/63/viljanj7/data/Desktop/dibaru/dibaru/data/procon_corpus.jsonl,procon_corpus.jsonl#L1356
1357,Should TikTok Be Banned?,Whole Clean Corpus,39.27107014310796,3.670488119125366,67,/m/home/home6/63/viljanj7/data/Desktop/dibaru/dibaru/data/procon_corpus.jsonl,procon_corpus.jsonl#L1357
1358,Should TikTok Be Banned?,Whole Clean Corpus,38.89116400414194,3.660767078399658,31,/m/home/home6/63/viljanj7/data/Desktop/dibaru/dibaru/data/procon_corpus.jsonl,procon_corpus.jsonl#L1358
1359,Should TikTok Be Banned?,Whole Clean Corpus,393.1325541667384,5.974146842956543,36,/m/home/home6/63/viljanj7/data/Desktop/dibaru/dibaru/data/procon_corpus.jsonl,procon_corpus.jsonl#L1359
1360,Should TikTok Be Banned?,Whole Clean Corpus,109.89672838167716,4.699541091918945,51,/m/home/home6/63/viljanj7/data/Desktop/dibaru/dibaru/data/procon_corpus.jsonl,procon_corpus.jsonl#L1360
1361,Should TikTok Be Banned?,Whole Clean Corpus,43.72770996846637,3.777981996536255,72,/m/home/home6/63/viljanj7/data/Desktop/dibaru/dibaru/data/procon_corpus.jsonl,procon_corpus.jsonl#L1361
1362,Should TikTok Be Banned?,Whole Clean Corpus,98.239422798461,4.58740758895874,39,/m/home/home6/63/viljanj7/data/Desktop/dibaru/dibaru/data/procon_corpus.jsonl,procon_corpus.jsonl#L1362
1363,Should TikTok Be Banned?,Whole Clean Corpus,61.25713648006766,4.1150803565979,87,/m/home/home6/63/viljanj7/data/Desktop/dibaru/dibaru/data/procon_corpus.jsonl,procon_corpus.jsonl#L1363
1364,Should TikTok Be Banned?,Whole Clean Corpus,130.2513216936273,4.8694658279418945,81,/m/home/home6/63/viljanj7/data/Desktop/dibaru/dibaru/data/procon_corpus.jsonl,procon_corpus.jsonl#L1364
1365,Should TikTok Be Banned?,Whole Clean Corpus,49.900657533140475,3.9100341796875,22,/m/home/home6/63/viljanj7/data/Desktop/dibaru/dibaru/data/procon_corpus.jsonl,procon_corpus.jsonl#L1365
1366,Should TikTok Be Banned?,Whole Clean Corpus,89.78123284629234,4.497375965118408,60,/m/home/home6/63/viljanj7/data/Desktop/dibaru/dibaru/data/procon_corpus.jsonl,procon_corpus.jsonl#L1366
1367,Should TikTok Be Banned?,Whole Clean Corpus,113.20646073401106,4.729213237762451,22,/m/home/home6/63/viljanj7/data/Desktop/dibaru/dibaru/data/procon_corpus.jsonl,procon_corpus.jsonl#L1367
1368,Should TikTok Be Banned?,Whole Clean Corpus,51.69437516651518,3.9453489780426025,51,/m/home/home6/63/viljanj7/data/Desktop/dibaru/dibaru/data/procon_corpus.jsonl,procon_corpus.jsonl#L1368
1369,Should TikTok Be Banned?,Whole Clean Corpus,120.43572855393948,4.791116237640381,88,/m/home/home6/63/viljanj7/data/Desktop/dibaru/dibaru/data/procon_corpus.jsonl,procon_corpus.jsonl#L1369
1370,Should TikTok Be Banned?,Whole Clean Corpus,149.024868890943,5.00411319732666,39,/m/home/home6/63/viljanj7/data/Desktop/dibaru/dibaru/data/procon_corpus.jsonl,procon_corpus.jsonl#L1370
1371,Should TikTok Be Banned?,Whole Clean Corpus,73.09120117541858,4.291707992553711,73,/m/home/home6/63/viljanj7/data/Desktop/dibaru/dibaru/data/procon_corpus.jsonl,procon_corpus.jsonl#L1371
1372,Should TikTok Be Banned?,Whole Clean Corpus,92.20417514037244,4.52400541305542,107,/m/home/home6/63/viljanj7/data/Desktop/dibaru/dibaru/data/procon_corpus.jsonl,procon_corpus.jsonl#L1372
1373,Should TikTok Be Banned?,Whole Clean Corpus,48.11191747813197,3.8735299110412598,106,/m/home/home6/63/viljanj7/data/Desktop/dibaru/dibaru/data/procon_corpus.jsonl,procon_corpus.jsonl#L1373
1374,Should TikTok Be Banned?,Whole Clean Corpus,246.46694759190473,5.507227897644043,31,/m/home/home6/63/viljanj7/data/Desktop/dibaru/dibaru/data/procon_corpus.jsonl,procon_corpus.jsonl#L1374
1375,Should TikTok Be Banned?,Whole Clean Corpus,181.91505517696334,5.203539848327637,50,/m/home/home6/63/viljanj7/data/Desktop/dibaru/dibaru/data/procon_corpus.jsonl,procon_corpus.jsonl#L1375
1376,Should TikTok Be Banned?,Whole Clean Corpus,67.11410265274667,4.206394195556641,94,/m/home/home6/63/viljanj7/data/Desktop/dibaru/dibaru/data/procon_corpus.jsonl,procon_corpus.jsonl#L1376
1377,Should TikTok Be Banned?,Whole Clean Corpus,158.74745795875808,5.067314624786377,80,/m/home/home6/63/viljanj7/data/Desktop/dibaru/dibaru/data/procon_corpus.jsonl,procon_corpus.jsonl#L1377
1378,Should TikTok Be Banned?,Whole Clean Corpus,169.11436128342697,5.130575180053711,32,/m/home/home6/63/viljanj7/data/Desktop/dibaru/dibaru/data/procon_corpus.jsonl,procon_corpus.jsonl#L1378
1379,Should People Become Vegetarian?,Whole Clean Corpus,29.206737635494832,3.374399423599243,22,/m/home/home6/63/viljanj7/data/Desktop/dibaru/dibaru/data/procon_corpus.jsonl,procon_corpus.jsonl#L1379
1380,Should People Become Vegetarian?,Whole Clean Corpus,24.657349878506977,3.2050750255584717,180,/m/home/home6/63/viljanj7/data/Desktop/dibaru/dibaru/data/procon_corpus.jsonl,procon_corpus.jsonl#L1380
1381,Should People Become Vegetarian?,Whole Clean Corpus,40.215030086095645,3.6942408084869385,79,/m/home/home6/63/viljanj7/data/Desktop/dibaru/dibaru/data/procon_corpus.jsonl,procon_corpus.jsonl#L1381
1382,Should People Become Vegetarian?,Whole Clean Corpus,17.07811196832452,2.8377976417541504,67,/m/home/home6/63/viljanj7/data/Desktop/dibaru/dibaru/data/procon_corpus.jsonl,procon_corpus.jsonl#L1382
1383,Should People Become Vegetarian?,Whole Clean Corpus,18.36857259923111,2.9106411933898926,61,/m/home/home6/63/viljanj7/data/Desktop/dibaru/dibaru/data/procon_corpus.jsonl,procon_corpus.jsonl#L1383
1384,Should People Become Vegetarian?,Whole Clean Corpus,11.245039748867704,2.4199271202087402,89,/m/home/home6/63/viljanj7/data/Desktop/dibaru/dibaru/data/procon_corpus.jsonl,procon_corpus.jsonl#L1384
1385,Should People Become Vegetarian?,Whole Clean Corpus,27.183778342285347,3.3026204109191895,67,/m/home/home6/63/viljanj7/data/Desktop/dibaru/dibaru/data/procon_corpus.jsonl,procon_corpus.jsonl#L1385
1386,Should People Become Vegetarian?,Whole Clean Corpus,9.920102892363285,2.2945632934570312,75,/m/home/home6/63/viljanj7/data/Desktop/dibaru/dibaru/data/procon_corpus.jsonl,procon_corpus.jsonl#L1386
1387,Should People Become Vegetarian?,Whole Clean Corpus,40.78420477026822,3.7082948684692383,32,/m/home/home6/63/viljanj7/data/Desktop/dibaru/dibaru/data/procon_corpus.jsonl,procon_corpus.jsonl#L1387
1388,Should People Become Vegetarian?,Whole Clean Corpus,26.355519782665084,3.2716777324676514,106,/m/home/home6/63/viljanj7/data/Desktop/dibaru/dibaru/data/procon_corpus.jsonl,procon_corpus.jsonl#L1388
1389,Should People Become Vegetarian?,Whole Clean Corpus,23.3917316639778,3.1523826122283936,74,/m/home/home6/63/viljanj7/data/Desktop/dibaru/dibaru/data/procon_corpus.jsonl,procon_corpus.jsonl#L1389
1390,Should People Become Vegetarian?,Whole Clean Corpus,31.73826680306491,3.4575231075286865,92,/m/home/home6/63/viljanj7/data/Desktop/dibaru/dibaru/data/procon_corpus.jsonl,procon_corpus.jsonl#L1390
1391,Should People Become Vegetarian?,Whole Clean Corpus,36.82334542136728,3.6061320304870605,105,/m/home/home6/63/viljanj7/data/Desktop/dibaru/dibaru/data/procon_corpus.jsonl,procon_corpus.jsonl#L1391
1392,Should People Become Vegetarian?,Whole Clean Corpus,57.07043752994495,4.044286251068115,78,/m/home/home6/63/viljanj7/data/Desktop/dibaru/dibaru/data/procon_corpus.jsonl,procon_corpus.jsonl#L1392
1393,Should People Become Vegetarian?,Whole Clean Corpus,36.53016407704623,3.5981383323669434,95,/m/home/home6/63/viljanj7/data/Desktop/dibaru/dibaru/data/procon_corpus.jsonl,procon_corpus.jsonl#L1393
1394,Should People Become Vegetarian?,Whole Clean Corpus,22.979035060003255,3.134582281112671,177,/m/home/home6/63/viljanj7/data/Desktop/dibaru/dibaru/data/procon_corpus.jsonl,procon_corpus.jsonl#L1394
1395,Should People Become Vegetarian?,Whole Clean Corpus,23.683112905397074,3.164762258529663,87,/m/home/home6/63/viljanj7/data/Desktop/dibaru/dibaru/data/procon_corpus.jsonl,procon_corpus.jsonl#L1395
1396,Should People Become Vegetarian?,Whole Clean Corpus,13.174483352473914,2.578281879425049,81,/m/home/home6/63/viljanj7/data/Desktop/dibaru/dibaru/data/procon_corpus.jsonl,procon_corpus.jsonl#L1396
1397,Should People Become Vegetarian?,Whole Clean Corpus,12.249671551722232,2.5054991245269775,75,/m/home/home6/63/viljanj7/data/Desktop/dibaru/dibaru/data/procon_corpus.jsonl,procon_corpus.jsonl#L1397
1398,Should People Become Vegetarian?,Whole Clean Corpus,11.139583187581373,2.4105048179626465,62,/m/home/home6/63/viljanj7/data/Desktop/dibaru/dibaru/data/procon_corpus.jsonl,procon_corpus.jsonl#L1398
1399,Should People Become Vegetarian?,Whole Clean Corpus,28.691167343202654,3.3565893173217773,67,/m/home/home6/63/viljanj7/data/Desktop/dibaru/dibaru/data/procon_corpus.jsonl,procon_corpus.jsonl#L1399
1400,Should People Become Vegetarian?,Whole Clean Corpus,26.842747435102766,3.2899956703186035,183,/m/home/home6/63/viljanj7/data/Desktop/dibaru/dibaru/data/procon_corpus.jsonl,procon_corpus.jsonl#L1400
1401,Should People Become Vegetarian?,Whole Clean Corpus,31.60056714004564,3.4531750679016113,80,/m/home/home6/63/viljanj7/data/Desktop/dibaru/dibaru/data/procon_corpus.jsonl,procon_corpus.jsonl#L1401
1402,Should People Become Vegetarian?,Whole Clean Corpus,28.905249106783472,3.364023208618164,87,/m/home/home6/63/viljanj7/data/Desktop/dibaru/dibaru/data/procon_corpus.jsonl,procon_corpus.jsonl#L1402
1403,Should the Voting Age Be Lowered to 16?,Whole Clean Corpus,36.215003197761675,3.5894734859466553,70,/m/home/home6/63/viljanj7/data/Desktop/dibaru/dibaru/data/procon_corpus.jsonl,procon_corpus.jsonl#L1403
1404,Should the Voting Age Be Lowered to 16?,Whole Clean Corpus,89.52712437875086,4.494541645050049,41,/m/home/home6/63/viljanj7/data/Desktop/dibaru/dibaru/data/procon_corpus.jsonl,procon_corpus.jsonl#L1404
1405,Should the Voting Age Be Lowered to 16?,Whole Clean Corpus,49.27338940784249,3.8973841667175293,84,/m/home/home6/63/viljanj7/data/Desktop/dibaru/dibaru/data/procon_corpus.jsonl,procon_corpus.jsonl#L1405
1406,Should the Voting Age Be Lowered to 16?,Whole Clean Corpus,15.318268049746411,2.729046106338501,85,/m/home/home6/63/viljanj7/data/Desktop/dibaru/dibaru/data/procon_corpus.jsonl,procon_corpus.jsonl#L1406
1407,Should the Voting Age Be Lowered to 16?,Whole Clean Corpus,31.877349299278897,3.461895704269409,66,/m/home/home6/63/viljanj7/data/Desktop/dibaru/dibaru/data/procon_corpus.jsonl,procon_corpus.jsonl#L1407
1408,Should the Voting Age Be Lowered to 16?,Whole Clean Corpus,25.39270135142118,3.234461784362793,29,/m/home/home6/63/viljanj7/data/Desktop/dibaru/dibaru/data/procon_corpus.jsonl,procon_corpus.jsonl#L1408
1409,Should the Voting Age Be Lowered to 16?,Whole Clean Corpus,28.79643702604926,3.3602516651153564,91,/m/home/home6/63/viljanj7/data/Desktop/dibaru/dibaru/data/procon_corpus.jsonl,procon_corpus.jsonl#L1409
1410,Should the Voting Age Be Lowered to 16?,Whole Clean Corpus,34.26152644025623,3.5340230464935303,63,/m/home/home6/63/viljanj7/data/Desktop/dibaru/dibaru/data/procon_corpus.jsonl,procon_corpus.jsonl#L1410
1411,Should the Voting Age Be Lowered to 16?,Whole Clean Corpus,81.4539835963488,4.400038242340088,37,/m/home/home6/63/viljanj7/data/Desktop/dibaru/dibaru/data/procon_corpus.jsonl,procon_corpus.jsonl#L1411
1412,Should the Voting Age Be Lowered to 16?,Whole Clean Corpus,31.96044347481277,3.464498996734619,61,/m/home/home6/63/viljanj7/data/Desktop/dibaru/dibaru/data/procon_corpus.jsonl,procon_corpus.jsonl#L1412
1413,Should the Voting Age Be Lowered to 16?,Whole Clean Corpus,28.442694128895372,3.347891330718994,60,/m/home/home6/63/viljanj7/data/Desktop/dibaru/dibaru/data/procon_corpus.jsonl,procon_corpus.jsonl#L1413
1414,Should the Voting Age Be Lowered to 16?,Whole Clean Corpus,18.940984165926317,2.9413280487060547,38,/m/home/home6/63/viljanj7/data/Desktop/dibaru/dibaru/data/procon_corpus.jsonl,procon_corpus.jsonl#L1414
1415,Should the Voting Age Be Lowered to 16?,Whole Clean Corpus,55.58401714703682,4.017895698547363,93,/m/home/home6/63/viljanj7/data/Desktop/dibaru/dibaru/data/procon_corpus.jsonl,procon_corpus.jsonl#L1415
1416,Should the Voting Age Be Lowered to 16?,Whole Clean Corpus,42.125480688328764,3.7406527996063232,43,/m/home/home6/63/viljanj7/data/Desktop/dibaru/dibaru/data/procon_corpus.jsonl,procon_corpus.jsonl#L1416
1417,Should the Voting Age Be Lowered to 16?,Whole Clean Corpus,23.18427163558117,3.1434741020202637,28,/m/home/home6/63/viljanj7/data/Desktop/dibaru/dibaru/data/procon_corpus.jsonl,procon_corpus.jsonl#L1417
1418,Should the Voting Age Be Lowered to 16?,Whole Clean Corpus,11.74214884118052,2.4631848335266113,29,/m/home/home6/63/viljanj7/data/Desktop/dibaru/dibaru/data/procon_corpus.jsonl,procon_corpus.jsonl#L1418
1419,Should the Voting Age Be Lowered to 16?,Whole Clean Corpus,11.140807617206724,2.4106147289276123,99,/m/home/home6/63/viljanj7/data/Desktop/dibaru/dibaru/data/procon_corpus.jsonl,procon_corpus.jsonl#L1419
1420,Should the Voting Age Be Lowered to 16?,Whole Clean Corpus,45.46575390349977,3.8169593811035156,35,/m/home/home6/63/viljanj7/data/Desktop/dibaru/dibaru/data/procon_corpus.jsonl,procon_corpus.jsonl#L1420
1421,Should the Voting Age Be Lowered to 16?,Whole Clean Corpus,50.77933696188255,3.9274895191192627,87,/m/home/home6/63/viljanj7/data/Desktop/dibaru/dibaru/data/procon_corpus.jsonl,procon_corpus.jsonl#L1421
1422,Should the Voting Age Be Lowered to 16?,Whole Clean Corpus,37.137221139806144,3.614619731903076,57,/m/home/home6/63/viljanj7/data/Desktop/dibaru/dibaru/data/procon_corpus.jsonl,procon_corpus.jsonl#L1422
1423,Should the Voting Age Be Lowered to 16?,Whole Clean Corpus,21.104930037920216,3.049506664276123,40,/m/home/home6/63/viljanj7/data/Desktop/dibaru/dibaru/data/procon_corpus.jsonl,procon_corpus.jsonl#L1423
1424,Should the Voting Age Be Lowered to 16?,Whole Clean Corpus,19.395321210372423,2.965031862258911,71,/m/home/home6/63/viljanj7/data/Desktop/dibaru/dibaru/data/procon_corpus.jsonl,procon_corpus.jsonl#L1424
1425,Are Electronic Voting Machines the Best Method for Voting?,Whole Clean Corpus,59.997657229771654,4.094305515289307,53,/m/home/home6/63/viljanj7/data/Desktop/dibaru/dibaru/data/procon_corpus.jsonl,procon_corpus.jsonl#L1425
1426,Are Electronic Voting Machines the Best Method for Voting?,Whole Clean Corpus,51.76688405516284,3.9467506408691406,30,/m/home/home6/63/viljanj7/data/Desktop/dibaru/dibaru/data/procon_corpus.jsonl,procon_corpus.jsonl#L1426
1427,Are Electronic Voting Machines the Best Method for Voting?,Whole Clean Corpus,51.52491501446165,3.942065477371216,135,/m/home/home6/63/viljanj7/data/Desktop/dibaru/dibaru/data/procon_corpus.jsonl,procon_corpus.jsonl#L1427
1428,Are Electronic Voting Machines the Best Method for Voting?,Whole Clean Corpus,52.72753053083424,3.9651377201080322,71,/m/home/home6/63/viljanj7/data/Desktop/dibaru/dibaru/data/procon_corpus.jsonl,procon_corpus.jsonl#L1428
1429,Are Electronic Voting Machines the Best Method for Voting?,Whole Clean Corpus,30.98051414443368,3.4333584308624268,126,/m/home/home6/63/viljanj7/data/Desktop/dibaru/dibaru/data/procon_corpus.jsonl,procon_corpus.jsonl#L1429
1430,Are Electronic Voting Machines the Best Method for Voting?,Whole Clean Corpus,58.08429807710192,4.061895370483398,103,/m/home/home6/63/viljanj7/data/Desktop/dibaru/dibaru/data/procon_corpus.jsonl,procon_corpus.jsonl#L1430
1431,Are Electronic Voting Machines the Best Method for Voting?,Whole Clean Corpus,54.820780501658746,4.0040693283081055,57,/m/home/home6/63/viljanj7/data/Desktop/dibaru/dibaru/data/procon_corpus.jsonl,procon_corpus.jsonl#L1431
1432,Are Electronic Voting Machines the Best Method for Voting?,Whole Clean Corpus,51.30876939728873,3.937861680984497,63,/m/home/home6/63/viljanj7/data/Desktop/dibaru/dibaru/data/procon_corpus.jsonl,procon_corpus.jsonl#L1432
1433,Are Electronic Voting Machines the Best Method for Voting?,Whole Clean Corpus,41.415559947328,3.72365665435791,72,/m/home/home6/63/viljanj7/data/Desktop/dibaru/dibaru/data/procon_corpus.jsonl,procon_corpus.jsonl#L1433
1434,Are Electronic Voting Machines the Best Method for Voting?,Whole Clean Corpus,47.95836289287982,3.870333194732666,25,/m/home/home6/63/viljanj7/data/Desktop/dibaru/dibaru/data/procon_corpus.jsonl,procon_corpus.jsonl#L1434
1435,Are Electronic Voting Machines the Best Method for Voting?,Whole Clean Corpus,33.09953088837543,3.499519109725952,43,/m/home/home6/63/viljanj7/data/Desktop/dibaru/dibaru/data/procon_corpus.jsonl,procon_corpus.jsonl#L1435
1436,Are Electronic Voting Machines the Best Method for Voting?,Whole Clean Corpus,27.195680279345115,3.30305814743042,41,/m/home/home6/63/viljanj7/data/Desktop/dibaru/dibaru/data/procon_corpus.jsonl,procon_corpus.jsonl#L1436
1437,Are Electronic Voting Machines the Best Method for Voting?,Whole Clean Corpus,81.36807537818568,4.398983001708984,77,/m/home/home6/63/viljanj7/data/Desktop/dibaru/dibaru/data/procon_corpus.jsonl,procon_corpus.jsonl#L1437
1438,Are Electronic Voting Machines the Best Method for Voting?,Whole Clean Corpus,78.34682904899422,4.361145496368408,117,/m/home/home6/63/viljanj7/data/Desktop/dibaru/dibaru/data/procon_corpus.jsonl,procon_corpus.jsonl#L1438
1439,Are Electronic Voting Machines the Best Method for Voting?,Whole Clean Corpus,64.56211679377752,4.167627811431885,128,/m/home/home6/63/viljanj7/data/Desktop/dibaru/dibaru/data/procon_corpus.jsonl,procon_corpus.jsonl#L1439
1440,Are Electronic Voting Machines the Best Method for Voting?,Whole Clean Corpus,47.78281607706931,3.866666078567505,81,/m/home/home6/63/viljanj7/data/Desktop/dibaru/dibaru/data/procon_corpus.jsonl,procon_corpus.jsonl#L1440
1441,Are Electronic Voting Machines the Best Method for Voting?,Whole Clean Corpus,47.582005439888725,3.862454652786255,107,/m/home/home6/63/viljanj7/data/Desktop/dibaru/dibaru/data/procon_corpus.jsonl,procon_corpus.jsonl#L1441
1442,Are Electronic Voting Machines the Best Method for Voting?,Whole Clean Corpus,36.40329630821954,3.5946593284606934,128,/m/home/home6/63/viljanj7/data/Desktop/dibaru/dibaru/data/procon_corpus.jsonl,procon_corpus.jsonl#L1442
1443,Are Electronic Voting Machines the Best Method for Voting?,Whole Clean Corpus,57.4262402792887,4.050501346588135,47,/m/home/home6/63/viljanj7/data/Desktop/dibaru/dibaru/data/procon_corpus.jsonl,procon_corpus.jsonl#L1443
1444,Are Electronic Voting Machines the Best Method for Voting?,Whole Clean Corpus,59.52816864383377,4.08644962310791,73,/m/home/home6/63/viljanj7/data/Desktop/dibaru/dibaru/data/procon_corpus.jsonl,procon_corpus.jsonl#L1444
1445,Are Electronic Voting Machines the Best Method for Voting?,Whole Clean Corpus,40.87990095631588,3.7106385231018066,70,/m/home/home6/63/viljanj7/data/Desktop/dibaru/dibaru/data/procon_corpus.jsonl,procon_corpus.jsonl#L1445
1446,Are Electronic Voting Machines the Best Method for Voting?,Whole Clean Corpus,24.668075087471333,3.205509901046753,95,/m/home/home6/63/viljanj7/data/Desktop/dibaru/dibaru/data/procon_corpus.jsonl,procon_corpus.jsonl#L1446
1447,Are Electronic Voting Machines the Best Method for Voting?,Whole Clean Corpus,45.60474892417103,3.820011854171753,76,/m/home/home6/63/viljanj7/data/Desktop/dibaru/dibaru/data/procon_corpus.jsonl,procon_corpus.jsonl#L1447
1448,Are Electronic Voting Machines the Best Method for Voting?,Whole Clean Corpus,329.8592341801681,5.798666000366211,36,/m/home/home6/63/viljanj7/data/Desktop/dibaru/dibaru/data/procon_corpus.jsonl,procon_corpus.jsonl#L1448
1449,Are Electronic Voting Machines the Best Method for Voting?,Whole Clean Corpus,39.89096413975711,3.686149835586548,69,/m/home/home6/63/viljanj7/data/Desktop/dibaru/dibaru/data/procon_corpus.jsonl,procon_corpus.jsonl#L1449
1450,Are Electronic Voting Machines the Best Method for Voting?,Whole Clean Corpus,43.534411855648784,3.7735517024993896,93,/m/home/home6/63/viljanj7/data/Desktop/dibaru/dibaru/data/procon_corpus.jsonl,procon_corpus.jsonl#L1450
1451,Are Electronic Voting Machines the Best Method for Voting?,Whole Clean Corpus,42.76338432447309,3.7556822299957275,81,/m/home/home6/63/viljanj7/data/Desktop/dibaru/dibaru/data/procon_corpus.jsonl,procon_corpus.jsonl#L1451
1452,Are Electronic Voting Machines the Best Method for Voting?,Whole Clean Corpus,49.988333874060615,3.911789655685425,67,/m/home/home6/63/viljanj7/data/Desktop/dibaru/dibaru/data/procon_corpus.jsonl,procon_corpus.jsonl#L1452
1453,Are Electronic Voting Machines the Best Method for Voting?,Whole Clean Corpus,115.6655524194594,4.750702857971191,27,/m/home/home6/63/viljanj7/data/Desktop/dibaru/dibaru/data/procon_corpus.jsonl,procon_corpus.jsonl#L1453
1454,Are Electronic Voting Machines the Best Method for Voting?,Whole Clean Corpus,36.3251977699594,3.5925116539001465,76,/m/home/home6/63/viljanj7/data/Desktop/dibaru/dibaru/data/procon_corpus.jsonl,procon_corpus.jsonl#L1454
1455,Are Electronic Voting Machines the Best Method for Voting?,Whole Clean Corpus,22.035172420181198,3.092639923095703,55,/m/home/home6/63/viljanj7/data/Desktop/dibaru/dibaru/data/procon_corpus.jsonl,procon_corpus.jsonl#L1455
1456,Are Electronic Voting Machines the Best Method for Voting?,Whole Clean Corpus,21.55164127427238,3.0704519748687744,86,/m/home/home6/63/viljanj7/data/Desktop/dibaru/dibaru/data/procon_corpus.jsonl,procon_corpus.jsonl#L1456
1457,Are Electronic Voting Machines the Best Method for Voting?,Whole Clean Corpus,23.834036954231667,3.171114683151245,32,/m/home/home6/63/viljanj7/data/Desktop/dibaru/dibaru/data/procon_corpus.jsonl,procon_corpus.jsonl#L1457
1458,Are Electronic Voting Machines the Best Method for Voting?,Whole Clean Corpus,32.77634260467939,3.4897069931030273,39,/m/home/home6/63/viljanj7/data/Desktop/dibaru/dibaru/data/procon_corpus.jsonl,procon_corpus.jsonl#L1458
1459,Are Electronic Voting Machines the Best Method for Voting?,Whole Clean Corpus,101.85880690868036,4.623587608337402,41,/m/home/home6/63/viljanj7/data/Desktop/dibaru/dibaru/data/procon_corpus.jsonl,procon_corpus.jsonl#L1459
1460,Are Electronic Voting Machines the Best Method for Voting?,Whole Clean Corpus,51.391763710813144,3.9394779205322266,211,/m/home/home6/63/viljanj7/data/Desktop/dibaru/dibaru/data/procon_corpus.jsonl,procon_corpus.jsonl#L1460
1461,Should Zoos Exist?,Whole Clean Corpus,12.266599058265376,2.506880044937134,72,/m/home/home6/63/viljanj7/data/Desktop/dibaru/dibaru/data/procon_corpus.jsonl,procon_corpus.jsonl#L1461
1462,Should Zoos Exist?,Whole Clean Corpus,41.12596842581537,3.716639757156372,33,/m/home/home6/63/viljanj7/data/Desktop/dibaru/dibaru/data/procon_corpus.jsonl,procon_corpus.jsonl#L1462
1463,Should Zoos Exist?,Whole Clean Corpus,39.98021758273825,3.688384771347046,119,/m/home/home6/63/viljanj7/data/Desktop/dibaru/dibaru/data/procon_corpus.jsonl,procon_corpus.jsonl#L1463
1464,Should Zoos Exist?,Whole Clean Corpus,40.22634552992147,3.6945221424102783,61,/m/home/home6/63/viljanj7/data/Desktop/dibaru/dibaru/data/procon_corpus.jsonl,procon_corpus.jsonl#L1464
1465,Should Zoos Exist?,Whole Clean Corpus,23.300691493143816,3.1484830379486084,78,/m/home/home6/63/viljanj7/data/Desktop/dibaru/dibaru/data/procon_corpus.jsonl,procon_corpus.jsonl#L1465
1466,Should Zoos Exist?,Whole Clean Corpus,90.43247014482179,4.504603385925293,51,/m/home/home6/63/viljanj7/data/Desktop/dibaru/dibaru/data/procon_corpus.jsonl,procon_corpus.jsonl#L1466
1467,Should Zoos Exist?,Whole Clean Corpus,59.68491927539967,4.0890793800354,56,/m/home/home6/63/viljanj7/data/Desktop/dibaru/dibaru/data/procon_corpus.jsonl,procon_corpus.jsonl#L1467
1468,Should Zoos Exist?,Whole Clean Corpus,23.321310839926767,3.149367570877075,63,/m/home/home6/63/viljanj7/data/Desktop/dibaru/dibaru/data/procon_corpus.jsonl,procon_corpus.jsonl#L1468
1469,Should Zoos Exist?,Whole Clean Corpus,27.01242845833272,3.296297073364258,111,/m/home/home6/63/viljanj7/data/Desktop/dibaru/dibaru/data/procon_corpus.jsonl,procon_corpus.jsonl#L1469
1470,Should Zoos Exist?,Whole Clean Corpus,36.15838040412708,3.5879087448120117,64,/m/home/home6/63/viljanj7/data/Desktop/dibaru/dibaru/data/procon_corpus.jsonl,procon_corpus.jsonl#L1470
1471,Should Zoos Exist?,Whole Clean Corpus,58.74507844624056,4.073207378387451,102,/m/home/home6/63/viljanj7/data/Desktop/dibaru/dibaru/data/procon_corpus.jsonl,procon_corpus.jsonl#L1471
1472,Should Zoos Exist?,Whole Clean Corpus,45.87306581020637,3.825878143310547,121,/m/home/home6/63/viljanj7/data/Desktop/dibaru/dibaru/data/procon_corpus.jsonl,procon_corpus.jsonl#L1472
1473,Should Zoos Exist?,Whole Clean Corpus,18.268914572483535,2.905200958251953,72,/m/home/home6/63/viljanj7/data/Desktop/dibaru/dibaru/data/procon_corpus.jsonl,procon_corpus.jsonl#L1473
1474,Should Zoos Exist?,Whole Clean Corpus,14.157796407922728,2.6502654552459717,49,/m/home/home6/63/viljanj7/data/Desktop/dibaru/dibaru/data/procon_corpus.jsonl,procon_corpus.jsonl#L1474
1475,Should Zoos Exist?,Whole Clean Corpus,25.751274851338554,3.2484841346740723,67,/m/home/home6/63/viljanj7/data/Desktop/dibaru/dibaru/data/procon_corpus.jsonl,procon_corpus.jsonl#L1475
1476,Should Zoos Exist?,Whole Clean Corpus,31.012424741098286,3.4343879222869873,149,/m/home/home6/63/viljanj7/data/Desktop/dibaru/dibaru/data/procon_corpus.jsonl,procon_corpus.jsonl#L1476
1477,Should Zoos Exist?,Whole Clean Corpus,31.063729305337393,3.4360408782958984,70,/m/home/home6/63/viljanj7/data/Desktop/dibaru/dibaru/data/procon_corpus.jsonl,procon_corpus.jsonl#L1477
1478,Should Zoos Exist?,Whole Clean Corpus,64.12683523101997,4.160862922668457,76,/m/home/home6/63/viljanj7/data/Desktop/dibaru/dibaru/data/procon_corpus.jsonl,procon_corpus.jsonl#L1478
